{"textures":{"0":"modelengine:entity/elk"},"elements":[{"from":[7.5,0.50000095,-7.0],"to":[7.5,4.500001,14.0],"faces":{"east":{"uv":[5.8625,3.0125,3.2625,3.4875],"tintindex":0,"rotation":0,"texture":"#0"},"west":{"uv":[3.2625,3.0125,5.8625,3.4875],"tintindex":0,"rotation":0,"texture":"#0"}}},{"from":[3.5,10.377974,12.120613],"to":[11.5,10.377974,18.120613],"faces":{"up":{"uv":[6.8625,3.2375,5.8875,2.5125],"tintindex":0,"rotation":0,"texture":"#0"},"down":{"uv":[6.8625,2.5125,5.8875,3.2375],"tintindex":0,"rotation":0,"texture":"#0"}},"rotation":{"origin":[7.5,10.377974,15.120613],"angle":45.0,"axis":"x"}},{"from":[3.5,2.500001,-5.0],"to":[11.5,12.5,13.0],"faces":{"east":{"uv":[0.0125,0.0125,2.2375,1.2375],"tintindex":0,"rotation":0,"texture":"#0"},"south":{"uv":[4.3875,0.0125,5.3625,1.2375],"tintindex":0,"rotation":0,"texture":"#0"},"north":{"uv":[1.1375,3.7625,2.1125,4.9875],"tintindex":0,"rotation":0,"texture":"#0"},"west":{"uv":[0.0125,1.2625,2.2375,2.4875],"tintindex":0,"rotation":0,"texture":"#0"},"up":{"uv":[3.2375,2.2375,2.2625,0.0125],"tintindex":0,"rotation":0,"texture":"#0"},"down":{"uv":[3.2375,2.2625,2.2625,4.4875],"tintindex":0,"rotation":0,"texture":"#0"}}}],"display":{"gui":{"rotation":[30,225,0]}}}