{"textures":{"0":"modelengine:entity/elk"},"elements":[{"from":[6.0,5.195532,3.5443325],"to":[11.0,11.195532,9.5443325],"faces":{"east":{"uv":[3.3875,6.5125,4.1125,7.2375],"tintindex":0,"rotation":0,"texture":"#0"},"south":{"uv":[6.8875,2.1375,7.4875,2.8625],"tintindex":0,"rotation":0,"texture":"#0"},"north":{"uv":[6.8875,1.3875,7.4875,2.1125],"tintindex":0,"rotation":0,"texture":"#0"},"west":{"uv":[6.6375,4.3875,7.3625,5.1125],"tintindex":0,"rotation":0,"texture":"#0"},"up":{"uv":[7.4875,3.6125,6.8875,2.8875],"tintindex":0,"rotation":0,"texture":"#0"},"down":{"uv":[7.4875,3.6375,6.8875,4.3625],"tintindex":0,"rotation":0,"texture":"#0"}}},{"from":[10.267767,7.195532,11.312099],"to":[15.267767,11.195532,11.312099],"faces":{"south":{"uv":[3.1375,7.2625,3.7375,7.7375],"tintindex":0,"rotation":0,"texture":"#0"},"north":{"uv":[3.7375,7.2625,3.1375,7.7375],"tintindex":0,"rotation":0,"texture":"#0"}},"rotation":{"origin":[12.767767,9.195532,11.312099],"angle":-45.0,"axis":"y"}},{"from":[6.5,6.195532,-1.4556675],"to":[10.5,10.195532,3.5443325],"faces":{"east":{"uv":[7.2625,7.2625,7.8625,7.7375],"tintindex":0,"rotation":0,"texture":"#0"},"south":{"uv":[7.5125,2.5125,7.9875,2.9875],"tintindex":0,"rotation":0,"texture":"#0"},"north":{"uv":[7.5125,2.0125,7.9875,2.4875],"tintindex":0,"rotation":0,"texture":"#0"},"west":{"uv":[0.5125,7.3875,1.1125,7.8625],"tintindex":0,"rotation":0,"texture":"#0"},"up":{"uv":[7.8625,4.9875,7.3875,4.3875],"tintindex":0,"rotation":0,"texture":"#0"},"down":{"uv":[7.8625,5.0125,7.3875,5.6125],"tintindex":0,"rotation":0,"texture":"#0"}}},{"from":[1.732233,7.195532,11.312099],"to":[6.732233,11.195532,11.312099],"faces":{"south":{"uv":[3.7375,7.2625,3.1375,7.7375],"tintindex":0,"rotation":0,"texture":"#0"},"north":{"uv":[3.1375,7.2625,3.7375,7.7375],"tintindex":0,"rotation":0,"texture":"#0"}},"rotation":{"origin":[4.232233,9.195532,11.312099],"angle":45.0,"axis":"y"}},{"from":[7.0,6.0,0.5],"to":[10.0,8.0,4.5],"faces":{"east":{"uv":[8.0125,2.6375,8.4875,2.8625],"tintindex":0,"rotation":0,"texture":"#0"},"south":{"uv":[1.1375,8.1375,1.4875,8.3625],"tintindex":0,"rotation":0,"texture":"#0"},"north":{"uv":[8.0125,7.8875,8.3625,8.1125],"tintindex":0,"rotation":0,"texture":"#0"},"west":{"uv":[8.0125,2.8875,8.4875,3.1125],"tintindex":0,"rotation":0,"texture":"#0"},"up":{"uv":[6.8625,8.2375,6.5125,7.7625],"tintindex":0,"rotation":0,"texture":"#0"},"down":{"uv":[7.2375,7.7625,6.8875,8.2375],"tintindex":0,"rotation":0,"texture":"#0"}},"rotation":{"origin":[8.0,8.0,2.0],"angle":22.5,"axis":"x"}}],"display":{"gui":{"rotation":[30,225,0]}}}