{"textures":{"0":"modelengine:entity/elk"},"elements":[{"from":[6.5,2.998703,4.9855547],"to":[9.5,7.998703,7.9855547],"faces":{"east":{"uv":[4.1375,7.5125,4.4875,8.1125],"tintindex":0,"rotation":0,"texture":"#0"},"south":{"uv":[7.6375,0.0125,7.9875,0.6125],"tintindex":0,"rotation":0,"texture":"#0"},"north":{"uv":[3.7625,7.2625,4.1125,7.8625],"tintindex":0,"rotation":0,"texture":"#0"},"west":{"uv":[7.6375,0.6375,7.9875,1.2375],"tintindex":0,"rotation":0,"texture":"#0"},"up":{"uv":[8.2375,6.2375,7.8875,5.8875],"tintindex":0,"rotation":0,"texture":"#0"},"down":{"uv":[8.2375,6.2625,7.8875,6.6125],"tintindex":0,"rotation":0,"texture":"#0"}}}],"display":{"gui":{"rotation":[30,225,0]}}}