{"textures":{"0":"modelengine:entity/elk"},"elements":[{"from":[6.55,3.1509433,7.25],"to":[9.55,5.1509433,10.25],"faces":{"east":{"uv":[6.1125,8.1375,5.7625,8.3625],"tintindex":0,"rotation":0,"texture":"#0"},"south":{"uv":[5.7375,8.1375,5.3875,8.3625],"tintindex":0,"rotation":0,"texture":"#0"},"north":{"uv":[4.9875,8.1375,4.6375,8.3625],"tintindex":0,"rotation":0,"texture":"#0"},"west":{"uv":[5.3625,8.1375,5.0125,8.3625],"tintindex":0,"rotation":0,"texture":"#0"},"up":{"uv":[8.0125,2.2375,8.3625,1.8875],"tintindex":0,"rotation":0,"texture":"#0"},"down":{"uv":[8.0125,2.2625,8.3625,2.6125],"tintindex":0,"rotation":0,"texture":"#0"}}},{"from":[6.45,3.8772092,5.598814],"to":[9.65,5.877209,9.598814],"faces":{"east":{"uv":[8.4875,3.3875,8.0125,3.6125],"tintindex":0,"rotation":0,"texture":"#0"},"south":{"uv":[4.6125,8.1375,4.2625,8.3625],"tintindex":0,"rotation":0,"texture":"#0"},"north":{"uv":[4.2375,8.1375,3.8875,8.3625],"tintindex":0,"rotation":0,"texture":"#0"},"west":{"uv":[8.4875,3.1375,8.0125,3.3625],"tintindex":0,"rotation":0,"texture":"#0"},"up":{"uv":[7.2625,8.2375,7.6125,7.7625],"tintindex":0,"rotation":0,"texture":"#0"},"down":{"uv":[7.6375,7.7625,7.9875,8.2375],"tintindex":0,"rotation":0,"texture":"#0"}},"rotation":{"origin":[8.0,1.8772097,8.098814],"angle":22.5,"axis":"x"}},{"from":[6.55,4.998702,8.0153675],"to":[9.55,7.998702,11.0153675],"faces":{"east":{"uv":[8.3625,0.7625,8.0125,1.1125],"tintindex":0,"rotation":0,"texture":"#0"},"south":{"uv":[8.3625,0.3875,8.0125,0.7375],"tintindex":0,"rotation":0,"texture":"#0"},"north":{"uv":[8.2375,7.2625,7.8875,7.6125],"tintindex":0,"rotation":0,"texture":"#0"},"west":{"uv":[8.3625,0.0125,8.0125,0.3625],"tintindex":0,"rotation":0,"texture":"#0"},"up":{"uv":[8.0125,1.4875,8.3625,1.1375],"tintindex":0,"rotation":0,"texture":"#0"},"down":{"uv":[8.0125,1.5125,8.3625,1.8625],"tintindex":0,"rotation":0,"texture":"#0"}}}],"display":{"gui":{"rotation":[30,225,0]}}}