{"textures":{"0":"modelengine:entity/elk"},"elements":[{"from":[6.5,-4.5,3.75],"to":[9.5,-0.5,6.75],"faces":{"east":{"uv":[5.1375,7.6375,5.4875,8.1125],"tintindex":0,"rotation":0,"texture":"#0"},"south":{"uv":[5.5125,7.6375,5.8625,8.1125],"tintindex":0,"rotation":0,"texture":"#0"},"north":{"uv":[1.7625,5.0125,2.1125,5.4875],"tintindex":0,"rotation":0,"texture":"#0"},"west":{"uv":[5.8875,7.6375,6.2375,8.1125],"tintindex":0,"rotation":0,"texture":"#0"},"up":{"uv":[0.7375,8.2375,0.3875,7.8875],"tintindex":0,"rotation":0,"texture":"#0"},"down":{"uv":[1.1125,7.8875,0.7625,8.2375],"tintindex":0,"rotation":0,"texture":"#0"}},"rotation":{"origin":[8.0,2.0,8.0],"angle":-45.0,"axis":"x"}},{"from":[5.5,0.76256275,3.2270293],"to":[10.5,9.762562,11.22703],"faces":{"east":{"uv":[4.3875,1.2625,5.3625,2.3625],"tintindex":0,"rotation":0,"texture":"#0"},"south":{"uv":[6.2625,3.2625,6.8625,4.3625],"tintindex":0,"rotation":0,"texture":"#0"},"north":{"uv":[0.7625,6.2625,1.3625,7.3625],"tintindex":0,"rotation":0,"texture":"#0"},"west":{"uv":[4.3875,3.5125,5.3625,4.6125],"tintindex":0,"rotation":0,"texture":"#0"},"up":{"uv":[1.9875,7.4875,1.3875,6.5125],"tintindex":0,"rotation":0,"texture":"#0"},"down":{"uv":[2.6125,6.5125,2.0125,7.4875],"tintindex":0,"rotation":0,"texture":"#0"}}},{"from":[6.0,-0.6767769,3.823223],"to":[10.0,4.323223,9.823223],"faces":{"east":{"uv":[6.6375,6.6375,7.3625,7.2375],"tintindex":0,"rotation":0,"texture":"#0"},"south":{"uv":[5.6375,7.0125,6.1125,7.6125],"tintindex":0,"rotation":0,"texture":"#0"},"north":{"uv":[5.1375,7.0125,5.6125,7.6125],"tintindex":0,"rotation":0,"texture":"#0"},"west":{"uv":[6.8875,0.7625,7.6125,1.3625],"tintindex":0,"rotation":0,"texture":"#0"},"up":{"uv":[7.3625,5.8625,6.8875,5.1375],"tintindex":0,"rotation":0,"texture":"#0"},"down":{"uv":[7.3625,5.8875,6.8875,6.6125],"tintindex":0,"rotation":0,"texture":"#0"}},"rotation":{"origin":[8.0,1.8232231,7.823223],"angle":-45.0,"axis":"x"}}],"display":{"gui":{"rotation":[30,225,0]}}}