{"textures":{"0":"modelengine:entity/elk"},"elements":[{"from":[7.5,4.9999995,-2.5],"to":[9.5,8.0,3.4999995],"faces":{"east":{"uv":[7.3875,6.8875,8.1125,7.2375],"tintindex":0,"rotation":0,"texture":"#0"},"south":{"uv":[6.6375,5.1375,6.8625,5.4875],"tintindex":0,"rotation":0,"texture":"#0"},"north":{"uv":[0.7625,5.8875,0.9875,6.2375],"tintindex":0,"rotation":0,"texture":"#0"},"west":{"uv":[1.6375,7.5125,2.3625,7.8625],"tintindex":0,"rotation":0,"texture":"#0"},"up":{"uv":[2.6125,8.2375,2.3875,7.5125],"tintindex":0,"rotation":0,"texture":"#0"},"down":{"uv":[6.4875,7.6375,6.2625,8.3625],"tintindex":0,"rotation":0,"texture":"#0"}},"rotation":{"origin":[8.0,14.5,4.7499995],"angle":-45.0,"axis":"x"}}],"display":{"gui":{"rotation":[30,225,0]}}}