{"textures":{"0":"modelengine:entity/elk"},"elements":[{"from":[6.5,-1.8785076,5.9165535],"to":[10.5,3.1214924,9.9165535],"faces":{"east":{"uv":[7.3875,6.2625,7.8625,6.8625],"tintindex":0,"rotation":0,"texture":"#0"},"south":{"uv":[1.1375,7.5125,1.6125,8.1125],"tintindex":0,"rotation":0,"texture":"#0"},"north":{"uv":[7.3875,5.6375,7.8625,6.2375],"tintindex":0,"rotation":0,"texture":"#0"},"west":{"uv":[7.5125,1.3875,7.9875,1.9875],"tintindex":0,"rotation":0,"texture":"#0"},"up":{"uv":[7.9875,3.4875,7.5125,3.0125],"tintindex":0,"rotation":0,"texture":"#0"},"down":{"uv":[7.9875,3.5125,7.5125,3.9875],"tintindex":0,"rotation":0,"texture":"#0"}}},{"from":[6.5,3.1214924,5.9165535],"to":[10.5,11.121492,11.9165535],"faces":{"east":{"uv":[6.1375,0.7625,6.8625,1.7375],"tintindex":0,"rotation":0,"texture":"#0"},"south":{"uv":[6.1375,6.6375,6.6125,7.6125],"tintindex":0,"rotation":0,"texture":"#0"},"north":{"uv":[4.1375,6.5125,4.6125,7.4875],"tintindex":0,"rotation":0,"texture":"#0"},"west":{"uv":[6.1375,5.6375,6.8625,6.6125],"tintindex":0,"rotation":0,"texture":"#0"},"up":{"uv":[0.4875,7.7375,0.0125,7.0125],"tintindex":0,"rotation":0,"texture":"#0"},"down":{"uv":[5.1125,7.0125,4.6375,7.7375],"tintindex":0,"rotation":0,"texture":"#0"}}}],"display":{"gui":{"rotation":[30,225,0]}}}