{"textures":{"0":"modelengine:entity/elk"},"elements":[{"from":[9.499213,9.5412655,-0.8559418],"to":[9.499213,12.5412655,3.1440582],"faces":{"east":{"uv":[4.9875,7.7625,4.5125,8.1125],"tintindex":0,"rotation":0,"texture":"#0"},"west":{"uv":[4.5125,7.7625,4.9875,8.1125],"tintindex":0,"rotation":0,"texture":"#0"}},"rotation":{"origin":[9.499213,16.541265,1.1440582],"angle":-22.5,"axis":"y"}},{"from":[-1.0,7.5412655,0.99842644],"to":[5.0,17.541265,0.99842644],"faces":{"south":{"uv":[6.1125,0.0125,5.3875,1.2375],"tintindex":0,"rotation":0,"texture":"#0"},"north":{"uv":[5.3875,0.0125,6.1125,1.2375],"tintindex":0,"rotation":0,"texture":"#0"}},"rotation":{"origin":[2.0,12.5412655,0.99842644],"angle":-45.0,"axis":"y"}},{"from":[4.0,7.5412655,2.9984264],"to":[10.0,17.541265,2.9984264],"faces":{"south":{"uv":[1.7375,5.0125,1.0125,6.2375],"tintindex":0,"rotation":0,"texture":"#0"},"north":{"uv":[1.0125,5.0125,1.7375,6.2375],"tintindex":0,"rotation":0,"texture":"#0"}}},{"from":[2.0,17.250002,1.5],"to":[10.0,25.250002,1.5],"faces":{"south":{"uv":[5.1125,4.6375,4.1375,5.6125],"tintindex":0,"rotation":0,"texture":"#0"},"north":{"uv":[4.1375,4.6375,5.1125,5.6125],"tintindex":0,"rotation":0,"texture":"#0"}},"rotation":{"origin":[6.0,21.250002,1.5],"angle":-22.5,"axis":"x"}},{"from":[6.0,8.0412655,2.9984264],"to":[10.0,8.0412655,7.9984264],"faces":{"up":{"uv":[3.1125,7.8625,2.6375,7.2625],"tintindex":0,"rotation":0,"texture":"#0"},"down":{"uv":[3.1125,7.2625,2.6375,7.8625],"tintindex":0,"rotation":0,"texture":"#0"}},"rotation":{"origin":[8.0,8.0412655,5.9984264],"angle":-22.5,"axis":"z"}}],"display":{"gui":{"rotation":[30,225,0]}}}