{"textures":{"0":"modelengine:entity/elk"},"elements":[{"from":[6.45,4.998702,8.0153675],"to":[9.45,7.9987025,11.0153675],"faces":{"east":{"uv":[2.0125,7.8875,2.3625,8.2375],"tintindex":0,"rotation":0,"texture":"#0"},"south":{"uv":[2.6375,7.8875,2.9875,8.2375],"tintindex":0,"rotation":0,"texture":"#0"},"north":{"uv":[1.6375,7.8875,1.9875,8.2375],"tintindex":0,"rotation":0,"texture":"#0"},"west":{"uv":[3.5125,7.8875,3.8625,8.2375],"tintindex":0,"rotation":0,"texture":"#0"},"up":{"uv":[8.2375,4.7375,7.8875,4.3875],"tintindex":0,"rotation":0,"texture":"#0"},"down":{"uv":[8.2375,4.7625,7.8875,5.1125],"tintindex":0,"rotation":0,"texture":"#0"}}},{"from":[6.35,3.8772097,5.598814],"to":[9.55,5.8772097,9.598814],"faces":{"east":{"uv":[4.6375,5.6375,5.1125,5.8625],"tintindex":0,"rotation":0,"texture":"#0"},"south":{"uv":[1.3875,6.2625,1.7375,6.4875],"tintindex":0,"rotation":0,"texture":"#0"},"north":{"uv":[5.8875,3.2625,6.2375,3.4875],"tintindex":0,"rotation":0,"texture":"#0"},"west":{"uv":[7.8875,6.6375,8.3625,6.8625],"tintindex":0,"rotation":0,"texture":"#0"},"up":{"uv":[0.3625,8.2375,0.0125,7.7625],"tintindex":0,"rotation":0,"texture":"#0"},"down":{"uv":[3.4875,7.7625,3.1375,8.2375],"tintindex":0,"rotation":0,"texture":"#0"}},"rotation":{"origin":[8.0,1.8772092,8.098814],"angle":22.5,"axis":"x"}},{"from":[6.45,3.1509433,7.25],"to":[9.45,5.1509433,10.25],"faces":{"east":{"uv":[8.0125,3.8875,8.3625,4.1125],"tintindex":0,"rotation":0,"texture":"#0"},"south":{"uv":[8.0125,4.1375,8.3625,4.3625],"tintindex":0,"rotation":0,"texture":"#0"},"north":{"uv":[8.0125,3.6375,8.3625,3.8625],"tintindex":0,"rotation":0,"texture":"#0"},"west":{"uv":[8.0125,7.6375,8.3625,7.8625],"tintindex":0,"rotation":0,"texture":"#0"},"up":{"uv":[8.2375,5.4875,7.8875,5.1375],"tintindex":0,"rotation":0,"texture":"#0"},"down":{"uv":[8.2375,5.5125,7.8875,5.8625],"tintindex":0,"rotation":0,"texture":"#0"}}}],"display":{"gui":{"rotation":[30,225,0]}}}