{"textures":{"0":"modelengine:entity/elk"},"elements":[{"from":[5.5,7.8955326,5.444332],"to":[11.5,16.895533,11.444332],"faces":{"east":{"uv":[5.8875,4.5125,6.6125,5.6125],"tintindex":0,"rotation":0,"texture":"#0"},"south":{"uv":[4.6375,5.8875,5.3625,6.9875],"tintindex":0,"rotation":0,"texture":"#0"},"north":{"uv":[0.0125,5.8875,0.7375,6.9875],"tintindex":0,"rotation":0,"texture":"#0"},"west":{"uv":[5.3875,5.8875,6.1125,6.9875],"tintindex":0,"rotation":0,"texture":"#0"},"up":{"uv":[6.8625,2.4875,6.1375,1.7625],"tintindex":0,"rotation":0,"texture":"#0"},"down":{"uv":[3.3625,6.5125,2.6375,7.2375],"tintindex":0,"rotation":0,"texture":"#0"}},"rotation":{"origin":[8.5,14.395533,6.444332],"angle":-22.5,"axis":"x"}}],"display":{"gui":{"rotation":[30,225,0]}}}