{"textures":{"0":"modelengine:entity/elk"},"elements":[{"from":[6.5,2.998703,4.9855547],"to":[9.5,7.998703,7.9855547],"faces":{"east":{"uv":[7.9875,0.6375,7.6375,1.2375],"tintindex":0,"rotation":0,"texture":"#0"},"south":{"uv":[7.9875,0.0125,7.6375,0.6125],"tintindex":0,"rotation":0,"texture":"#0"},"north":{"uv":[4.1125,7.2625,3.7625,7.8625],"tintindex":0,"rotation":0,"texture":"#0"},"west":{"uv":[4.4875,7.5125,4.1375,8.1125],"tintindex":0,"rotation":0,"texture":"#0"},"up":{"uv":[7.8875,6.2375,8.2375,5.8875],"tintindex":0,"rotation":0,"texture":"#0"},"down":{"uv":[7.8875,6.2625,8.2375,6.6125],"tintindex":0,"rotation":0,"texture":"#0"}}}],"display":{"gui":{"rotation":[30,225,0]}}}