{"textures":{"0":"modelengine:entity/elk"},"elements":[{"from":[11.0,7.5412655,0.99842644],"to":[17.0,17.541265,0.99842644],"faces":{"south":{"uv":[5.3875,0.0125,6.1125,1.2375],"tintindex":0,"rotation":0,"texture":"#0"},"north":{"uv":[6.1125,0.0125,5.3875,1.2375],"tintindex":0,"rotation":0,"texture":"#0"}},"rotation":{"origin":[14.0,12.5412655,0.99842644],"angle":45.0,"axis":"y"}},{"from":[6.0,17.250002,1.5],"to":[14.0,25.250002,1.5],"faces":{"south":{"uv":[4.1375,4.6375,5.1125,5.6125],"tintindex":0,"rotation":0,"texture":"#0"},"north":{"uv":[5.1125,4.6375,4.1375,5.6125],"tintindex":0,"rotation":0,"texture":"#0"}},"rotation":{"origin":[10.0,21.250002,1.5],"angle":-22.5,"axis":"x"}},{"from":[6.0,8.0412655,2.9984264],"to":[10.0,8.0412655,7.9984264],"faces":{"up":{"uv":[2.6375,7.8625,3.1125,7.2625],"tintindex":0,"rotation":0,"texture":"#0"},"down":{"uv":[2.6375,7.2625,3.1125,7.8625],"tintindex":0,"rotation":0,"texture":"#0"}},"rotation":{"origin":[8.0,8.0412655,5.9984264],"angle":22.5,"axis":"z"}},{"from":[6.0,7.5412655,2.9984264],"to":[12.0,17.541265,2.9984264],"faces":{"south":{"uv":[1.0125,5.0125,1.7375,6.2375],"tintindex":0,"rotation":0,"texture":"#0"},"north":{"uv":[1.7375,5.0125,1.0125,6.2375],"tintindex":0,"rotation":0,"texture":"#0"}}},{"from":[6.500787,9.5412655,-0.8559418],"to":[6.500787,12.5412655,3.1440582],"faces":{"east":{"uv":[4.9875,7.7625,4.5125,8.1125],"tintindex":0,"rotation":0,"texture":"#0"},"west":{"uv":[4.5125,7.7625,4.9875,8.1125],"tintindex":0,"rotation":0,"texture":"#0"}},"rotation":{"origin":[6.500787,16.541265,1.1440582],"angle":22.5,"axis":"y"}}],"display":{"gui":{"rotation":[30,225,0]}}}