{"textures":{"0":"modelengine:entity/elk"},"elements":[{"from":[6.45,3.8772097,5.598814],"to":[9.65,5.8772097,9.598814],"faces":{"east":{"uv":[8.3625,6.6375,7.8875,6.8625],"tintindex":0,"rotation":0,"texture":"#0"},"south":{"uv":[1.7375,6.2625,1.3875,6.4875],"tintindex":0,"rotation":0,"texture":"#0"},"north":{"uv":[6.2375,3.2625,5.8875,3.4875],"tintindex":0,"rotation":0,"texture":"#0"},"west":{"uv":[5.1125,5.6375,4.6375,5.8625],"tintindex":0,"rotation":0,"texture":"#0"},"up":{"uv":[0.0125,8.2375,0.3625,7.7625],"tintindex":0,"rotation":0,"texture":"#0"},"down":{"uv":[3.1375,7.7625,3.4875,8.2375],"tintindex":0,"rotation":0,"texture":"#0"}},"rotation":{"origin":[8.0,1.8772092,8.098814],"angle":22.5,"axis":"x"}},{"from":[6.55,4.998702,8.0153675],"to":[9.55,7.9987025,11.0153675],"faces":{"east":{"uv":[3.8625,7.8875,3.5125,8.2375],"tintindex":0,"rotation":0,"texture":"#0"},"south":{"uv":[2.9875,7.8875,2.6375,8.2375],"tintindex":0,"rotation":0,"texture":"#0"},"north":{"uv":[1.9875,7.8875,1.6375,8.2375],"tintindex":0,"rotation":0,"texture":"#0"},"west":{"uv":[2.3625,7.8875,2.0125,8.2375],"tintindex":0,"rotation":0,"texture":"#0"},"up":{"uv":[7.8875,4.7375,8.2375,4.3875],"tintindex":0,"rotation":0,"texture":"#0"},"down":{"uv":[7.8875,4.7625,8.2375,5.1125],"tintindex":0,"rotation":0,"texture":"#0"}}},{"from":[6.55,3.1509433,7.25],"to":[9.55,5.1509433,10.25],"faces":{"east":{"uv":[8.3625,7.6375,8.0125,7.8625],"tintindex":0,"rotation":0,"texture":"#0"},"south":{"uv":[8.3625,4.1375,8.0125,4.3625],"tintindex":0,"rotation":0,"texture":"#0"},"north":{"uv":[8.3625,3.6375,8.0125,3.8625],"tintindex":0,"rotation":0,"texture":"#0"},"west":{"uv":[8.3625,3.8875,8.0125,4.1125],"tintindex":0,"rotation":0,"texture":"#0"},"up":{"uv":[7.8875,5.4875,8.2375,5.1375],"tintindex":0,"rotation":0,"texture":"#0"},"down":{"uv":[7.8875,5.5125,8.2375,5.8625],"tintindex":0,"rotation":0,"texture":"#0"}}}],"display":{"gui":{"rotation":[30,225,0]}}}