{"textures":{"0":"modelengine:entity/pebbles"},"elements":[{"from":[10.5,7.5,10.25],"to":[12.5,8.5,13.25],"faces":{"east":{"uv":[4.0,12.0,7.0,13.0],"tintindex":0,"rotation":0,"texture":"#0"},"south":{"uv":[8.0,13.0,10.0,14.0],"tintindex":0,"rotation":0,"texture":"#0"},"north":{"uv":[0.0,13.0,2.0,14.0],"tintindex":0,"rotation":0,"texture":"#0"},"west":{"uv":[11.0,12.0,14.0,13.0],"tintindex":0,"rotation":0,"texture":"#0"},"up":{"uv":[10.0,3.0,8.0,0.0],"tintindex":0,"rotation":0,"texture":"#0"},"down":{"uv":[10.0,0.0,8.0,3.0],"tintindex":0,"rotation":0,"texture":"#0"}}},{"from":[8.5,7.5,3.25],"to":[11.5,8.5,6.25],"faces":{"east":{"uv":[11.0,4.0,14.0,5.0],"tintindex":0,"rotation":0,"texture":"#0"},"south":{"uv":[0.0,11.0,3.0,12.0],"tintindex":0,"rotation":0,"texture":"#0"},"north":{"uv":[11.0,2.0,14.0,3.0],"tintindex":0,"rotation":0,"texture":"#0"},"west":{"uv":[11.0,0.0,14.0,1.0],"tintindex":0,"rotation":0,"texture":"#0"},"up":{"uv":[3.0,8.0,0.0,5.0],"tintindex":0,"rotation":180,"texture":"#0"},"down":{"uv":[3.0,5.0,0.0,8.0],"tintindex":0,"rotation":180,"texture":"#0"}}},{"from":[3.5,7.5,4.25],"to":[5.5,8.5,6.25],"faces":{"east":{"uv":[13.0,8.0,15.0,9.0],"tintindex":0,"rotation":0,"texture":"#0"},"south":{"uv":[3.0,14.0,5.0,15.0],"tintindex":0,"rotation":0,"texture":"#0"},"north":{"uv":[14.0,14.0,16.0,15.0],"tintindex":0,"rotation":0,"texture":"#0"},"west":{"uv":[11.0,14.0,13.0,15.0],"tintindex":0,"rotation":0,"texture":"#0"},"up":{"uv":[7.0,11.0,5.0,9.0],"tintindex":0,"rotation":90,"texture":"#0"},"down":{"uv":[5.0,11.0,7.0,9.0],"tintindex":0,"rotation":90,"texture":"#0"}}},{"from":[4.5,7.5,8.25],"to":[7.5,8.5,12.25],"faces":{"east":{"uv":[8.0,8.0,12.0,9.0],"tintindex":0,"rotation":0,"texture":"#0"},"south":{"uv":[11.0,10.0,14.0,11.0],"tintindex":0,"rotation":0,"texture":"#0"},"north":{"uv":[11.0,6.0,14.0,7.0],"tintindex":0,"rotation":0,"texture":"#0"},"west":{"uv":[0.0,9.0,4.0,10.0],"tintindex":0,"rotation":0,"texture":"#0"},"up":{"uv":[3.0,4.0,0.0,0.0],"tintindex":0,"rotation":0,"texture":"#0"},"down":{"uv":[3.0,0.0,0.0,4.0],"tintindex":0,"rotation":0,"texture":"#0"}}}],"display":{"gui":{"rotation":[30,225,0]}}}