{"textures":{"0":"modelengine:entity/horse_magma"},"elements":[{"from":[6.0,-1.5,6.0],"to":[10.0,8.5,10.0],"faces":{"east":{"uv":[5.75,1.0,6.0,1.625],"tintindex":0,"rotation":0,"texture":"#0"},"south":{"uv":[5.75,1.6875,6.0,2.3125],"tintindex":0,"rotation":0,"texture":"#0"},"north":{"uv":[1.0,5.6875,1.25,6.3125],"tintindex":0,"rotation":0,"texture":"#0"},"west":{"uv":[1.6875,5.8125,1.9375,6.4375],"tintindex":0,"rotation":0,"texture":"#0"},"up":{"uv":[4.5,3.0625,4.25,2.8125],"tintindex":0,"rotation":0,"texture":"#0"},"down":{"uv":[7.0625,0.6875,6.8125,0.9375],"tintindex":0,"rotation":0,"texture":"#0"}}},{"from":[8.0,-1.5,10.0],"to":[8.0,8.5,15.0],"faces":{"east":{"uv":[5.5625,0.0,5.25,0.625],"tintindex":0,"rotation":0,"texture":"#0"},"west":{"uv":[5.25,0.0,5.5625,0.625],"tintindex":0,"rotation":0,"texture":"#0"}}},{"from":[5.0,-3.5,5.0000005],"to":[11.0,-1.5,11.0],"faces":{"east":{"uv":[6.9375,3.0,7.3125,3.125],"tintindex":0,"rotation":0,"texture":"#0"},"south":{"uv":[3.125,6.9375,3.5,7.0625],"tintindex":0,"rotation":0,"texture":"#0"},"north":{"uv":[3.25,3.9375,3.625,4.0625],"tintindex":0,"rotation":0,"texture":"#0"},"west":{"uv":[6.9375,3.1875,7.3125,3.3125],"tintindex":0,"rotation":0,"texture":"#0"},"up":{"uv":[6.5625,6.0625,6.1875,5.6875],"tintindex":0,"rotation":0,"texture":"#0"},"down":{"uv":[6.5625,6.125,6.1875,6.5],"tintindex":0,"rotation":0,"texture":"#0"}}}],"display":{"gui":{"rotation":[30,225,0]}}}