{"textures":{"0":"modelengine:entity/horse_magma"},"elements":[{"from":[5.5,-8.679321,2.2271733],"to":[10.5,-2.6793222,7.227173],"faces":{"east":{"uv":[1.375,6.5,1.6875,6.875],"tintindex":0,"rotation":0,"texture":"#0"},"south":{"uv":[1.75,6.5,2.0625,6.875],"tintindex":0,"rotation":0,"texture":"#0"},"north":{"uv":[4.75,1.5,5.0625,1.875],"tintindex":0,"rotation":0,"texture":"#0"},"west":{"uv":[2.125,6.5,2.4375,6.875],"tintindex":0,"rotation":0,"texture":"#0"},"up":{"uv":[4.1875,1.5625,3.875,1.25],"tintindex":0,"rotation":0,"texture":"#0"},"down":{"uv":[6.9375,6.125,6.625,6.4375],"tintindex":0,"rotation":0,"texture":"#0"}},"rotation":{"origin":[8.0,6.5391865,-6.843169],"angle":-45.0,"axis":"x"}}],"display":{"gui":{"rotation":[30,225,0]}}}