{"textures":{"0":"modelengine:entity/horse_magma"},"elements":[{"from":[2.0,4.6980343,-0.8266411],"to":[14.0,16.698034,13.173359],"faces":{"east":{"uv":[0.9375,2.125,1.8125,2.875],"tintindex":0,"rotation":0,"texture":"#0"},"south":{"uv":[3.0625,0.8125,3.8125,1.5625],"tintindex":0,"rotation":0,"texture":"#0"},"north":{"uv":[3.0625,0.8125,3.8125,1.5625],"tintindex":0,"rotation":0,"texture":"#0"},"west":{"uv":[1.875,2.25,2.75,3.0],"tintindex":0,"rotation":0,"texture":"#0"},"up":{"uv":[0.75,3.375,0.0,2.5],"tintindex":0,"rotation":0,"texture":"#0"},"down":{"uv":[3.5625,2.25,2.8125,3.125],"tintindex":0,"rotation":0,"texture":"#0"}}}],"display":{"gui":{"rotation":[30,225,0]}}}