{"textures":{"0":"modelengine:entity/dungeon_candleabra"},"elements":[{"from":[7.75,8.0,10.0],"to":[8.25,9.5,10.5],"faces":{"east":{"uv":[6.0,4.5,5.5,6.0],"tintindex":0,"rotation":0,"texture":"#0"},"south":{"uv":[6.0,3.0,5.5,4.5],"tintindex":0,"rotation":0,"texture":"#0"},"north":{"uv":[3.5,6.0,3.0,7.5],"tintindex":0,"rotation":0,"texture":"#0"},"west":{"uv":[6.5,3.0,6.0,4.5],"tintindex":0,"rotation":0,"texture":"#0"},"up":{"uv":[4.0,6.0,3.5,6.5],"tintindex":0,"rotation":0,"texture":"#0"},"down":{"uv":[5.0,6.5,4.5,6.0],"tintindex":0,"rotation":0,"texture":"#0"}}},{"from":[7.5,20.5,6.0],"to":[8.5,20.5,7.0],"faces":{"up":{"uv":[5.5,6.0,4.5,5.0],"tintindex":0,"rotation":0,"texture":"#0"},"down":{"uv":[6.5,2.0,5.5,3.0],"tintindex":0,"rotation":0,"texture":"#0"}}},{"from":[7.75,9.5,7.75],"to":[8.25,18.5,8.25],"faces":{"east":{"uv":[0.5,0.0,1.0,9.0],"tintindex":0,"rotation":0,"texture":"#0"},"south":{"uv":[1.0,0.0,1.5,9.0],"tintindex":0,"rotation":0,"texture":"#0"},"north":{"uv":[0.0,0.0,0.5,9.0],"tintindex":0,"rotation":0,"texture":"#0"},"west":{"uv":[1.5,0.0,2.0,9.0],"tintindex":0,"rotation":0,"texture":"#0"},"up":{"uv":[6.5,5.5,6.0,5.0],"tintindex":0,"rotation":0,"texture":"#0"},"down":{"uv":[6.0,6.0,5.5,6.5],"tintindex":0,"rotation":0,"texture":"#0"}}},{"from":[7.5,21.0,7.5],"to":[8.5,21.0,8.5],"faces":{"up":{"uv":[5.5,6.0,4.5,5.0],"tintindex":0,"rotation":0,"texture":"#0"},"down":{"uv":[6.5,2.0,5.5,3.0],"tintindex":0,"rotation":0,"texture":"#0"}}},{"from":[7.75,19.5,6.25],"to":[8.25,22.5,6.75],"faces":{"east":{"uv":[4.5,2.0,5.0,5.0],"tintindex":0,"rotation":0,"texture":"#0"},"south":{"uv":[5.0,2.0,5.5,5.0],"tintindex":0,"rotation":0,"texture":"#0"},"north":{"uv":[4.0,2.0,4.5,5.0],"tintindex":0,"rotation":0,"texture":"#0"},"west":{"uv":[4.0,5.0,4.5,8.0],"tintindex":0,"rotation":0,"texture":"#0"},"up":{"uv":[7.0,2.5,6.5,2.0],"tintindex":0,"rotation":0,"texture":"#0"},"down":{"uv":[7.0,2.5,6.5,3.0],"tintindex":0,"rotation":0,"texture":"#0"}}},{"from":[7.75,19.0,10.75],"to":[8.25,22.0,11.25],"faces":{"east":{"uv":[4.5,2.0,5.0,5.0],"tintindex":0,"rotation":0,"texture":"#0"},"south":{"uv":[5.0,2.0,5.5,5.0],"tintindex":0,"rotation":0,"texture":"#0"},"north":{"uv":[4.0,2.0,4.5,5.0],"tintindex":0,"rotation":0,"texture":"#0"},"west":{"uv":[4.0,5.0,4.5,8.0],"tintindex":0,"rotation":0,"texture":"#0"},"up":{"uv":[7.0,2.5,6.5,2.0],"tintindex":0,"rotation":0,"texture":"#0"},"down":{"uv":[7.0,2.5,6.5,3.0],"tintindex":0,"rotation":0,"texture":"#0"}}},{"from":[7.5,20.0,10.5],"to":[8.5,20.0,11.5],"faces":{"up":{"uv":[5.5,6.0,4.5,5.0],"tintindex":0,"rotation":0,"texture":"#0"},"down":{"uv":[6.5,2.0,5.5,3.0],"tintindex":0,"rotation":0,"texture":"#0"}}},{"from":[5.5,8.0,7.75],"to":[6.0,9.5,8.25],"faces":{"east":{"uv":[3.5,6.0,3.0,7.5],"tintindex":0,"rotation":0,"texture":"#0"},"south":{"uv":[6.0,4.5,5.5,6.0],"tintindex":0,"rotation":0,"texture":"#0"},"north":{"uv":[6.5,3.0,6.0,4.5],"tintindex":0,"rotation":0,"texture":"#0"},"west":{"uv":[6.0,3.0,5.5,4.5],"tintindex":0,"rotation":0,"texture":"#0"},"up":{"uv":[4.0,6.0,3.5,6.5],"tintindex":0,"rotation":90,"texture":"#0"},"down":{"uv":[5.0,6.5,4.5,6.0],"tintindex":0,"rotation":270,"texture":"#0"}}},{"from":[7.75,19.0,4.75],"to":[8.25,22.0,5.25],"faces":{"east":{"uv":[4.5,2.0,5.0,5.0],"tintindex":0,"rotation":0,"texture":"#0"},"south":{"uv":[5.0,2.0,5.5,5.0],"tintindex":0,"rotation":0,"texture":"#0"},"north":{"uv":[4.0,2.0,4.5,5.0],"tintindex":0,"rotation":0,"texture":"#0"},"west":{"uv":[4.0,5.0,4.5,8.0],"tintindex":0,"rotation":0,"texture":"#0"},"up":{"uv":[7.0,2.5,6.5,2.0],"tintindex":0,"rotation":0,"texture":"#0"},"down":{"uv":[7.0,2.5,6.5,3.0],"tintindex":0,"rotation":0,"texture":"#0"}}},{"from":[7.875,22.5,6.5],"to":[8.125,22.875,6.5],"faces":{"south":{"uv":[3.5,2.0,3.75,2.375],"tintindex":0,"rotation":0,"texture":"#0"},"north":{"uv":[3.5,1.5,3.75,1.875],"tintindex":0,"rotation":0,"texture":"#0"}}},{"from":[7.5,20.0,4.5],"to":[8.5,20.0,5.5],"faces":{"up":{"uv":[5.5,6.0,4.5,5.0],"tintindex":0,"rotation":0,"texture":"#0"},"down":{"uv":[6.5,2.0,5.5,3.0],"tintindex":0,"rotation":0,"texture":"#0"}}},{"from":[7.875,23.0,8.0],"to":[8.125,23.375,8.0],"faces":{"south":{"uv":[3.5,2.0,3.75,2.375],"tintindex":0,"rotation":0,"texture":"#0"},"north":{"uv":[3.5,1.5,3.75,1.875],"tintindex":0,"rotation":0,"texture":"#0"}}},{"from":[7.5,20.5,9.0],"to":[8.5,20.5,10.0],"faces":{"up":{"uv":[5.5,6.0,4.5,5.0],"tintindex":0,"rotation":0,"texture":"#0"},"down":{"uv":[6.5,2.0,5.5,3.0],"tintindex":0,"rotation":0,"texture":"#0"}}},{"from":[7.75,9.0,6.0],"to":[8.25,9.5,10.0],"faces":{"east":{"uv":[3.0,1.0,7.0,1.5],"tintindex":0,"rotation":0,"texture":"#0"},"south":{"uv":[5.0,6.0,5.5,6.5],"tintindex":0,"rotation":0,"texture":"#0"},"north":{"uv":[6.0,4.5,6.5,5.0],"tintindex":0,"rotation":0,"texture":"#0"},"west":{"uv":[3.0,1.5,7.0,2.0],"tintindex":0,"rotation":0,"texture":"#0"},"up":{"uv":[3.5,6.0,3.0,2.0],"tintindex":0,"rotation":0,"texture":"#0"},"down":{"uv":[4.0,2.0,3.5,6.0],"tintindex":0,"rotation":0,"texture":"#0"}}},{"from":[7.875,22.0,5.0],"to":[8.125,22.375,5.0],"faces":{"south":{"uv":[3.5,2.0,3.75,2.375],"tintindex":0,"rotation":0,"texture":"#0"},"north":{"uv":[3.5,1.5,3.75,1.875],"tintindex":0,"rotation":0,"texture":"#0"}}},{"from":[7.875,22.5,9.5],"to":[8.125,22.875,9.5],"faces":{"south":{"uv":[3.75,1.5,3.5,1.875],"tintindex":0,"rotation":0,"texture":"#0"},"north":{"uv":[3.75,2.0,3.5,2.375],"tintindex":0,"rotation":0,"texture":"#0"}}},{"from":[7.75,19.0,9.25],"to":[8.25,19.5,9.75],"faces":{"east":{"uv":[2.0,0.0,2.5,0.5],"tintindex":0,"rotation":0,"texture":"#0"},"south":{"uv":[6.0,6.0,6.5,6.5],"tintindex":0,"rotation":0,"texture":"#0"},"north":{"uv":[6.0,5.5,6.5,6.0],"tintindex":0,"rotation":0,"texture":"#0"},"west":{"uv":[2.0,0.5,2.5,1.0],"tintindex":0,"rotation":0,"texture":"#0"},"up":{"uv":[2.5,1.5,2.0,1.0],"tintindex":0,"rotation":0,"texture":"#0"},"down":{"uv":[3.0,1.0,2.5,1.5],"tintindex":0,"rotation":0,"texture":"#0"}}},{"from":[7.875,22.0,11.0],"to":[8.125,22.375,11.0],"faces":{"south":{"uv":[3.75,1.5,3.5,1.875],"tintindex":0,"rotation":0,"texture":"#0"},"north":{"uv":[3.75,2.0,3.5,2.375],"tintindex":0,"rotation":0,"texture":"#0"}}},{"from":[7.75,18.5,4.75],"to":[8.25,19.0,11.25],"faces":{"east":{"uv":[2.0,0.0,8.5,0.5],"tintindex":0,"rotation":0,"texture":"#0"},"south":{"uv":[6.0,6.0,6.5,6.5],"tintindex":0,"rotation":0,"texture":"#0"},"north":{"uv":[6.0,5.5,6.5,6.0],"tintindex":0,"rotation":0,"texture":"#0"},"west":{"uv":[2.0,0.5,8.5,1.0],"tintindex":0,"rotation":0,"texture":"#0"},"up":{"uv":[2.5,7.5,2.0,1.0],"tintindex":0,"rotation":0,"texture":"#0"},"down":{"uv":[3.0,1.0,2.5,7.5],"tintindex":0,"rotation":0,"texture":"#0"}}},{"from":[7.75,20.0,7.75],"to":[8.25,23.0,8.25],"faces":{"east":{"uv":[4.5,2.0,5.0,5.0],"tintindex":0,"rotation":0,"texture":"#0"},"south":{"uv":[5.0,2.0,5.5,5.0],"tintindex":0,"rotation":0,"texture":"#0"},"north":{"uv":[4.0,2.0,4.5,5.0],"tintindex":0,"rotation":0,"texture":"#0"},"west":{"uv":[4.0,5.0,4.5,8.0],"tintindex":0,"rotation":0,"texture":"#0"},"up":{"uv":[7.0,2.5,6.5,2.0],"tintindex":0,"rotation":0,"texture":"#0"},"down":{"uv":[7.0,2.5,6.5,3.0],"tintindex":0,"rotation":0,"texture":"#0"}}},{"from":[7.75,19.0,7.75],"to":[8.25,20.0,8.25],"faces":{"east":{"uv":[6.0,2.5,6.5,3.5],"tintindex":0,"rotation":0,"texture":"#0"},"south":{"uv":[5.0,0.5,5.5,1.5],"tintindex":0,"rotation":0,"texture":"#0"},"north":{"uv":[4.0,1.0,4.5,2.0],"tintindex":0,"rotation":0,"texture":"#0"},"west":{"uv":[3.5,3.5,4.0,4.5],"tintindex":0,"rotation":0,"texture":"#0"},"up":{"uv":[7.0,2.5,6.5,2.0],"tintindex":0,"rotation":0,"texture":"#0"},"down":{"uv":[7.0,2.5,6.5,3.0],"tintindex":0,"rotation":0,"texture":"#0"}}},{"from":[7.75,19.0,6.25],"to":[8.25,19.5,6.75],"faces":{"east":{"uv":[2.0,0.0,2.5,0.5],"tintindex":0,"rotation":0,"texture":"#0"},"south":{"uv":[6.0,6.0,6.5,6.5],"tintindex":0,"rotation":0,"texture":"#0"},"north":{"uv":[6.0,5.5,6.5,6.0],"tintindex":0,"rotation":0,"texture":"#0"},"west":{"uv":[2.0,0.5,2.5,1.0],"tintindex":0,"rotation":0,"texture":"#0"},"up":{"uv":[2.5,1.5,2.0,1.0],"tintindex":0,"rotation":0,"texture":"#0"},"down":{"uv":[3.0,1.0,2.5,1.5],"tintindex":0,"rotation":0,"texture":"#0"}}},{"from":[10.0,8.0,7.75],"to":[10.5,9.5,8.25],"faces":{"east":{"uv":[5.5,3.0,6.0,4.5],"tintindex":0,"rotation":0,"texture":"#0"},"south":{"uv":[5.5,4.5,6.0,6.0],"tintindex":0,"rotation":0,"texture":"#0"},"north":{"uv":[6.0,3.0,6.5,4.5],"tintindex":0,"rotation":0,"texture":"#0"},"west":{"uv":[3.0,6.0,3.5,7.5],"tintindex":0,"rotation":0,"texture":"#0"},"up":{"uv":[4.0,6.5,3.5,6.0],"tintindex":0,"rotation":90,"texture":"#0"},"down":{"uv":[5.0,6.0,4.5,6.5],"tintindex":0,"rotation":270,"texture":"#0"}}},{"from":[7.75,8.0,5.5],"to":[8.25,9.5,6.0],"faces":{"east":{"uv":[5.5,4.5,6.0,6.0],"tintindex":0,"rotation":0,"texture":"#0"},"south":{"uv":[3.0,6.0,3.5,7.5],"tintindex":0,"rotation":0,"texture":"#0"},"north":{"uv":[5.5,3.0,6.0,4.5],"tintindex":0,"rotation":0,"texture":"#0"},"west":{"uv":[6.0,3.0,6.5,4.5],"tintindex":0,"rotation":0,"texture":"#0"},"up":{"uv":[4.0,6.5,3.5,6.0],"tintindex":0,"rotation":0,"texture":"#0"},"down":{"uv":[5.0,6.0,4.5,6.5],"tintindex":0,"rotation":0,"texture":"#0"}}},{"from":[7.75,19.5,9.25],"to":[8.25,22.5,9.75],"faces":{"east":{"uv":[4.5,2.0,5.0,5.0],"tintindex":0,"rotation":0,"texture":"#0"},"south":{"uv":[5.0,2.0,5.5,5.0],"tintindex":0,"rotation":0,"texture":"#0"},"north":{"uv":[4.0,2.0,4.5,5.0],"tintindex":0,"rotation":0,"texture":"#0"},"west":{"uv":[4.0,5.0,4.5,8.0],"tintindex":0,"rotation":0,"texture":"#0"},"up":{"uv":[7.0,2.5,6.5,2.0],"tintindex":0,"rotation":0,"texture":"#0"},"down":{"uv":[7.0,2.5,6.5,3.0],"tintindex":0,"rotation":0,"texture":"#0"}}},{"from":[6.0,9.0,7.75],"to":[10.0,9.5,8.25],"faces":{"east":{"uv":[6.0,4.5,6.5,5.0],"tintindex":0,"rotation":0,"texture":"#0"},"south":{"uv":[3.0,1.0,7.0,1.5],"tintindex":0,"rotation":0,"texture":"#0"},"north":{"uv":[3.0,1.5,7.0,2.0],"tintindex":0,"rotation":0,"texture":"#0"},"west":{"uv":[5.0,6.0,5.5,6.5],"tintindex":0,"rotation":0,"texture":"#0"},"up":{"uv":[3.5,6.0,3.0,2.0],"tintindex":0,"rotation":90,"texture":"#0"},"down":{"uv":[4.0,2.0,3.5,6.0],"tintindex":0,"rotation":270,"texture":"#0"}}}],"display":{"gui":{"rotation":[30,225,0]}}}