{"textures":{"0":"modelengine:entity/gilded_guardians_arena_pillar"},"elements":[{"from":[6.0,14.0,6.0],"to":[8.0,16.0,8.0],"faces":{"east":{"uv":[1.0,9.75,2.0,10.75],"tintindex":0,"rotation":0,"texture":"#0"},"south":{"uv":[4.0,9.5,5.0,10.5],"tintindex":0,"rotation":0,"texture":"#0"},"north":{"uv":[0.0,9.75,1.0,10.75],"tintindex":0,"rotation":0,"texture":"#0"},"west":{"uv":[9.5,7.75,10.5,8.75],"tintindex":0,"rotation":0,"texture":"#0"},"up":{"uv":[7.75,10.75,6.75,9.75],"tintindex":0,"rotation":180,"texture":"#0"},"down":{"uv":[8.75,9.75,7.75,10.75],"tintindex":0,"rotation":180,"texture":"#0"}}},{"from":[7.0,26.25,5.25],"to":[9.0,30.25,6.125],"faces":{"east":{"uv":[6.5625,6.75,7.0,4.75],"tintindex":0,"rotation":0,"texture":"#0"},"south":{"uv":[7.0,6.75,8.0,4.75],"tintindex":0,"rotation":0,"texture":"#0"},"north":{"uv":[4.75,8.0,5.75,6.0],"tintindex":0,"rotation":0,"texture":"#0"},"west":{"uv":[5.75,9.75,6.1875,7.75],"tintindex":0,"rotation":0,"texture":"#0"},"up":{"uv":[4.0,10.5,3.0,10.0625],"tintindex":0,"rotation":0,"texture":"#0"},"down":{"uv":[3.0,10.0625,2.0,10.5],"tintindex":0,"rotation":0,"texture":"#0"}}},{"from":[6.0,14.0,8.0],"to":[8.0,16.0,10.0],"faces":{"east":{"uv":[4.0,9.5,5.0,10.5],"tintindex":0,"rotation":0,"texture":"#0"},"south":{"uv":[9.5,7.75,10.5,8.75],"tintindex":0,"rotation":0,"texture":"#0"},"north":{"uv":[1.0,9.75,2.0,10.75],"tintindex":0,"rotation":0,"texture":"#0"},"west":{"uv":[0.0,9.75,1.0,10.75],"tintindex":0,"rotation":0,"texture":"#0"},"up":{"uv":[7.75,10.75,6.75,9.75],"tintindex":0,"rotation":90,"texture":"#0"},"down":{"uv":[8.75,9.75,7.75,10.75],"tintindex":0,"rotation":270,"texture":"#0"}}},{"from":[8.0,26.0,8.0],"to":[10.0,28.0,10.0],"faces":{"east":{"uv":[9.5,7.75,10.5,8.75],"tintindex":0,"rotation":0,"texture":"#0"},"south":{"uv":[0.0,9.75,1.0,10.75],"tintindex":0,"rotation":0,"texture":"#0"},"north":{"uv":[4.0,9.5,5.0,10.5],"tintindex":0,"rotation":0,"texture":"#0"},"west":{"uv":[1.0,9.75,2.0,10.75],"tintindex":0,"rotation":0,"texture":"#0"},"up":{"uv":[7.75,10.75,6.75,9.75],"tintindex":0,"rotation":0,"texture":"#0"},"down":{"uv":[8.75,9.75,7.75,10.75],"tintindex":0,"rotation":0,"texture":"#0"}}},{"from":[8.0,28.0,8.0],"to":[10.0,30.0,10.0],"faces":{"east":{"uv":[9.5,7.75,10.5,8.75],"tintindex":0,"rotation":0,"texture":"#0"},"south":{"uv":[0.0,9.75,1.0,10.75],"tintindex":0,"rotation":0,"texture":"#0"},"north":{"uv":[4.0,9.5,5.0,10.5],"tintindex":0,"rotation":0,"texture":"#0"},"west":{"uv":[1.0,9.75,2.0,10.75],"tintindex":0,"rotation":0,"texture":"#0"},"up":{"uv":[7.75,10.75,6.75,9.75],"tintindex":0,"rotation":0,"texture":"#0"},"down":{"uv":[8.75,9.75,7.75,10.75],"tintindex":0,"rotation":0,"texture":"#0"}}},{"from":[5.25,11.875,7.0],"to":[6.125,15.875,9.0],"faces":{"east":{"uv":[7.0,4.75,8.0,6.75],"tintindex":0,"rotation":0,"texture":"#0"},"south":{"uv":[5.75,7.75,6.1875,9.75],"tintindex":0,"rotation":0,"texture":"#0"},"north":{"uv":[6.5625,4.75,7.0,6.75],"tintindex":0,"rotation":0,"texture":"#0"},"west":{"uv":[4.75,6.0,5.75,8.0],"tintindex":0,"rotation":0,"texture":"#0"},"up":{"uv":[3.0,10.5,2.0,10.0625],"tintindex":0,"rotation":270,"texture":"#0"},"down":{"uv":[4.0,10.0625,3.0,10.5],"tintindex":0,"rotation":90,"texture":"#0"}}},{"from":[6.0,28.0,6.0],"to":[8.0,30.0,8.0],"faces":{"east":{"uv":[1.0,9.75,2.0,10.75],"tintindex":0,"rotation":0,"texture":"#0"},"south":{"uv":[4.0,9.5,5.0,10.5],"tintindex":0,"rotation":0,"texture":"#0"},"north":{"uv":[0.0,9.75,1.0,10.75],"tintindex":0,"rotation":0,"texture":"#0"},"west":{"uv":[9.5,7.75,10.5,8.75],"tintindex":0,"rotation":0,"texture":"#0"},"up":{"uv":[7.75,10.75,6.75,9.75],"tintindex":0,"rotation":180,"texture":"#0"},"down":{"uv":[8.75,9.75,7.75,10.75],"tintindex":0,"rotation":180,"texture":"#0"}}},{"from":[8.0,28.0,6.0],"to":[10.0,30.0,8.0],"faces":{"east":{"uv":[0.0,9.75,1.0,10.75],"tintindex":0,"rotation":0,"texture":"#0"},"south":{"uv":[1.0,9.75,2.0,10.75],"tintindex":0,"rotation":0,"texture":"#0"},"north":{"uv":[9.5,7.75,10.5,8.75],"tintindex":0,"rotation":0,"texture":"#0"},"west":{"uv":[4.0,9.5,5.0,10.5],"tintindex":0,"rotation":0,"texture":"#0"},"up":{"uv":[7.75,10.75,6.75,9.75],"tintindex":0,"rotation":270,"texture":"#0"},"down":{"uv":[8.75,9.75,7.75,10.75],"tintindex":0,"rotation":90,"texture":"#0"}}},{"from":[5.0,8.0,5.0],"to":[11.0,9.0,11.0],"faces":{"east":{"uv":[6.75,8.75,9.75,9.25],"tintindex":0,"rotation":0,"texture":"#0"},"south":{"uv":[2.0,9.0,5.0,9.5],"tintindex":0,"rotation":0,"texture":"#0"},"north":{"uv":[8.75,2.0,11.75,2.5],"tintindex":0,"rotation":0,"texture":"#0"},"west":{"uv":[6.75,9.25,9.75,9.75],"tintindex":0,"rotation":0,"texture":"#0"},"up":{"uv":[6.0,3.0,3.0,0.0],"tintindex":0,"rotation":0,"texture":"#0"},"down":{"uv":[6.0,3.0,3.0,6.0],"tintindex":0,"rotation":0,"texture":"#0"}}},{"from":[8.0,16.0,6.0],"to":[10.0,18.0,8.0],"faces":{"east":{"uv":[0.0,9.75,1.0,10.75],"tintindex":0,"rotation":0,"texture":"#0"},"south":{"uv":[1.0,9.75,2.0,10.75],"tintindex":0,"rotation":0,"texture":"#0"},"north":{"uv":[9.5,7.75,10.5,8.75],"tintindex":0,"rotation":0,"texture":"#0"},"west":{"uv":[4.0,9.5,5.0,10.5],"tintindex":0,"rotation":0,"texture":"#0"},"up":{"uv":[7.75,10.75,6.75,9.75],"tintindex":0,"rotation":270,"texture":"#0"},"down":{"uv":[8.75,9.75,7.75,10.75],"tintindex":0,"rotation":90,"texture":"#0"}}},{"from":[5.0,11.0,5.0],"to":[11.0,12.0,11.0],"faces":{"east":{"uv":[6.75,8.75,9.75,9.25],"tintindex":0,"rotation":0,"texture":"#0"},"south":{"uv":[2.0,9.0,5.0,9.5],"tintindex":0,"rotation":0,"texture":"#0"},"north":{"uv":[8.75,2.0,11.75,2.5],"tintindex":0,"rotation":0,"texture":"#0"},"west":{"uv":[6.75,9.25,9.75,9.75],"tintindex":0,"rotation":0,"texture":"#0"},"up":{"uv":[6.0,3.0,3.0,0.0],"tintindex":0,"rotation":0,"texture":"#0"},"down":{"uv":[6.0,3.0,3.0,6.0],"tintindex":0,"rotation":0,"texture":"#0"}}},{"from":[5.25,9.0,5.25],"to":[10.75,11.0,10.75],"faces":{"east":{"uv":[8.0,3.75,10.75,4.75],"tintindex":0,"rotation":0,"texture":"#0"},"south":{"uv":[8.0,3.75,10.75,4.75],"tintindex":0,"rotation":0,"texture":"#0"},"north":{"uv":[8.0,3.75,10.75,4.75],"tintindex":0,"rotation":0,"texture":"#0"},"west":{"uv":[8.0,3.75,10.75,4.75],"tintindex":0,"rotation":0,"texture":"#0"},"up":{"uv":[2.75,8.75,0.0,6.0],"tintindex":0,"rotation":0,"texture":"#0"},"down":{"uv":[8.75,0.0,6.0,2.75],"tintindex":0,"rotation":0,"texture":"#0"}}},{"from":[5.125,8.0,5.75],"to":[6.125,11.0,6.75],"faces":{"east":{"uv":[9.75,8.75,10.25,10.25],"tintindex":0,"rotation":0,"texture":"#0"},"south":{"uv":[9.25,9.75,9.75,11.25],"tintindex":0,"rotation":0,"texture":"#0"},"north":{"uv":[8.75,9.75,9.25,11.25],"tintindex":0,"rotation":0,"texture":"#0"},"west":{"uv":[5.0,9.0,5.5,10.5],"tintindex":0,"rotation":0,"texture":"#0"},"up":{"uv":[10.0,5.75,10.5,6.25],"tintindex":0,"rotation":90,"texture":"#0"},"down":{"uv":[10.0,6.75,10.5,6.25],"tintindex":0,"rotation":270,"texture":"#0"}},"rotation":{"origin":[5.125,11.0,5.75],"angle":-22.5,"axis":"z"}},{"from":[9.25,8.0,5.125],"to":[10.25,11.0,6.125],"faces":{"east":{"uv":[8.75,9.75,9.25,11.25],"tintindex":0,"rotation":0,"texture":"#0"},"south":{"uv":[9.75,8.75,10.25,10.25],"tintindex":0,"rotation":0,"texture":"#0"},"north":{"uv":[5.0,9.0,5.5,10.5],"tintindex":0,"rotation":0,"texture":"#0"},"west":{"uv":[9.25,9.75,9.75,11.25],"tintindex":0,"rotation":0,"texture":"#0"},"up":{"uv":[10.5,6.25,10.0,5.75],"tintindex":0,"rotation":0,"texture":"#0"},"down":{"uv":[10.5,6.25,10.0,6.75],"tintindex":0,"rotation":0,"texture":"#0"}},"rotation":{"origin":[10.25,11.0,5.125],"angle":22.5,"axis":"x"}},{"from":[7.0,11.875,9.875],"to":[9.0,15.875,10.75],"faces":{"east":{"uv":[5.75,7.75,6.1875,9.75],"tintindex":0,"rotation":0,"texture":"#0"},"south":{"uv":[4.75,6.0,5.75,8.0],"tintindex":0,"rotation":0,"texture":"#0"},"north":{"uv":[7.0,4.75,8.0,6.75],"tintindex":0,"rotation":0,"texture":"#0"},"west":{"uv":[6.5625,4.75,7.0,6.75],"tintindex":0,"rotation":0,"texture":"#0"},"up":{"uv":[3.0,10.5,2.0,10.0625],"tintindex":0,"rotation":180,"texture":"#0"},"down":{"uv":[4.0,10.0625,3.0,10.5],"tintindex":0,"rotation":180,"texture":"#0"}}},{"from":[5.25,26.25,7.0],"to":[6.125,30.25,9.0],"faces":{"east":{"uv":[7.0,6.75,8.0,4.75],"tintindex":0,"rotation":0,"texture":"#0"},"south":{"uv":[5.75,9.75,6.1875,7.75],"tintindex":0,"rotation":0,"texture":"#0"},"north":{"uv":[6.5625,6.75,7.0,4.75],"tintindex":0,"rotation":0,"texture":"#0"},"west":{"uv":[4.75,8.0,5.75,6.0],"tintindex":0,"rotation":0,"texture":"#0"},"up":{"uv":[3.0,10.0625,4.0,10.5],"tintindex":0,"rotation":90,"texture":"#0"},"down":{"uv":[2.0,10.5,3.0,10.0625],"tintindex":0,"rotation":270,"texture":"#0"}}},{"from":[5.75,8.0,9.875],"to":[6.75,11.0,10.875],"faces":{"east":{"uv":[9.25,9.75,9.75,11.25],"tintindex":0,"rotation":0,"texture":"#0"},"south":{"uv":[5.0,9.0,5.5,10.5],"tintindex":0,"rotation":0,"texture":"#0"},"north":{"uv":[9.75,8.75,10.25,10.25],"tintindex":0,"rotation":0,"texture":"#0"},"west":{"uv":[8.75,9.75,9.25,11.25],"tintindex":0,"rotation":0,"texture":"#0"},"up":{"uv":[10.0,5.75,10.5,6.25],"tintindex":0,"rotation":0,"texture":"#0"},"down":{"uv":[10.0,6.75,10.5,6.25],"tintindex":0,"rotation":0,"texture":"#0"}},"rotation":{"origin":[5.75,11.0,10.875],"angle":-22.5,"axis":"x"}},{"from":[9.875,8.0,5.75],"to":[10.875,11.0,6.75],"faces":{"east":{"uv":[5.5,9.0,5.0,10.5],"tintindex":0,"rotation":0,"texture":"#0"},"south":{"uv":[9.75,9.75,9.25,11.25],"tintindex":0,"rotation":0,"texture":"#0"},"north":{"uv":[9.25,9.75,8.75,11.25],"tintindex":0,"rotation":0,"texture":"#0"},"west":{"uv":[10.25,8.75,9.75,10.25],"tintindex":0,"rotation":0,"texture":"#0"},"up":{"uv":[10.0,6.25,10.5,5.75],"tintindex":0,"rotation":90,"texture":"#0"},"down":{"uv":[10.0,6.25,10.5,6.75],"tintindex":0,"rotation":270,"texture":"#0"}},"rotation":{"origin":[10.875,11.0,5.75],"angle":22.5,"axis":"z"}},{"from":[9.875,11.875,7.0],"to":[10.75,15.875,9.0],"faces":{"east":{"uv":[4.75,6.0,5.75,8.0],"tintindex":0,"rotation":0,"texture":"#0"},"south":{"uv":[6.5625,4.75,7.0,6.75],"tintindex":0,"rotation":0,"texture":"#0"},"north":{"uv":[5.75,7.75,6.1875,9.75],"tintindex":0,"rotation":0,"texture":"#0"},"west":{"uv":[7.0,4.75,8.0,6.75],"tintindex":0,"rotation":0,"texture":"#0"},"up":{"uv":[3.0,10.5,2.0,10.0625],"tintindex":0,"rotation":90,"texture":"#0"},"down":{"uv":[4.0,10.0625,3.0,10.5],"tintindex":0,"rotation":270,"texture":"#0"}}},{"from":[9.25,8.0,9.875],"to":[10.25,11.0,10.875],"faces":{"east":{"uv":[9.25,9.75,8.75,11.25],"tintindex":0,"rotation":0,"texture":"#0"},"south":{"uv":[5.5,9.0,5.0,10.5],"tintindex":0,"rotation":0,"texture":"#0"},"north":{"uv":[10.25,8.75,9.75,10.25],"tintindex":0,"rotation":0,"texture":"#0"},"west":{"uv":[9.75,9.75,9.25,11.25],"tintindex":0,"rotation":0,"texture":"#0"},"up":{"uv":[10.5,5.75,10.0,6.25],"tintindex":0,"rotation":0,"texture":"#0"},"down":{"uv":[10.5,6.75,10.0,6.25],"tintindex":0,"rotation":0,"texture":"#0"}},"rotation":{"origin":[10.25,11.0,10.875],"angle":-22.5,"axis":"x"}},{"from":[8.0,14.0,6.0],"to":[10.0,16.0,8.0],"faces":{"east":{"uv":[0.0,9.75,1.0,10.75],"tintindex":0,"rotation":0,"texture":"#0"},"south":{"uv":[1.0,9.75,2.0,10.75],"tintindex":0,"rotation":0,"texture":"#0"},"north":{"uv":[9.5,7.75,10.5,8.75],"tintindex":0,"rotation":0,"texture":"#0"},"west":{"uv":[4.0,9.5,5.0,10.5],"tintindex":0,"rotation":0,"texture":"#0"},"up":{"uv":[7.75,10.75,6.75,9.75],"tintindex":0,"rotation":270,"texture":"#0"},"down":{"uv":[8.75,9.75,7.75,10.75],"tintindex":0,"rotation":90,"texture":"#0"}}},{"from":[9.875,8.0,9.25],"to":[10.875,11.0,10.25],"faces":{"east":{"uv":[5.0,9.0,5.5,10.5],"tintindex":0,"rotation":0,"texture":"#0"},"south":{"uv":[8.75,9.75,9.25,11.25],"tintindex":0,"rotation":0,"texture":"#0"},"north":{"uv":[9.25,9.75,9.75,11.25],"tintindex":0,"rotation":0,"texture":"#0"},"west":{"uv":[9.75,8.75,10.25,10.25],"tintindex":0,"rotation":0,"texture":"#0"},"up":{"uv":[10.5,6.25,10.0,5.75],"tintindex":0,"rotation":90,"texture":"#0"},"down":{"uv":[10.5,6.25,10.0,6.75],"tintindex":0,"rotation":270,"texture":"#0"}},"rotation":{"origin":[10.875,11.0,10.25],"angle":22.5,"axis":"z"}},{"from":[8.0,12.0,8.0],"to":[10.0,14.0,10.0],"faces":{"east":{"uv":[9.5,7.75,10.5,8.75],"tintindex":0,"rotation":0,"texture":"#0"},"south":{"uv":[0.0,9.75,1.0,10.75],"tintindex":0,"rotation":0,"texture":"#0"},"north":{"uv":[4.0,9.5,5.0,10.5],"tintindex":0,"rotation":0,"texture":"#0"},"west":{"uv":[1.0,9.75,2.0,10.75],"tintindex":0,"rotation":0,"texture":"#0"},"up":{"uv":[7.75,10.75,6.75,9.75],"tintindex":0,"rotation":0,"texture":"#0"},"down":{"uv":[8.75,9.75,7.75,10.75],"tintindex":0,"rotation":0,"texture":"#0"}}},{"from":[9.875,26.25,7.0],"to":[10.75,30.25,9.0],"faces":{"east":{"uv":[4.75,8.0,5.75,6.0],"tintindex":0,"rotation":0,"texture":"#0"},"south":{"uv":[6.5625,6.75,7.0,4.75],"tintindex":0,"rotation":0,"texture":"#0"},"north":{"uv":[5.75,9.75,6.1875,7.75],"tintindex":0,"rotation":0,"texture":"#0"},"west":{"uv":[7.0,6.75,8.0,4.75],"tintindex":0,"rotation":0,"texture":"#0"},"up":{"uv":[3.0,10.0625,4.0,10.5],"tintindex":0,"rotation":270,"texture":"#0"},"down":{"uv":[2.0,10.5,3.0,10.0625],"tintindex":0,"rotation":90,"texture":"#0"}}},{"from":[5.75,8.0,5.125],"to":[6.75,11.0,6.125],"faces":{"east":{"uv":[9.75,9.75,9.25,11.25],"tintindex":0,"rotation":0,"texture":"#0"},"south":{"uv":[10.25,8.75,9.75,10.25],"tintindex":0,"rotation":0,"texture":"#0"},"north":{"uv":[5.5,9.0,5.0,10.5],"tintindex":0,"rotation":0,"texture":"#0"},"west":{"uv":[9.25,9.75,8.75,11.25],"tintindex":0,"rotation":0,"texture":"#0"},"up":{"uv":[10.0,6.25,10.5,5.75],"tintindex":0,"rotation":0,"texture":"#0"},"down":{"uv":[10.0,6.25,10.5,6.75],"tintindex":0,"rotation":0,"texture":"#0"}},"rotation":{"origin":[5.75,11.0,5.125],"angle":22.5,"axis":"x"}},{"from":[6.0,16.0,8.0],"to":[8.0,18.0,10.0],"faces":{"east":{"uv":[4.0,9.5,5.0,10.5],"tintindex":0,"rotation":0,"texture":"#0"},"south":{"uv":[9.5,7.75,10.5,8.75],"tintindex":0,"rotation":0,"texture":"#0"},"north":{"uv":[1.0,9.75,2.0,10.75],"tintindex":0,"rotation":0,"texture":"#0"},"west":{"uv":[0.0,9.75,1.0,10.75],"tintindex":0,"rotation":0,"texture":"#0"},"up":{"uv":[7.75,10.75,6.75,9.75],"tintindex":0,"rotation":90,"texture":"#0"},"down":{"uv":[8.75,9.75,7.75,10.75],"tintindex":0,"rotation":270,"texture":"#0"}}},{"from":[5.125,8.0,9.25],"to":[6.125,11.0,10.25],"faces":{"east":{"uv":[10.25,8.75,9.75,10.25],"tintindex":0,"rotation":0,"texture":"#0"},"south":{"uv":[9.25,9.75,8.75,11.25],"tintindex":0,"rotation":0,"texture":"#0"},"north":{"uv":[9.75,9.75,9.25,11.25],"tintindex":0,"rotation":0,"texture":"#0"},"west":{"uv":[5.5,9.0,5.0,10.5],"tintindex":0,"rotation":0,"texture":"#0"},"up":{"uv":[10.5,5.75,10.0,6.25],"tintindex":0,"rotation":90,"texture":"#0"},"down":{"uv":[10.5,6.75,10.0,6.25],"tintindex":0,"rotation":270,"texture":"#0"}},"rotation":{"origin":[5.125,11.0,10.25],"angle":-22.5,"axis":"z"}},{"from":[6.0,12.0,6.0],"to":[8.0,14.0,8.0],"faces":{"east":{"uv":[1.0,9.75,2.0,10.75],"tintindex":0,"rotation":0,"texture":"#0"},"south":{"uv":[4.0,9.5,5.0,10.5],"tintindex":0,"rotation":0,"texture":"#0"},"north":{"uv":[0.0,9.75,1.0,10.75],"tintindex":0,"rotation":0,"texture":"#0"},"west":{"uv":[9.5,7.75,10.5,8.75],"tintindex":0,"rotation":0,"texture":"#0"},"up":{"uv":[7.75,10.75,6.75,9.75],"tintindex":0,"rotation":180,"texture":"#0"},"down":{"uv":[8.75,9.75,7.75,10.75],"tintindex":0,"rotation":180,"texture":"#0"}}},{"from":[7.0,11.875,5.25],"to":[9.0,15.875,6.125],"faces":{"east":{"uv":[6.5625,4.75,7.0,6.75],"tintindex":0,"rotation":0,"texture":"#0"},"south":{"uv":[7.0,4.75,8.0,6.75],"tintindex":0,"rotation":0,"texture":"#0"},"north":{"uv":[4.75,6.0,5.75,8.0],"tintindex":0,"rotation":0,"texture":"#0"},"west":{"uv":[5.75,7.75,6.1875,9.75],"tintindex":0,"rotation":0,"texture":"#0"},"up":{"uv":[3.0,10.5,2.0,10.0625],"tintindex":0,"rotation":0,"texture":"#0"},"down":{"uv":[4.0,10.0625,3.0,10.5],"tintindex":0,"rotation":0,"texture":"#0"}}},{"from":[7.0,26.25,9.875],"to":[9.0,30.25,10.75],"faces":{"east":{"uv":[5.75,9.75,6.1875,7.75],"tintindex":0,"rotation":0,"texture":"#0"},"south":{"uv":[4.75,8.0,5.75,6.0],"tintindex":0,"rotation":0,"texture":"#0"},"north":{"uv":[7.0,6.75,8.0,4.75],"tintindex":0,"rotation":0,"texture":"#0"},"west":{"uv":[6.5625,6.75,7.0,4.75],"tintindex":0,"rotation":0,"texture":"#0"},"up":{"uv":[4.0,10.5,3.0,10.0625],"tintindex":0,"rotation":180,"texture":"#0"},"down":{"uv":[3.0,10.0625,2.0,10.5],"tintindex":0,"rotation":180,"texture":"#0"}}},{"from":[6.0,26.0,6.0],"to":[8.0,28.0,8.0],"faces":{"east":{"uv":[1.0,9.75,2.0,10.75],"tintindex":0,"rotation":0,"texture":"#0"},"south":{"uv":[4.0,9.5,5.0,10.5],"tintindex":0,"rotation":0,"texture":"#0"},"north":{"uv":[0.0,9.75,1.0,10.75],"tintindex":0,"rotation":0,"texture":"#0"},"west":{"uv":[9.5,7.75,10.5,8.75],"tintindex":0,"rotation":0,"texture":"#0"},"up":{"uv":[7.75,10.75,6.75,9.75],"tintindex":0,"rotation":180,"texture":"#0"},"down":{"uv":[8.75,9.75,7.75,10.75],"tintindex":0,"rotation":180,"texture":"#0"}}},{"from":[8.0,12.0,6.0],"to":[10.0,14.0,8.0],"faces":{"east":{"uv":[0.0,9.75,1.0,10.75],"tintindex":0,"rotation":0,"texture":"#0"},"south":{"uv":[1.0,9.75,2.0,10.75],"tintindex":0,"rotation":0,"texture":"#0"},"north":{"uv":[9.5,7.75,10.5,8.75],"tintindex":0,"rotation":0,"texture":"#0"},"west":{"uv":[4.0,9.5,5.0,10.5],"tintindex":0,"rotation":0,"texture":"#0"},"up":{"uv":[7.75,10.75,6.75,9.75],"tintindex":0,"rotation":270,"texture":"#0"},"down":{"uv":[8.75,9.75,7.75,10.75],"tintindex":0,"rotation":90,"texture":"#0"}}},{"from":[6.0,28.0,8.0],"to":[8.0,30.0,10.0],"faces":{"east":{"uv":[4.0,9.5,5.0,10.5],"tintindex":0,"rotation":0,"texture":"#0"},"south":{"uv":[9.5,7.75,10.5,8.75],"tintindex":0,"rotation":0,"texture":"#0"},"north":{"uv":[1.0,9.75,2.0,10.75],"tintindex":0,"rotation":0,"texture":"#0"},"west":{"uv":[0.0,9.75,1.0,10.75],"tintindex":0,"rotation":0,"texture":"#0"},"up":{"uv":[7.75,10.75,6.75,9.75],"tintindex":0,"rotation":90,"texture":"#0"},"down":{"uv":[8.75,9.75,7.75,10.75],"tintindex":0,"rotation":270,"texture":"#0"}}},{"from":[6.0,12.0,8.0],"to":[8.0,14.0,10.0],"faces":{"east":{"uv":[4.0,9.5,5.0,10.5],"tintindex":0,"rotation":0,"texture":"#0"},"south":{"uv":[9.5,7.75,10.5,8.75],"tintindex":0,"rotation":0,"texture":"#0"},"north":{"uv":[1.0,9.75,2.0,10.75],"tintindex":0,"rotation":0,"texture":"#0"},"west":{"uv":[0.0,9.75,1.0,10.75],"tintindex":0,"rotation":0,"texture":"#0"},"up":{"uv":[7.75,10.75,6.75,9.75],"tintindex":0,"rotation":90,"texture":"#0"},"down":{"uv":[8.75,9.75,7.75,10.75],"tintindex":0,"rotation":270,"texture":"#0"}}}],"display":{"gui":{"rotation":[30,225,0]}}}