{"textures":{"0":"modelengine:entity/gilded_guardians_arena_pillar"},"elements":[{"from":[0.0,0.0,0.0],"to":[16.0,16.0,16.0],"faces":{"east":{"uv":[9.5,7.75,10.5,8.75],"tintindex":0,"rotation":0,"texture":"#0"},"south":{"uv":[0.0,9.75,1.0,10.75],"tintindex":0,"rotation":0,"texture":"#0"},"north":{"uv":[4.0,9.5,5.0,10.5],"tintindex":0,"rotation":0,"texture":"#0"},"west":{"uv":[1.0,9.75,2.0,10.75],"tintindex":0,"rotation":0,"texture":"#0"},"up":{"uv":[7.75,10.75,6.75,9.75],"tintindex":0,"rotation":0,"texture":"#0"},"down":{"uv":[8.75,9.75,7.75,10.75],"tintindex":0,"rotation":0,"texture":"#0"}}},{"from":[0.0,16.0,0.0],"to":[16.0,32.0,16.0],"faces":{"east":{"uv":[9.5,7.75,10.5,8.75],"tintindex":0,"rotation":0,"texture":"#0"},"south":{"uv":[0.0,9.75,1.0,10.75],"tintindex":0,"rotation":0,"texture":"#0"},"north":{"uv":[4.0,9.5,5.0,10.5],"tintindex":0,"rotation":0,"texture":"#0"},"west":{"uv":[1.0,9.75,2.0,10.75],"tintindex":0,"rotation":0,"texture":"#0"},"up":{"uv":[7.75,10.75,6.75,9.75],"tintindex":0,"rotation":0,"texture":"#0"},"down":{"uv":[8.75,9.75,7.75,10.75],"tintindex":0,"rotation":0,"texture":"#0"}}}],"display":{"gui":{"rotation":[30,225,0]}}}