{"textures":{"0":"modelengine:entity/talonstrider_ender_texture"},"elements":[{"from":[3.0,8.174702,2.8374453],"to":[13.0,16.174702,10.837445],"faces":{"east":{"uv":[7.5,1.5,8.5,2.5],"tintindex":0,"rotation":0,"texture":"#0"},"south":{"uv":[4.625,7.25,5.875,8.25],"tintindex":0,"rotation":0,"texture":"#0"},"north":{"uv":[0.0,7.0,1.25,8.0],"tintindex":0,"rotation":0,"texture":"#0"},"west":{"uv":[7.5,2.625,8.5,3.625],"tintindex":0,"rotation":0,"texture":"#0"},"up":{"uv":[7.25,8.25,6.0,7.25],"tintindex":0,"rotation":0,"texture":"#0"},"down":{"uv":[8.625,7.25,7.375,8.25],"tintindex":0,"rotation":0,"texture":"#0"}},"rotation":{"origin":[-4.327696,9.369358,8.531934],"angle":-45.0,"axis":"x"}},{"from":[3.0,8.389069,0.5637522],"to":[13.0,13.389069,0.5637522],"faces":{"south":{"uv":[3.75,7.625,2.5,8.25],"tintindex":0,"rotation":0,"texture":"#0"},"north":{"uv":[2.5,7.625,3.75,8.25],"tintindex":0,"rotation":0,"texture":"#0"}},"rotation":{"origin":[-4.327696,9.583725,8.258241],"angle":-22.5,"axis":"x"}}],"display":{"gui":{"rotation":[30,225,0]}}}