{"textures":{"0":"modelengine:entity/talonstrider_ender_texture"},"elements":[{"from":[8.0,2.5454636,-5.1852026],"to":[8.0,5.5454636,-1.1852026],"faces":{"east":{"uv":[10.75,6.5,10.25,6.875],"tintindex":0,"rotation":0,"texture":"#0"},"west":{"uv":[10.25,6.5,10.75,6.875],"tintindex":0,"rotation":0,"texture":"#0"}},"rotation":{"origin":[7.5,5.5454636,-5.1852026],"angle":22.5,"axis":"x"}},{"from":[4.5,5.023041,1.0276136],"to":[9.5,8.023041,6.0276127],"faces":{"east":{"uv":[9.5,10.0,10.125,10.375],"tintindex":0,"rotation":0,"texture":"#0"},"south":{"uv":[1.5,10.125,2.125,10.5],"tintindex":0,"rotation":0,"texture":"#0"},"north":{"uv":[4.125,10.125,3.5,10.5],"tintindex":0,"rotation":0,"texture":"#0"},"west":{"uv":[3.5,10.125,4.125,10.5],"tintindex":0,"rotation":0,"texture":"#0"},"up":{"uv":[4.5,8.25,3.875,7.625],"tintindex":0,"rotation":0,"texture":"#0"},"down":{"uv":[10.0,5.0,9.375,5.625],"tintindex":0,"rotation":0,"texture":"#0"}},"rotation":{"origin":[8.0,8.273041,4.5276127],"angle":-45.0,"axis":"y"}},{"from":[7.025,4.7096786,-3.3138819],"to":[8.975,6.7096786,2.6861181],"faces":{"east":{"uv":[5.0,10.125,4.25,10.375],"tintindex":0,"rotation":0,"texture":"#0"},"south":{"uv":[10.625,9.625,10.875,9.875],"tintindex":0,"rotation":0,"texture":"#0"},"north":{"uv":[10.625,9.25,10.875,9.5],"tintindex":0,"rotation":0,"texture":"#0"},"west":{"uv":[4.25,10.125,5.0,10.375],"tintindex":0,"rotation":0,"texture":"#0"},"up":{"uv":[2.5,10.875,2.25,10.125],"tintindex":0,"rotation":0,"texture":"#0"},"down":{"uv":[8.25,10.125,8.0,10.875],"tintindex":0,"rotation":0,"texture":"#0"}},"rotation":{"origin":[7.475,6.9596786,-0.063881874],"angle":-22.5,"axis":"x"}},{"from":[5.0,5.273041,1.5276136],"to":[11.0,11.273041,7.5276127],"faces":{"east":{"uv":[9.5,8.5,8.75,9.25],"tintindex":0,"rotation":0,"texture":"#0"},"south":{"uv":[8.75,8.5,9.5,9.25],"tintindex":0,"rotation":0,"texture":"#0"},"north":{"uv":[0.75,9.0,0.0,9.75],"tintindex":0,"rotation":0,"texture":"#0"},"west":{"uv":[0.0,9.0,0.75,9.75],"tintindex":0,"rotation":0,"texture":"#0"},"up":{"uv":[9.75,3.875,9.0,3.125],"tintindex":0,"rotation":0,"texture":"#0"},"down":{"uv":[2.75,9.25,2.0,10.0],"tintindex":0,"rotation":0,"texture":"#0"}},"rotation":{"origin":[8.0,8.273041,4.5276127],"angle":-45.0,"axis":"y"}},{"from":[7.0125,5.4596786,-4.563882],"to":[8.9875,8.459679,-1.5638819],"faces":{"east":{"uv":[10.75,7.0,10.375,7.375],"tintindex":0,"rotation":0,"texture":"#0"},"south":{"uv":[9.875,10.5,10.125,10.875],"tintindex":0,"rotation":0,"texture":"#0"},"north":{"uv":[9.5,10.5,9.75,10.875],"tintindex":0,"rotation":0,"texture":"#0"},"west":{"uv":[10.375,7.0,10.75,7.375],"tintindex":0,"rotation":0,"texture":"#0"},"up":{"uv":[1.625,11.0,1.375,10.625],"tintindex":0,"rotation":0,"texture":"#0"},"down":{"uv":[2.0,10.625,1.75,11.0],"tintindex":0,"rotation":0,"texture":"#0"}}},{"from":[7.0,5.9596786,-2.0638819],"to":[9.0,8.959679,2.9361181],"faces":{"east":{"uv":[10.5,3.5,9.875,3.875],"tintindex":0,"rotation":0,"texture":"#0"},"south":{"uv":[10.625,8.75,10.875,9.125],"tintindex":0,"rotation":0,"texture":"#0"},"north":{"uv":[10.625,8.25,10.875,8.625],"tintindex":0,"rotation":0,"texture":"#0"},"west":{"uv":[9.875,3.5,10.5,3.875],"tintindex":0,"rotation":0,"texture":"#0"},"up":{"uv":[6.5,11.0,6.25,10.375],"tintindex":0,"rotation":0,"texture":"#0"},"down":{"uv":[6.875,10.375,6.625,11.0],"tintindex":0,"rotation":0,"texture":"#0"}},"rotation":{"origin":[7.5,6.9596786,-0.063881874],"angle":-22.5,"axis":"x"}},{"from":[8.0,9.542244,2.012],"to":[8.0,21.542244,18.012001],"faces":{"east":{"uv":[7.5,5.625,5.5,7.125],"tintindex":0,"rotation":0,"texture":"#0"},"west":{"uv":[5.5,5.625,7.5,7.125],"tintindex":0,"rotation":0,"texture":"#0"}}},{"from":[4.5,8.023041,1.0276136],"to":[11.5,12.023041,8.027613],"faces":{"east":{"uv":[10.25,2.0,9.375,2.5],"tintindex":0,"rotation":0,"texture":"#0"},"south":{"uv":[9.375,2.0,10.25,2.5],"tintindex":0,"rotation":0,"texture":"#0"},"north":{"uv":[10.25,4.0,9.375,4.5],"tintindex":0,"rotation":0,"texture":"#0"},"west":{"uv":[9.375,4.0,10.25,4.5],"tintindex":0,"rotation":0,"texture":"#0"},"up":{"uv":[8.5,5.375,7.625,4.5],"tintindex":0,"rotation":0,"texture":"#0"},"down":{"uv":[8.5,5.5,7.625,6.375],"tintindex":0,"rotation":0,"texture":"#0"}},"rotation":{"origin":[8.0,8.273041,4.5276127],"angle":-45.0,"axis":"y"}},{"from":[6.0,6.112961,0.7067156],"to":[10.0,10.112961,5.7067165],"faces":{"east":{"uv":[9.625,7.25,10.25,7.75],"tintindex":0,"rotation":0,"texture":"#0"},"south":{"uv":[0.0,9.875,0.5,10.375],"tintindex":0,"rotation":0,"texture":"#0"},"north":{"uv":[9.75,1.375,10.25,1.875],"tintindex":0,"rotation":0,"texture":"#0"},"west":{"uv":[9.625,7.875,10.25,8.375],"tintindex":0,"rotation":0,"texture":"#0"},"up":{"uv":[10.125,9.125,9.625,8.5],"tintindex":0,"rotation":0,"texture":"#0"},"down":{"uv":[10.25,0.625,9.75,1.25],"tintindex":0,"rotation":0,"texture":"#0"}},"rotation":{"origin":[8.0,7.612961,0.20671558],"angle":-45.0,"axis":"x"}},{"from":[7.0,4.5454636,-5.1852026],"to":[9.0,7.5454636,-3.1852026],"faces":{"east":{"uv":[4.0,10.625,3.75,11.0],"tintindex":0,"rotation":0,"texture":"#0"},"south":{"uv":[10.625,3.5,10.875,3.875],"tintindex":0,"rotation":0,"texture":"#0"},"north":{"uv":[10.625,3.0,10.875,3.375],"tintindex":0,"rotation":0,"texture":"#0"},"west":{"uv":[3.75,10.625,4.0,11.0],"tintindex":0,"rotation":0,"texture":"#0"},"up":{"uv":[11.0,5.625,10.75,5.375],"tintindex":0,"rotation":0,"texture":"#0"},"down":{"uv":[10.875,10.75,10.625,11.0],"tintindex":0,"rotation":0,"texture":"#0"}},"rotation":{"origin":[8.5,5.5454636,-5.1852026],"angle":22.5,"axis":"x"}}],"display":{"gui":{"rotation":[30,225,0]}}}