{"textures":{"0":"modelengine:entity/talonstrider_ender_texture"},"elements":[{"from":[-4.5,7.4750023,7.125],"to":[8.5,8.475002,18.125],"faces":{"east":{"uv":[9.375,5.75,10.75,5.875],"tintindex":0,"rotation":0,"texture":"#0"},"south":{"uv":[9.375,4.625,11.0,4.75],"tintindex":0,"rotation":0,"texture":"#0"},"north":{"uv":[9.375,2.625,11.0,2.75],"tintindex":0,"rotation":0,"texture":"#0"},"west":{"uv":[9.375,6.125,10.75,6.25],"tintindex":0,"rotation":0,"texture":"#0"},"up":{"uv":[3.5,6.125,1.875,4.75],"tintindex":0,"rotation":0,"texture":"#0"},"down":{"uv":[3.5,4.75,1.875,6.125],"tintindex":0,"rotation":0,"texture":"#0"}}},{"from":[-3.5,7.9750023,10.125],"to":[10.5,7.9750023,27.125],"faces":{"up":{"uv":[5.375,6.125,3.625,4.0],"tintindex":0,"rotation":0,"texture":"#0"},"down":{"uv":[5.375,4.0,3.625,6.125],"tintindex":0,"rotation":0,"texture":"#0"}}}],"display":{"gui":{"rotation":[30,225,0]}}}