{"textures":{"0":"modelengine:entity/talonstrider_ender_texture"},"elements":[{"from":[6.0,0.6632576,4.369414],"to":[10.0,8.663258,9.369414],"faces":{"east":{"uv":[8.625,4.5,9.25,5.5],"tintindex":0,"rotation":0,"texture":"#0"},"south":{"uv":[2.875,9.25,3.375,10.25],"tintindex":0,"rotation":0,"texture":"#0"},"north":{"uv":[2.875,9.25,3.375,10.25],"tintindex":0,"rotation":0,"texture":"#0"},"west":{"uv":[8.625,4.5,9.25,5.5],"tintindex":0,"rotation":0,"texture":"#0"},"up":{"uv":[8.75,10.0,8.25,9.375],"tintindex":0,"rotation":0,"texture":"#0"},"down":{"uv":[9.375,9.375,8.875,10.0],"tintindex":0,"rotation":0,"texture":"#0"}},"rotation":{"origin":[8.0,4.6632576,7.3694143],"angle":22.5,"axis":"x"}}],"display":{"gui":{"rotation":[30,225,0]}}}