{"textures":{"0":"modelengine:entity/talonstrider_ender_texture"},"elements":[{"from":[5.0,2.5405998,-0.24845695],"to":[11.0,8.5406,7.7515435],"faces":{"east":{"uv":[0.0,8.125,1.0,8.875],"tintindex":0,"rotation":0,"texture":"#0"},"south":{"uv":[1.125,8.75,1.875,9.5],"tintindex":0,"rotation":0,"texture":"#0"},"north":{"uv":[4.625,6.25,5.375,7.0],"tintindex":0,"rotation":0,"texture":"#0"},"west":{"uv":[2.5,8.375,3.5,9.125],"tintindex":0,"rotation":0,"texture":"#0"},"up":{"uv":[4.375,9.375,3.625,8.375],"tintindex":0,"rotation":0,"texture":"#0"},"down":{"uv":[5.25,8.375,4.5,9.375],"tintindex":0,"rotation":0,"texture":"#0"}},"rotation":{"origin":[-4.327696,4.715889,12.434536],"angle":22.5,"axis":"x"}}],"display":{"gui":{"rotation":[30,225,0]}}}