{"textures":{"0":"modelengine:entity/talonstrider_ender_texture"},"elements":[{"from":[7.0,2.1644287,6.9901547],"to":[9.0,8.164429,8.990154],"faces":{"east":{"uv":[0.875,10.375,0.625,11.125],"tintindex":0,"rotation":0,"texture":"#0"},"south":{"uv":[10.625,0.0,10.375,0.75],"tintindex":0,"rotation":0,"texture":"#0"},"north":{"uv":[10.5,9.375,10.25,10.125],"tintindex":0,"rotation":0,"texture":"#0"},"west":{"uv":[10.5,10.25,10.25,11.0],"tintindex":0,"rotation":0,"texture":"#0"},"up":{"uv":[10.75,0.25,11.0,0.0],"tintindex":0,"rotation":0,"texture":"#0"},"down":{"uv":[10.75,0.375,11.0,0.625],"tintindex":0,"rotation":0,"texture":"#0"}}}],"display":{"gui":{"rotation":[30,225,0]}}}