{"textures":{"0":"modelengine:entity/talonstrider_ender_texture"},"elements":[{"from":[8.0,2.3471622,9.291149],"to":[8.0,5.3471622,12.291149],"faces":{"east":{"uv":[2.375,8.75,2.0,9.125],"tintindex":0,"rotation":0,"texture":"#0"},"west":{"uv":[2.0,8.75,2.375,9.125],"tintindex":0,"rotation":0,"texture":"#0"}},"rotation":{"origin":[8.0,10.847162,12.541149],"angle":22.5,"axis":"x"}},{"from":[7.5,5.8471622,9.291149],"to":[8.5,6.8471622,12.291149],"faces":{"east":{"uv":[0.375,10.875,0.0,11.0],"tintindex":0,"rotation":0,"texture":"#0"},"south":{"uv":[10.5,8.25,10.375,8.375],"tintindex":0,"rotation":0,"texture":"#0"},"north":{"uv":[2.75,10.125,2.625,10.25],"tintindex":0,"rotation":0,"texture":"#0"},"west":{"uv":[10.5,5.5,10.125,5.625],"tintindex":0,"rotation":0,"texture":"#0"},"up":{"uv":[10.875,4.375,11.0,4.0],"tintindex":0,"rotation":0,"texture":"#0"},"down":{"uv":[4.125,10.875,4.25,11.25],"tintindex":0,"rotation":0,"texture":"#0"}},"rotation":{"origin":[8.0,10.847162,12.541149],"angle":22.5,"axis":"x"}},{"from":[7.5,3.8471622,11.291149],"to":[8.5,5.8471622,12.291149],"faces":{"east":{"uv":[11.125,3.0,11.0,3.25],"tintindex":0,"rotation":0,"texture":"#0"},"south":{"uv":[2.5,11.0,2.375,11.25],"tintindex":0,"rotation":0,"texture":"#0"},"north":{"uv":[11.125,0.75,11.0,1.0],"tintindex":0,"rotation":0,"texture":"#0"},"west":{"uv":[2.25,11.0,2.125,11.25],"tintindex":0,"rotation":0,"texture":"#0"},"up":{"uv":[9.375,6.625,9.5,6.5],"tintindex":0,"rotation":0,"texture":"#0"},"down":{"uv":[8.0,9.875,8.125,10.0],"tintindex":0,"rotation":0,"texture":"#0"}},"rotation":{"origin":[8.0,10.847162,12.541149],"angle":22.5,"axis":"x"}}],"display":{"gui":{"rotation":[30,225,0]}}}