{"textures":{"0":"modelengine:entity/talonstrider_ender_texture"},"elements":[{"from":[8.0,0.6499157,4.585787],"to":[8.0,4.6499157,9.585787],"faces":{"east":{"uv":[4.125,9.5,3.5,10.0],"tintindex":0,"rotation":0,"texture":"#0"},"west":{"uv":[3.5,9.5,4.125,10.0],"tintindex":0,"rotation":0,"texture":"#0"}},"rotation":{"origin":[8.0,6.6499157,6.585787],"angle":-45.0,"axis":"x"}},{"from":[7.5,5.119587,4.805456],"to":[8.5,7.119587,8.805456],"faces":{"east":{"uv":[10.875,7.875,10.375,8.125],"tintindex":0,"rotation":0,"texture":"#0"},"south":{"uv":[7.375,10.875,7.25,11.125],"tintindex":0,"rotation":0,"texture":"#0"},"north":{"uv":[5.25,10.0,5.125,10.25],"tintindex":0,"rotation":0,"texture":"#0"},"west":{"uv":[10.875,7.5,10.375,7.75],"tintindex":0,"rotation":0,"texture":"#0"},"up":{"uv":[1.125,8.625,1.25,8.125],"tintindex":0,"rotation":0,"texture":"#0"},"down":{"uv":[0.875,9.0,1.0,9.5],"tintindex":0,"rotation":0,"texture":"#0"}},"rotation":{"origin":[8.0,6.119587,6.055456],"angle":-45.0,"axis":"x"}},{"from":[7.5,2.6499157,4.585787],"to":[8.5,5.6499157,6.585787],"faces":{"east":{"uv":[9.25,4.0,9.0,4.375],"tintindex":0,"rotation":0,"texture":"#0"},"south":{"uv":[0.75,9.875,0.625,10.25],"tintindex":0,"rotation":0,"texture":"#0"},"north":{"uv":[9.625,0.625,9.5,1.0],"tintindex":0,"rotation":0,"texture":"#0"},"west":{"uv":[8.875,3.125,8.625,3.5],"tintindex":0,"rotation":0,"texture":"#0"},"up":{"uv":[7.5,11.125,7.625,10.875],"tintindex":0,"rotation":0,"texture":"#0"},"down":{"uv":[7.75,10.875,7.875,11.125],"tintindex":0,"rotation":0,"texture":"#0"}},"rotation":{"origin":[8.0,6.6499157,6.585787],"angle":-45.0,"axis":"x"}}],"display":{"gui":{"rotation":[30,225,0]}}}