{"textures":{"0":"modelengine:entity/talonstrider_ender_texture"},"elements":[{"from":[6.975,2.660448,9.020649],"to":[9.025,8.660446,11.020649],"faces":{"east":{"uv":[10.5,8.5,10.25,9.25],"tintindex":0,"rotation":0,"texture":"#0"},"south":{"uv":[9.375,10.125,9.125,10.875],"tintindex":0,"rotation":0,"texture":"#0"},"north":{"uv":[8.625,10.125,8.375,10.875],"tintindex":0,"rotation":0,"texture":"#0"},"west":{"uv":[9.0,10.125,8.75,10.875],"tintindex":0,"rotation":0,"texture":"#0"},"up":{"uv":[10.625,10.25,10.875,10.0],"tintindex":0,"rotation":0,"texture":"#0"},"down":{"uv":[10.625,10.375,10.875,10.625],"tintindex":0,"rotation":0,"texture":"#0"}},"rotation":{"origin":[8.025,5.660446,9.195648],"angle":-45.0,"axis":"x"}}],"display":{"gui":{"rotation":[30,225,0]}}}