{"textures":{"0":"modelengine:entity/talonstrider_ender_texture"},"elements":[{"from":[5.5,7.9750023,10.125],"to":[19.5,7.9750023,27.125],"faces":{"up":{"uv":[3.625,6.125,5.375,4.0],"tintindex":0,"rotation":0,"texture":"#0"},"down":{"uv":[3.625,4.0,5.375,6.125],"tintindex":0,"rotation":0,"texture":"#0"}}},{"from":[7.5,7.4750023,7.125],"to":[20.5,8.475002,18.125],"faces":{"east":{"uv":[10.75,6.125,9.375,6.25],"tintindex":0,"rotation":0,"texture":"#0"},"south":{"uv":[11.0,4.625,9.375,4.75],"tintindex":0,"rotation":0,"texture":"#0"},"north":{"uv":[11.0,2.625,9.375,2.75],"tintindex":0,"rotation":0,"texture":"#0"},"west":{"uv":[10.75,5.75,9.375,5.875],"tintindex":0,"rotation":0,"texture":"#0"},"up":{"uv":[1.875,6.125,3.5,4.75],"tintindex":0,"rotation":0,"texture":"#0"},"down":{"uv":[1.875,4.75,3.5,6.125],"tintindex":0,"rotation":0,"texture":"#0"}}}],"display":{"gui":{"rotation":[30,225,0]}}}