{"textures":{"0":"modelengine:entity/talonstrider_ender_texture"},"elements":[{"from":[4.0,6.548279,1.2167616],"to":[12.0,12.548279,9.216762],"faces":{"east":{"uv":[6.5,8.375,7.5,9.125],"tintindex":0,"rotation":0,"texture":"#0"},"south":{"uv":[7.625,8.375,8.625,9.125],"tintindex":0,"rotation":0,"texture":"#0"},"north":{"uv":[5.375,8.375,6.375,9.125],"tintindex":0,"rotation":0,"texture":"#0"},"west":{"uv":[8.625,1.125,9.625,1.875],"tintindex":0,"rotation":0,"texture":"#0"},"up":{"uv":[8.625,1.0,7.625,0.0],"tintindex":0,"rotation":0,"texture":"#0"},"down":{"uv":[2.375,7.625,1.375,8.625],"tintindex":0,"rotation":0,"texture":"#0"}},"rotation":{"origin":[8.0,7.548279,4.2167616],"angle":22.5,"axis":"x"}}],"display":{"gui":{"rotation":[30,225,0]}}}