{"textures":{"0":"modelengine:entity/fdefender_supershockwave"},"elements":[{"from":[-10.666668,8.0,-10.666668],"to":[26.666668,8.0,26.666668],"faces":{"south":{"uv":[0.0,0.0,2.0,2.0],"tintindex":0,"rotation":0,"texture":"#0"},"north":{"uv":[2.0,0.0,0.0,2.0],"tintindex":0,"rotation":0,"texture":"#0"},"up":{"uv":[0.0,12.0,4.0,16.0],"tintindex":0,"rotation":270,"texture":"#0"},"down":{"uv":[0.0,16.0,4.0,12.0],"tintindex":0,"rotation":90,"texture":"#0"}}}],"display":{"gui":{"rotation":[30,225,0]}}}