{"textures":{"0":"modelengine:entity/hanging_skeleton"},"elements":[{"from":[7.3333335,10.333334,6.75],"to":[8.333333,12.333334,9.25],"faces":{"east":{"uv":[9.0,8.5,10.0,9.25],"tintindex":0,"rotation":0,"texture":"#0"},"south":{"uv":[9.375,11.375,9.75,12.125],"tintindex":0,"rotation":0,"texture":"#0"},"north":{"uv":[9.0,11.375,9.375,12.125],"tintindex":0,"rotation":0,"texture":"#0"},"west":{"uv":[3.75,9.25,4.75,10.0],"tintindex":0,"rotation":0,"texture":"#0"},"up":{"uv":[11.0,12.125,10.625,11.125],"tintindex":0,"rotation":0,"texture":"#0"},"down":{"uv":[11.375,11.125,11.0,12.125],"tintindex":0,"rotation":0,"texture":"#0"}},"rotation":{"origin":[7.8333335,11.333334,8.083333],"angle":45.0,"axis":"z"}},{"from":[6.0,15.0,5.8651376],"to":[9.666667,15.833334,9.698471],"faces":{"east":{"uv":[0.0,10.5,1.5,10.875],"tintindex":0,"rotation":0,"texture":"#0"},"south":{"uv":[11.0,0.0,12.375,0.375],"tintindex":0,"rotation":0,"texture":"#0"},"north":{"uv":[10.875,5.0,12.25,5.375],"tintindex":0,"rotation":0,"texture":"#0"},"west":{"uv":[10.0,10.75,11.5,11.125],"tintindex":0,"rotation":0,"texture":"#0"},"up":{"uv":[1.375,7.5,0.0,6.0],"tintindex":0,"rotation":0,"texture":"#0"},"down":{"uv":[2.75,6.0,1.375,7.5],"tintindex":0,"rotation":0,"texture":"#0"}}},{"from":[6.0,14.666667,6.3651376],"to":[6.333333,15.0,9.698471],"faces":{"east":{"uv":[11.0,1.125,12.25,1.25],"tintindex":0,"rotation":0,"texture":"#0"},"south":{"uv":[2.375,9.625,2.5,9.75],"tintindex":0,"rotation":0,"texture":"#0"},"north":{"uv":[2.875,8.75,3.0,8.875],"tintindex":0,"rotation":0,"texture":"#0"},"west":{"uv":[11.0,8.75,12.25,8.875],"tintindex":0,"rotation":0,"texture":"#0"},"up":{"uv":[10.5,13.0,10.375,11.75],"tintindex":0,"rotation":0,"texture":"#0"},"down":{"uv":[10.625,11.75,10.5,13.0],"tintindex":0,"rotation":0,"texture":"#0"}}},{"from":[4.6666665,14.5,7.7222223],"to":[11.0,15.166667,8.388889],"faces":{"east":{"uv":[12.375,3.75,12.625,4.0],"tintindex":0,"rotation":0,"texture":"#0"},"south":{"uv":[10.5,6.375,12.875,6.625],"tintindex":0,"rotation":0,"texture":"#0"},"north":{"uv":[10.5,6.125,12.875,6.375],"tintindex":0,"rotation":0,"texture":"#0"},"west":{"uv":[12.375,4.0,12.625,4.25],"tintindex":0,"rotation":0,"texture":"#0"},"up":{"uv":[12.875,6.875,10.5,6.625],"tintindex":0,"rotation":0,"texture":"#0"},"down":{"uv":[13.0,1.5,10.625,1.75],"tintindex":0,"rotation":0,"texture":"#0"}},"rotation":{"origin":[7.8333335,11.666667,8.055555],"angle":45.0,"axis":"z"}},{"from":[9.0,12.833334,5.531804],"to":[9.666667,15.0,5.8651376],"faces":{"east":{"uv":[4.25,12.125,4.375,13.0],"tintindex":0,"rotation":0,"texture":"#0"},"south":{"uv":[10.0,11.75,10.25,12.625],"tintindex":0,"rotation":0,"texture":"#0"},"north":{"uv":[1.375,11.75,1.625,12.625],"tintindex":0,"rotation":0,"texture":"#0"},"west":{"uv":[10.875,12.125,11.0,13.0],"tintindex":0,"rotation":0,"texture":"#0"},"up":{"uv":[10.125,5.75,9.875,5.625],"tintindex":0,"rotation":0,"texture":"#0"},"down":{"uv":[10.25,0.625,10.0,0.75],"tintindex":0,"rotation":0,"texture":"#0"}},"rotation":{"origin":[9.0,13.833334,5.698471],"angle":-45.0,"axis":"y"}},{"from":[9.333333,14.666667,6.3651376],"to":[9.666667,15.0,9.698471],"faces":{"east":{"uv":[11.5,11.0,12.75,11.125],"tintindex":0,"rotation":0,"texture":"#0"},"south":{"uv":[10.375,5.625,10.5,5.75],"tintindex":0,"rotation":0,"texture":"#0"},"north":{"uv":[10.375,3.375,10.5,3.5],"tintindex":0,"rotation":0,"texture":"#0"},"west":{"uv":[11.625,4.875,12.875,5.0],"tintindex":0,"rotation":0,"texture":"#0"},"up":{"uv":[6.0,13.125,5.875,11.875],"tintindex":0,"rotation":0,"texture":"#0"},"down":{"uv":[6.125,11.875,6.0,13.125],"tintindex":0,"rotation":0,"texture":"#0"}}},{"from":[3.083333,10.416667,6.9722223],"to":[4.083333,12.75,8.972222],"faces":{"east":{"uv":[0.0,9.625,0.75,10.5],"tintindex":0,"rotation":0,"texture":"#0"},"south":{"uv":[3.25,11.25,3.625,12.125],"tintindex":0,"rotation":0,"texture":"#0"},"north":{"uv":[3.25,11.25,3.625,12.125],"tintindex":0,"rotation":0,"texture":"#0"},"west":{"uv":[0.0,9.625,0.75,10.5],"tintindex":0,"rotation":0,"texture":"#0"},"up":{"uv":[8.75,11.625,8.375,12.375],"tintindex":0,"rotation":0,"texture":"#0"},"down":{"uv":[8.75,11.625,8.375,12.375],"tintindex":0,"rotation":0,"texture":"#0"}},"rotation":{"origin":[3.25,11.416667,7.9722223],"angle":-45.0,"axis":"z"}},{"from":[9.034646,-9.901997,6.333333],"to":[10.367979,-6.5686646,9.666667],"faces":{"east":{"uv":[0.0,7.5,1.25,8.75],"tintindex":0,"rotation":0,"texture":"#0"},"south":{"uv":[6.5,10.125,7.0,11.375],"tintindex":0,"rotation":0,"texture":"#0"},"north":{"uv":[4.125,10.0,4.625,11.25],"tintindex":0,"rotation":0,"texture":"#0"},"west":{"uv":[1.25,7.5,2.5,8.75],"tintindex":0,"rotation":0,"texture":"#0"},"up":{"uv":[7.5,11.375,7.0,10.125],"tintindex":0,"rotation":0,"texture":"#0"},"down":{"uv":[8.0,10.125,7.5,11.375],"tintindex":0,"rotation":0,"texture":"#0"}},"rotation":{"origin":[7.8333335,-7.461589,8.0],"angle":22.5,"axis":"z"}},{"from":[6.0,15.833334,5.8651376],"to":[6.333333,17.666668,9.698471],"faces":{"east":{"uv":[8.25,7.75,9.75,8.5],"tintindex":0,"rotation":0,"texture":"#0"},"south":{"uv":[11.25,12.125,11.375,12.875],"tintindex":0,"rotation":0,"texture":"#0"},"north":{"uv":[5.625,7.75,5.75,8.5],"tintindex":0,"rotation":0,"texture":"#0"},"west":{"uv":[4.5,8.5,6.0,9.25],"tintindex":0,"rotation":0,"texture":"#0"},"up":{"uv":[2.875,7.5,2.75,6.0],"tintindex":0,"rotation":0,"texture":"#0"},"down":{"uv":[4.625,11.25,4.5,12.75],"tintindex":0,"rotation":0,"texture":"#0"}}},{"from":[6.333333,14.666667,9.365138],"to":[9.333333,15.0,9.698471],"faces":{"east":{"uv":[10.375,6.125,10.5,6.25],"tintindex":0,"rotation":0,"texture":"#0"},"south":{"uv":[11.875,8.625,13.0,8.75],"tintindex":0,"rotation":0,"texture":"#0"},"north":{"uv":[11.875,8.5,13.0,8.625],"tintindex":0,"rotation":0,"texture":"#0"},"west":{"uv":[10.5,1.5,10.625,1.625],"tintindex":0,"rotation":0,"texture":"#0"},"up":{"uv":[13.125,0.5,12.0,0.375],"tintindex":0,"rotation":0,"texture":"#0"},"down":{"uv":[13.125,0.5,12.0,0.625],"tintindex":0,"rotation":0,"texture":"#0"}}},{"from":[6.1666665,-9.714968,9.40562],"to":[9.5,-6.3816338,10.738953],"faces":{"east":{"uv":[6.0,9.625,6.5,10.875],"tintindex":0,"rotation":0,"texture":"#0"},"south":{"uv":[7.0,7.25,8.25,8.5],"tintindex":0,"rotation":0,"texture":"#0"},"north":{"uv":[5.75,7.25,7.0,8.5],"tintindex":0,"rotation":0,"texture":"#0"},"west":{"uv":[3.625,10.0,4.125,11.25],"tintindex":0,"rotation":0,"texture":"#0"},"up":{"uv":[11.0,8.25,9.75,7.75],"tintindex":0,"rotation":0,"texture":"#0"},"down":{"uv":[11.125,2.0,9.875,2.5],"tintindex":0,"rotation":0,"texture":"#0"}},"rotation":{"origin":[8.166667,-7.8816338,8.572287],"angle":-22.5,"axis":"x"}},{"from":[9.333333,15.833334,5.8651376],"to":[9.666667,17.666668,9.698471],"faces":{"east":{"uv":[6.0,8.5,7.5,9.25],"tintindex":0,"rotation":0,"texture":"#0"},"south":{"uv":[12.25,3.75,12.375,4.5],"tintindex":0,"rotation":0,"texture":"#0"},"north":{"uv":[12.25,2.25,12.375,3.0],"tintindex":0,"rotation":0,"texture":"#0"},"west":{"uv":[7.5,8.5,9.0,9.25],"tintindex":0,"rotation":0,"texture":"#0"},"up":{"uv":[3.25,13.125,3.125,11.625],"tintindex":0,"rotation":0,"texture":"#0"},"down":{"uv":[10.375,11.75,10.25,13.25],"tintindex":0,"rotation":0,"texture":"#0"}}},{"from":[3.833333,-9.666668,4.0],"to":[11.833334,-8.666668,12.0],"faces":{"east":{"uv":[7.5,6.625,10.5,7.0],"tintindex":0,"rotation":0,"texture":"#0"},"south":{"uv":[8.25,7.0,11.25,7.375],"tintindex":0,"rotation":0,"texture":"#0"},"north":{"uv":[7.5,6.25,10.5,6.625],"tintindex":0,"rotation":0,"texture":"#0"},"west":{"uv":[8.25,7.375,11.25,7.75],"tintindex":0,"rotation":0,"texture":"#0"},"up":{"uv":[3.0,3.0,0.0,0.0],"tintindex":0,"rotation":0,"texture":"#0"},"down":{"uv":[3.0,3.0,0.0,6.0],"tintindex":0,"rotation":0,"texture":"#0"}}},{"from":[5.2986875,-9.901997,6.333333],"to":[6.632021,-6.5686646,9.666667],"faces":{"east":{"uv":[7.5,2.25,8.75,3.5],"tintindex":0,"rotation":0,"texture":"#0"},"south":{"uv":[8.5,10.125,9.0,11.375],"tintindex":0,"rotation":0,"texture":"#0"},"north":{"uv":[8.0,10.125,8.5,11.375],"tintindex":0,"rotation":0,"texture":"#0"},"west":{"uv":[7.5,5.0,8.75,6.25],"tintindex":0,"rotation":0,"texture":"#0"},"up":{"uv":[9.5,11.375,9.0,10.125],"tintindex":0,"rotation":0,"texture":"#0"},"down":{"uv":[10.0,10.125,9.5,11.375],"tintindex":0,"rotation":0,"texture":"#0"}},"rotation":{"origin":[7.8333335,-7.461589,8.0],"angle":-22.5,"axis":"z"}},{"from":[5.5,-6.333334,5.6666665],"to":[10.166667,-5.333334,10.333334],"faces":{"east":{"uv":[8.75,5.75,10.5,6.125],"tintindex":0,"rotation":0,"texture":"#0"},"south":{"uv":[8.875,1.625,10.625,2.0],"tintindex":0,"rotation":0,"texture":"#0"},"north":{"uv":[8.75,3.0,10.5,3.375],"tintindex":0,"rotation":0,"texture":"#0"},"west":{"uv":[4.75,9.25,6.5,9.625],"tintindex":0,"rotation":0,"texture":"#0"},"up":{"uv":[6.25,1.75,4.5,0.0],"tintindex":0,"rotation":0,"texture":"#0"},"down":{"uv":[6.25,1.75,4.5,3.5],"tintindex":0,"rotation":0,"texture":"#0"}},"rotation":{"origin":[7.8333335,-5.166667,8.0],"angle":45.0,"axis":"y"}},{"from":[7.3333335,-8.666668,7.5],"to":[8.333333,14.833334,8.5],"faces":{"east":{"uv":[3.0,0.0,3.375,8.875],"tintindex":0,"rotation":0,"texture":"#0"},"south":{"uv":[3.0,0.0,3.375,8.875],"tintindex":0,"rotation":0,"texture":"#0"},"north":{"uv":[3.0,0.0,3.375,8.875],"tintindex":0,"rotation":0,"texture":"#0"},"west":{"uv":[3.0,0.0,3.375,8.875],"tintindex":0,"rotation":0,"texture":"#0"},"up":{"uv":[3.0,0.0,3.375,8.875],"tintindex":0,"rotation":0,"texture":"#0"},"down":{"uv":[3.0,0.0,3.375,8.875],"tintindex":0,"rotation":0,"texture":"#0"}}},{"from":[4.6666665,14.5,7.7222223],"to":[11.0,15.166667,8.388889],"faces":{"east":{"uv":[12.375,2.75,12.625,3.0],"tintindex":0,"rotation":0,"texture":"#0"},"south":{"uv":[10.5,3.25,12.875,3.5],"tintindex":0,"rotation":0,"texture":"#0"},"north":{"uv":[10.5,3.0,12.875,3.25],"tintindex":0,"rotation":0,"texture":"#0"},"west":{"uv":[2.875,12.375,3.125,12.625],"tintindex":0,"rotation":0,"texture":"#0"},"up":{"uv":[12.875,5.875,10.5,5.625],"tintindex":0,"rotation":0,"texture":"#0"},"down":{"uv":[12.875,5.875,10.5,6.125],"tintindex":0,"rotation":0,"texture":"#0"}},"rotation":{"origin":[7.8333335,11.666667,8.055555],"angle":-45.0,"axis":"z"}},{"from":[11.583334,10.416667,6.9722223],"to":[12.583334,12.75,8.972222],"faces":{"east":{"uv":[0.75,9.625,0.0,10.5],"tintindex":0,"rotation":0,"texture":"#0"},"south":{"uv":[3.625,11.25,3.25,12.125],"tintindex":0,"rotation":0,"texture":"#0"},"north":{"uv":[3.625,11.25,3.25,12.125],"tintindex":0,"rotation":0,"texture":"#0"},"west":{"uv":[0.75,9.625,0.0,10.5],"tintindex":0,"rotation":0,"texture":"#0"},"up":{"uv":[8.375,11.625,8.75,12.375],"tintindex":0,"rotation":0,"texture":"#0"},"down":{"uv":[8.375,11.625,8.75,12.375],"tintindex":0,"rotation":0,"texture":"#0"}},"rotation":{"origin":[12.416667,11.416667,7.9722223],"angle":45.0,"axis":"z"}},{"from":[6.333333,17.333334,6.3651376],"to":[9.333333,17.666668,9.365138],"faces":{"east":{"uv":[11.875,7.75,13.0,7.875],"tintindex":0,"rotation":0,"texture":"#0"},"south":{"uv":[11.875,7.875,13.0,8.0],"tintindex":0,"rotation":0,"texture":"#0"},"north":{"uv":[11.875,7.625,13.0,7.75],"tintindex":0,"rotation":0,"texture":"#0"},"west":{"uv":[11.875,8.375,13.0,8.5],"tintindex":0,"rotation":0,"texture":"#0"},"up":{"uv":[8.875,1.125,7.75,0.0],"tintindex":0,"rotation":0,"texture":"#0"},"down":{"uv":[8.875,1.125,7.75,2.25],"tintindex":0,"rotation":0,"texture":"#0"}}},{"from":[6.333333,15.833334,9.365138],"to":[9.333333,17.666668,9.698471],"faces":{"east":{"uv":[12.125,12.25,12.25,13.0],"tintindex":0,"rotation":0,"texture":"#0"},"south":{"uv":[8.75,2.25,9.875,3.0],"tintindex":0,"rotation":0,"texture":"#0"},"north":{"uv":[4.5,7.75,5.625,8.5],"tintindex":0,"rotation":0,"texture":"#0"},"west":{"uv":[12.25,12.25,12.375,13.0],"tintindex":0,"rotation":0,"texture":"#0"},"up":{"uv":[13.0,4.875,11.875,4.75],"tintindex":0,"rotation":0,"texture":"#0"},"down":{"uv":[13.0,7.5,11.875,7.625],"tintindex":0,"rotation":0,"texture":"#0"}}},{"from":[0.33333302,10.833334,7.5555553],"to":[15.333334,11.833334,8.555555],"faces":{"east":{"uv":[5.125,12.0,5.5,12.375],"tintindex":0,"rotation":0,"texture":"#0"},"south":{"uv":[6.0,3.875,11.625,4.25],"tintindex":0,"rotation":0,"texture":"#0"},"north":{"uv":[6.0,3.5,11.625,3.875],"tintindex":0,"rotation":0,"texture":"#0"},"west":{"uv":[1.875,12.125,2.25,12.5],"tintindex":0,"rotation":0,"texture":"#0"},"up":{"uv":[11.625,4.625,6.0,4.25],"tintindex":0,"rotation":0,"texture":"#0"},"down":{"uv":[11.625,4.625,6.0,5.0],"tintindex":0,"rotation":0,"texture":"#0"}}},{"from":[6.0,14.666667,5.8651376],"to":[9.666667,15.0,6.3651376],"faces":{"east":{"uv":[10.0,1.5,10.25,1.625],"tintindex":0,"rotation":0,"texture":"#0"},"south":{"uv":[8.75,6.125,10.125,6.25],"tintindex":0,"rotation":0,"texture":"#0"},"north":{"uv":[8.75,3.375,10.125,3.5],"tintindex":0,"rotation":0,"texture":"#0"},"west":{"uv":[10.0,9.125,10.25,9.25],"tintindex":0,"rotation":0,"texture":"#0"},"up":{"uv":[12.25,5.625,10.875,5.375],"tintindex":0,"rotation":0,"texture":"#0"},"down":{"uv":[12.375,0.875,11.0,1.125],"tintindex":0,"rotation":0,"texture":"#0"}}},{"from":[2.9166665,10.666667,7.2222223],"to":[3.4166665,12.166667,8.722222],"faces":{"east":{"uv":[11.0,7.75,11.625,8.375],"tintindex":0,"rotation":0,"texture":"#0"},"south":{"uv":[6.125,11.875,6.375,12.5],"tintindex":0,"rotation":0,"texture":"#0"},"north":{"uv":[5.75,6.5,6.0,7.125],"tintindex":0,"rotation":0,"texture":"#0"},"west":{"uv":[11.0,10.125,11.625,10.75],"tintindex":0,"rotation":0,"texture":"#0"},"up":{"uv":[6.625,12.5,6.375,11.875],"tintindex":0,"rotation":0,"texture":"#0"},"down":{"uv":[12.125,6.875,11.875,7.5],"tintindex":0,"rotation":0,"texture":"#0"}}},{"from":[4.6666665,7.8333335,7.7222223],"to":[11.0,8.5,8.388889],"faces":{"east":{"uv":[12.375,2.5,12.625,2.75],"tintindex":0,"rotation":0,"texture":"#0"},"south":{"uv":[10.25,9.375,12.625,9.625],"tintindex":0,"rotation":0,"texture":"#0"},"north":{"uv":[10.25,9.125,12.625,9.375],"tintindex":0,"rotation":0,"texture":"#0"},"west":{"uv":[2.625,12.375,2.875,12.625],"tintindex":0,"rotation":0,"texture":"#0"},"up":{"uv":[12.625,9.875,10.25,9.625],"tintindex":0,"rotation":0,"texture":"#0"},"down":{"uv":[12.625,9.875,10.25,10.125],"tintindex":0,"rotation":0,"texture":"#0"}},"rotation":{"origin":[7.8333335,11.333334,8.055555],"angle":-45.0,"axis":"z"}},{"from":[12.25,10.666667,7.2222223],"to":[12.75,12.166667,8.722222],"faces":{"east":{"uv":[11.125,1.75,11.75,2.375],"tintindex":0,"rotation":0,"texture":"#0"},"south":{"uv":[11.625,11.875,11.875,12.5],"tintindex":0,"rotation":0,"texture":"#0"},"north":{"uv":[11.375,11.875,11.625,12.5],"tintindex":0,"rotation":0,"texture":"#0"},"west":{"uv":[10.0,11.125,10.625,11.75],"tintindex":0,"rotation":0,"texture":"#0"},"up":{"uv":[12.125,12.5,11.875,11.875],"tintindex":0,"rotation":0,"texture":"#0"},"down":{"uv":[1.875,12.0,1.625,12.625],"tintindex":0,"rotation":0,"texture":"#0"}}},{"from":[4.6666665,7.8333335,7.7222223],"to":[11.0,8.5,8.388889],"faces":{"east":{"uv":[12.375,2.25,12.625,2.5],"tintindex":0,"rotation":0,"texture":"#0"},"south":{"uv":[9.875,2.5,12.25,2.75],"tintindex":0,"rotation":0,"texture":"#0"},"north":{"uv":[9.75,1.25,12.125,1.5],"tintindex":0,"rotation":0,"texture":"#0"},"west":{"uv":[2.375,12.375,2.625,12.625],"tintindex":0,"rotation":0,"texture":"#0"},"up":{"uv":[12.25,3.0,9.875,2.75],"tintindex":0,"rotation":0,"texture":"#0"},"down":{"uv":[12.375,8.875,10.0,9.125],"tintindex":0,"rotation":0,"texture":"#0"}},"rotation":{"origin":[7.8333335,11.333334,8.055555],"angle":45.0,"axis":"z"}},{"from":[7.3333335,15.833334,5.8651376],"to":[8.333333,16.5,6.3651376],"faces":{"east":{"uv":[9.75,8.25,10.0,8.5],"tintindex":0,"rotation":0,"texture":"#0"},"south":{"uv":[7.875,7.0,8.25,7.25],"tintindex":0,"rotation":0,"texture":"#0"},"north":{"uv":[7.5,7.0,7.875,7.25],"tintindex":0,"rotation":0,"texture":"#0"},"west":{"uv":[12.375,0.875,12.625,1.125],"tintindex":0,"rotation":0,"texture":"#0"},"up":{"uv":[11.0,2.0,10.625,1.75],"tintindex":0,"rotation":0,"texture":"#0"},"down":{"uv":[12.625,4.5,12.25,4.75],"tintindex":0,"rotation":0,"texture":"#0"}}},{"from":[7.3333335,10.333334,6.5],"to":[8.333333,12.333334,9.5],"faces":{"east":{"uv":[8.75,5.0,9.875,5.75],"tintindex":0,"rotation":0,"texture":"#0"},"south":{"uv":[2.75,11.625,3.125,12.375],"tintindex":0,"rotation":0,"texture":"#0"},"north":{"uv":[2.375,11.625,2.75,12.375],"tintindex":0,"rotation":0,"texture":"#0"},"west":{"uv":[8.875,0.0,10.0,0.75],"tintindex":0,"rotation":0,"texture":"#0"},"up":{"uv":[2.0,12.0,1.625,10.875],"tintindex":0,"rotation":0,"texture":"#0"},"down":{"uv":[2.0,12.0,1.625,10.875],"tintindex":0,"rotation":0,"texture":"#0"}},"rotation":{"origin":[7.8333335,11.333334,8.0],"angle":-45.0,"axis":"z"}},{"from":[6.0,12.833334,5.531804],"to":[6.6666665,15.0,5.8651376],"faces":{"east":{"uv":[2.375,8.75,2.5,9.625],"tintindex":0,"rotation":0,"texture":"#0"},"south":{"uv":[1.125,11.75,1.375,12.625],"tintindex":0,"rotation":0,"texture":"#0"},"north":{"uv":[8.75,11.625,9.0,12.5],"tintindex":0,"rotation":0,"texture":"#0"},"west":{"uv":[3.5,10.25,3.625,11.125],"tintindex":0,"rotation":0,"texture":"#0"},"up":{"uv":[6.0,7.25,5.75,7.125],"tintindex":0,"rotation":0,"texture":"#0"},"down":{"uv":[10.0,1.5,9.75,1.625],"tintindex":0,"rotation":0,"texture":"#0"}},"rotation":{"origin":[6.6666665,13.833334,5.698471],"angle":45.0,"axis":"y"}},{"from":[6.6666665,13.833334,5.8651376],"to":[9.0,14.666667,6.3651376],"faces":{"east":{"uv":[11.0,12.125,11.25,12.5],"tintindex":0,"rotation":0,"texture":"#0"},"south":{"uv":[2.375,11.25,3.25,11.625],"tintindex":0,"rotation":0,"texture":"#0"},"north":{"uv":[11.0,8.375,11.875,8.75],"tintindex":0,"rotation":0,"texture":"#0"},"west":{"uv":[12.125,11.875,12.375,12.25],"tintindex":0,"rotation":0,"texture":"#0"},"up":{"uv":[9.75,2.25,8.875,2.0],"tintindex":0,"rotation":0,"texture":"#0"},"down":{"uv":[12.625,1.75,11.75,2.0],"tintindex":0,"rotation":0,"texture":"#0"}}},{"from":[5.833333,-8.666668,6.0],"to":[9.833333,-5.666667,10.0],"faces":{"east":{"uv":[6.0,6.125,7.5,7.25],"tintindex":0,"rotation":0,"texture":"#0"},"south":{"uv":[6.25,0.0,7.75,1.125],"tintindex":0,"rotation":0,"texture":"#0"},"north":{"uv":[6.0,5.0,7.5,6.125],"tintindex":0,"rotation":0,"texture":"#0"},"west":{"uv":[6.25,1.125,7.75,2.25],"tintindex":0,"rotation":0,"texture":"#0"},"up":{"uv":[6.0,5.0,4.5,3.5],"tintindex":0,"rotation":0,"texture":"#0"},"down":{"uv":[6.0,5.0,4.5,6.5],"tintindex":0,"rotation":0,"texture":"#0"}}},{"from":[6.333333,16.5,5.8651376],"to":[9.333333,17.666668,6.3651376],"faces":{"east":{"uv":[4.0,12.125,4.25,12.625],"tintindex":0,"rotation":0,"texture":"#0"},"south":{"uv":[2.375,10.75,3.5,11.25],"tintindex":0,"rotation":0,"texture":"#0"},"north":{"uv":[2.375,10.25,3.5,10.75],"tintindex":0,"rotation":0,"texture":"#0"},"west":{"uv":[12.125,6.875,12.375,7.375],"tintindex":0,"rotation":0,"texture":"#0"},"up":{"uv":[12.5,11.375,11.375,11.125],"tintindex":0,"rotation":0,"texture":"#0"},"down":{"uv":[12.5,11.375,11.375,11.625],"tintindex":0,"rotation":0,"texture":"#0"}}},{"from":[6.1666665,-9.714968,5.261047],"to":[9.5,-6.3816338,6.5943804],"faces":{"east":{"uv":[1.5,9.625,2.0,10.875],"tintindex":0,"rotation":0,"texture":"#0"},"south":{"uv":[4.5,6.5,5.75,7.75],"tintindex":0,"rotation":0,"texture":"#0"},"north":{"uv":[6.25,2.25,7.5,3.5],"tintindex":0,"rotation":0,"texture":"#0"},"west":{"uv":[5.5,9.625,6.0,10.875],"tintindex":0,"rotation":0,"texture":"#0"},"up":{"uv":[11.0,1.25,9.75,0.75],"tintindex":0,"rotation":0,"texture":"#0"},"down":{"uv":[3.625,9.75,2.375,10.25],"tintindex":0,"rotation":0,"texture":"#0"}},"rotation":{"origin":[8.166667,-7.8816338,7.427714],"angle":22.5,"axis":"x"}},{"from":[2.4166665,4.9166665,8.305555],"to":[3.4166665,10.916667,8.305555],"faces":{"south":{"uv":[2.875,7.5,2.5,9.75],"tintindex":0,"rotation":0,"texture":"#0"},"north":{"uv":[2.5,7.5,2.875,9.75],"tintindex":0,"rotation":0,"texture":"#0"}}},{"from":[12.25,6.9166665,8.305555],"to":[13.25,10.916667,8.305555],"faces":{"south":{"uv":[5.5,10.5,5.125,12.0],"tintindex":0,"rotation":0,"texture":"#0"},"north":{"uv":[5.125,10.5,5.5,12.0],"tintindex":0,"rotation":0,"texture":"#0"}}}],"display":{"gui":{"rotation":[30,225,0]}}}