{"textures":{"0":"modelengine:entity/hanging_skeleton"},"elements":[{"from":[20.18198,13.075378,7.5],"to":[29.18198,15.075378,8.5],"faces":{"east":{"uv":[4.625,10.0,4.75,10.25],"tintindex":0,"rotation":0,"texture":"#0"},"south":{"uv":[11.625,10.125,12.75,10.375],"tintindex":0,"rotation":0,"texture":"#0"},"north":{"uv":[11.625,8.0,12.75,8.25],"tintindex":0,"rotation":0,"texture":"#0"},"west":{"uv":[4.625,10.25,4.75,10.5],"tintindex":0,"rotation":0,"texture":"#0"},"up":{"uv":[13.25,1.375,12.125,1.25],"tintindex":0,"rotation":0,"texture":"#0"},"down":{"uv":[13.25,1.375,12.125,1.5],"tintindex":0,"rotation":0,"texture":"#0"}},"rotation":{"origin":[17.18198,6.5753784,8.0],"angle":45.0,"axis":"z"}},{"from":[11.18198,13.075378,7.5],"to":[20.18198,15.075378,8.5],"faces":{"east":{"uv":[11.0,1.75,11.125,2.0],"tintindex":0,"rotation":0,"texture":"#0"},"south":{"uv":[6.75,11.375,7.875,11.625],"tintindex":0,"rotation":0,"texture":"#0"},"north":{"uv":[11.625,10.375,12.75,10.625],"tintindex":0,"rotation":0,"texture":"#0"},"west":{"uv":[12.125,2.25,12.25,2.5],"tintindex":0,"rotation":0,"texture":"#0"},"up":{"uv":[13.25,2.125,12.125,2.0],"tintindex":0,"rotation":0,"texture":"#0"},"down":{"uv":[13.25,2.125,12.125,2.25],"tintindex":0,"rotation":0,"texture":"#0"}},"rotation":{"origin":[17.18198,6.5753784,8.0],"angle":45.0,"axis":"z"}}],"display":{"gui":{"rotation":[30,225,0]}}}