{"textures":{"0":"modelengine:entity/hanging_skeleton"},"elements":[{"from":[11.0,11.5,3.0333333],"to":[5.0,18.5,10.033333],"faces":{"east":{"uv":[8.875,0.75,9.75,1.625],"tintindex":0,"rotation":0,"texture":"#0"},"south":{"uv":[7.25,9.25,8.0,10.125],"tintindex":0,"rotation":0,"texture":"#0"},"north":{"uv":[6.5,9.25,7.25,10.125],"tintindex":0,"rotation":0,"texture":"#0"},"west":{"uv":[2.875,8.875,3.75,9.75],"tintindex":0,"rotation":0,"texture":"#0"},"up":{"uv":[8.75,10.125,8.0,9.25],"tintindex":0,"rotation":0,"texture":"#0"},"down":{"uv":[9.5,9.25,8.75,10.125],"tintindex":0,"rotation":0,"texture":"#0"}},"rotation":{"origin":[7.5,15.0,6.5333333],"angle":-22.5,"axis":"x"}},{"from":[12.0,4.5,5.9333334],"to":[4.0,11.5,10.933333],"faces":{"east":{"uv":[0.375,10.875,1.0,11.75],"tintindex":0,"rotation":0,"texture":"#0"},"south":{"uv":[1.0,8.75,2.0,9.625],"tintindex":0,"rotation":0,"texture":"#0"},"north":{"uv":[0.0,8.75,1.0,9.625],"tintindex":0,"rotation":0,"texture":"#0"},"west":{"uv":[1.0,10.875,1.625,11.75],"tintindex":0,"rotation":0,"texture":"#0"},"up":{"uv":[10.875,5.625,9.875,5.0],"tintindex":0,"rotation":0,"texture":"#0"},"down":{"uv":[11.0,0.0,10.0,0.625],"tintindex":0,"rotation":0,"texture":"#0"}}},{"from":[5.0,11.5,3.0333333],"to":[11.0,18.5,10.033333],"faces":{"east":{"uv":[8.875,0.75,9.75,1.625],"tintindex":0,"rotation":0,"texture":"#0"},"south":{"uv":[7.25,9.25,8.0,10.125],"tintindex":0,"rotation":0,"texture":"#0"},"north":{"uv":[6.5,9.25,7.25,10.125],"tintindex":0,"rotation":0,"texture":"#0"},"west":{"uv":[2.875,8.875,3.75,9.75],"tintindex":0,"rotation":0,"texture":"#0"},"up":{"uv":[8.75,10.125,8.0,9.25],"tintindex":0,"rotation":0,"texture":"#0"},"down":{"uv":[9.5,9.25,8.75,10.125],"tintindex":0,"rotation":0,"texture":"#0"}},"rotation":{"origin":[7.5,15.0,6.5333333],"angle":-22.5,"axis":"x"}},{"from":[7.0,-4.5,9.033333],"to":[9.0,13.5,10.033333],"faces":{"east":{"uv":[2.875,6.0,3.0,8.25],"tintindex":0,"rotation":0,"texture":"#0"},"south":{"uv":[4.875,10.5,5.125,12.75],"tintindex":0,"rotation":0,"texture":"#0"},"north":{"uv":[4.625,10.5,4.875,12.75],"tintindex":0,"rotation":0,"texture":"#0"},"west":{"uv":[4.375,11.25,4.5,13.5],"tintindex":0,"rotation":0,"texture":"#0"},"up":{"uv":[10.375,3.5,10.125,3.375],"tintindex":0,"rotation":0,"texture":"#0"},"down":{"uv":[10.375,5.625,10.125,5.75],"tintindex":0,"rotation":0,"texture":"#0"}}},{"from":[4.0,4.5,5.9333334],"to":[12.0,11.5,10.933333],"faces":{"east":{"uv":[0.375,10.875,1.0,11.75],"tintindex":0,"rotation":0,"texture":"#0"},"south":{"uv":[1.0,8.75,2.0,9.625],"tintindex":0,"rotation":0,"texture":"#0"},"north":{"uv":[0.0,8.75,1.0,9.625],"tintindex":0,"rotation":0,"texture":"#0"},"west":{"uv":[1.0,10.875,1.625,11.75],"tintindex":0,"rotation":0,"texture":"#0"},"up":{"uv":[10.875,5.625,9.875,5.0],"tintindex":0,"rotation":0,"texture":"#0"},"down":{"uv":[11.0,0.0,10.0,0.625],"tintindex":0,"rotation":0,"texture":"#0"}}},{"from":[4.0,-4.5,6.0333333],"to":[12.0,-0.5,11.033333],"faces":{"east":{"uv":[5.5,11.375,6.125,11.875],"tintindex":0,"rotation":0,"texture":"#0"},"south":{"uv":[11.0,0.375,12.0,0.875],"tintindex":0,"rotation":0,"texture":"#0"},"north":{"uv":[5.5,10.875,6.5,11.375],"tintindex":0,"rotation":0,"texture":"#0"},"west":{"uv":[6.125,11.375,6.75,11.875],"tintindex":0,"rotation":0,"texture":"#0"},"up":{"uv":[11.0,8.875,10.0,8.25],"tintindex":0,"rotation":0,"texture":"#0"},"down":{"uv":[11.0,10.125,10.0,10.75],"tintindex":0,"rotation":0,"texture":"#0"}},"rotation":{"origin":[8.0,-2.5,8.533333],"angle":-22.5,"axis":"x"}}],"display":{"gui":{"rotation":[30,225,0]}}}