{"textures":{"0":"modelengine:entity/hanging_skeleton"},"elements":[{"from":[-13.18198,13.075378,7.5],"to":[-4.18198,15.075378,8.5],"faces":{"east":{"uv":[9.75,2.0,9.875,2.25],"tintindex":0,"rotation":0,"texture":"#0"},"south":{"uv":[11.625,3.5,12.75,3.75],"tintindex":0,"rotation":0,"texture":"#0"},"north":{"uv":[11.5,10.75,12.625,11.0],"tintindex":0,"rotation":0,"texture":"#0"},"west":{"uv":[3.625,9.75,3.75,10.0],"tintindex":0,"rotation":0,"texture":"#0"},"up":{"uv":[13.125,0.75,12.0,0.625],"tintindex":0,"rotation":0,"texture":"#0"},"down":{"uv":[13.125,0.75,12.0,0.875],"tintindex":0,"rotation":0,"texture":"#0"}},"rotation":{"origin":[-1.1819801,6.5753784,8.0],"angle":-45.0,"axis":"z"}},{"from":[-4.18198,13.075378,7.5],"to":[4.8180194,15.075378,8.5],"faces":{"east":{"uv":[2.875,8.25,3.0,8.5],"tintindex":0,"rotation":0,"texture":"#0"},"south":{"uv":[7.875,11.375,6.75,11.625],"tintindex":0,"rotation":0,"texture":"#0"},"north":{"uv":[6.75,11.375,7.875,11.625],"tintindex":0,"rotation":0,"texture":"#0"},"west":{"uv":[2.875,8.5,3.0,8.75],"tintindex":0,"rotation":0,"texture":"#0"},"up":{"uv":[12.75,8.375,11.625,8.25],"tintindex":0,"rotation":0,"texture":"#0"},"down":{"uv":[12.75,10.625,11.625,10.75],"tintindex":0,"rotation":0,"texture":"#0"}},"rotation":{"origin":[-1.1819801,6.5753784,8.0],"angle":-45.0,"axis":"z"}}],"display":{"gui":{"rotation":[30,225,0]}}}