{"textures":{"0":"modelengine:entity/hanging_skeleton"},"elements":[{"from":[7.0,-9.333332,7.333333],"to":[9.0,-0.33333206,8.333333],"faces":{"east":{"uv":[3.25,12.125,3.375,13.25],"tintindex":0,"rotation":0,"texture":"#0"},"south":{"uv":[11.625,6.875,11.875,8.0],"tintindex":0,"rotation":0,"texture":"#0"},"north":{"uv":[6.75,11.625,7.0,12.75],"tintindex":0,"rotation":0,"texture":"#0"},"west":{"uv":[3.375,12.125,3.5,13.25],"tintindex":0,"rotation":0,"texture":"#0"},"up":{"uv":[10.5,1.625,10.25,1.5],"tintindex":0,"rotation":0,"texture":"#0"},"down":{"uv":[10.75,0.625,10.5,0.75],"tintindex":0,"rotation":0,"texture":"#0"}}},{"from":[6.5,-13.333332,7.333333],"to":[9.5,-9.333332,9.333333],"faces":{"east":{"uv":[9.0,12.125,9.25,12.625],"tintindex":0,"rotation":0,"texture":"#0"},"south":{"uv":[11.875,3.75,12.25,4.25],"tintindex":0,"rotation":0,"texture":"#0"},"north":{"uv":[11.75,2.0,12.125,2.5],"tintindex":0,"rotation":0,"texture":"#0"},"west":{"uv":[9.25,12.125,9.5,12.625],"tintindex":0,"rotation":0,"texture":"#0"},"up":{"uv":[12.625,5.25,12.25,5.0],"tintindex":0,"rotation":0,"texture":"#0"},"down":{"uv":[12.625,5.25,12.25,5.5],"tintindex":0,"rotation":0,"texture":"#0"}}},{"from":[7.0,-0.33333206,7.333333],"to":[9.0,8.666668,8.333333],"faces":{"east":{"uv":[6.625,11.875,6.75,13.0],"tintindex":0,"rotation":0,"texture":"#0"},"south":{"uv":[11.625,3.75,11.875,4.875],"tintindex":0,"rotation":0,"texture":"#0"},"north":{"uv":[9.75,11.375,10.0,12.5],"tintindex":0,"rotation":0,"texture":"#0"},"west":{"uv":[2.25,12.125,2.375,13.25],"tintindex":0,"rotation":0,"texture":"#0"},"up":{"uv":[10.375,6.25,10.125,6.125],"tintindex":0,"rotation":0,"texture":"#0"},"down":{"uv":[10.5,0.625,10.25,0.75],"tintindex":0,"rotation":0,"texture":"#0"}}}],"display":{"gui":{"rotation":[30,225,0]}}}