{"textures":{"0":"modelengine:entity/hanging_skeleton"},"elements":[{"from":[6.5,-13.333332,7.333333],"to":[9.5,-9.333332,9.333333],"faces":{"east":{"uv":[9.5,12.125,9.75,12.625],"tintindex":0,"rotation":0,"texture":"#0"},"south":{"uv":[5.5,11.875,5.875,12.375],"tintindex":0,"rotation":0,"texture":"#0"},"north":{"uv":[11.875,4.25,12.25,4.75],"tintindex":0,"rotation":0,"texture":"#0"},"west":{"uv":[10.625,12.125,10.875,12.625],"tintindex":0,"rotation":0,"texture":"#0"},"up":{"uv":[0.375,12.625,0.0,12.375],"tintindex":0,"rotation":0,"texture":"#0"},"down":{"uv":[12.75,0.0,12.375,0.25],"tintindex":0,"rotation":0,"texture":"#0"}}},{"from":[7.0,-0.33333206,7.333333],"to":[9.0,8.666668,8.333333],"faces":{"east":{"uv":[3.75,12.125,3.875,13.25],"tintindex":0,"rotation":0,"texture":"#0"},"south":{"uv":[7.75,11.625,8.0,12.75],"tintindex":0,"rotation":0,"texture":"#0"},"north":{"uv":[7.5,11.625,7.75,12.75],"tintindex":0,"rotation":0,"texture":"#0"},"west":{"uv":[3.875,12.125,4.0,13.25],"tintindex":0,"rotation":0,"texture":"#0"},"up":{"uv":[11.0,7.0,10.75,6.875],"tintindex":0,"rotation":0,"texture":"#0"},"down":{"uv":[11.25,6.875,11.0,7.0],"tintindex":0,"rotation":0,"texture":"#0"}}},{"from":[7.0,-9.333332,7.333333],"to":[9.0,-0.33333206,8.333333],"faces":{"east":{"uv":[3.5,12.125,3.625,13.25],"tintindex":0,"rotation":0,"texture":"#0"},"south":{"uv":[7.25,11.625,7.5,12.75],"tintindex":0,"rotation":0,"texture":"#0"},"north":{"uv":[7.0,11.625,7.25,12.75],"tintindex":0,"rotation":0,"texture":"#0"},"west":{"uv":[3.625,12.125,3.75,13.25],"tintindex":0,"rotation":0,"texture":"#0"},"up":{"uv":[10.75,7.0,10.5,6.875],"tintindex":0,"rotation":0,"texture":"#0"},"down":{"uv":[11.0,0.625,10.75,0.75],"tintindex":0,"rotation":0,"texture":"#0"}}}],"display":{"gui":{"rotation":[30,225,0]}}}