{"textures":{"0":"modelengine:entity/boomerang_splash"},"elements":[{"from":[4.0,8.0,12.0],"to":[12.0,31.0,12.0],"faces":{"south":{"uv":[2.75,0.0,4.75,5.75],"tintindex":0,"rotation":0,"texture":"#0"},"north":{"uv":[2.75,0.0,4.75,5.75],"tintindex":0,"rotation":0,"texture":"#0"}}},{"from":[12.0,8.0,4.0],"to":[12.0,31.0,12.0],"faces":{"east":{"uv":[2.75,0.0,4.75,5.75],"tintindex":0,"rotation":0,"texture":"#0"},"west":{"uv":[2.75,0.0,4.75,5.75],"tintindex":0,"rotation":0,"texture":"#0"}}},{"from":[4.0,8.0,4.0],"to":[4.0,31.0,12.0],"faces":{"east":{"uv":[2.75,0.0,4.75,5.75],"tintindex":0,"rotation":0,"texture":"#0"},"west":{"uv":[2.75,0.0,4.75,5.75],"tintindex":0,"rotation":0,"texture":"#0"}}},{"from":[4.0,8.0,4.0],"to":[12.0,31.0,4.0],"faces":{"south":{"uv":[2.75,0.0,4.75,5.75],"tintindex":0,"rotation":0,"texture":"#0"},"north":{"uv":[2.75,0.0,4.75,5.75],"tintindex":0,"rotation":0,"texture":"#0"}}}],"display":{"gui":{"rotation":[30,225,0]}}}