{"textures":{"0":"modelengine:entity/boomerang_splash"},"elements":[{"from":[0.0,8.0,0.0],"to":[16.0,22.0,0.0],"faces":{"south":{"uv":[5.5,0.0,9.5,3.5],"tintindex":0,"rotation":0,"texture":"#0"},"north":{"uv":[5.5,0.0,9.5,3.5],"tintindex":0,"rotation":0,"texture":"#0"}}},{"from":[0.0,8.0,0.0],"to":[0.0,22.0,16.0],"faces":{"east":{"uv":[5.5,0.0,9.5,3.5],"tintindex":0,"rotation":0,"texture":"#0"},"west":{"uv":[5.5,0.0,9.5,3.5],"tintindex":0,"rotation":0,"texture":"#0"}}},{"from":[16.0,8.0,0.0],"to":[16.0,22.0,16.0],"faces":{"east":{"uv":[5.5,0.0,9.5,3.5],"tintindex":0,"rotation":0,"texture":"#0"},"west":{"uv":[5.5,0.0,9.5,3.5],"tintindex":0,"rotation":0,"texture":"#0"}}},{"from":[0.0,8.0,16.0],"to":[16.0,22.0,16.0],"faces":{"south":{"uv":[5.5,0.0,9.5,3.5],"tintindex":0,"rotation":0,"texture":"#0"},"north":{"uv":[5.5,0.0,9.5,3.5],"tintindex":0,"rotation":0,"texture":"#0"}}}],"display":{"gui":{"rotation":[30,225,0]}}}