{"textures":{"0":"modelengine:entity/thunderblade_guardian"},"elements":[{"from":[2.0,4.0,4.0],"to":[14.0,11.0,12.0],"faces":{"east":{"uv":[7.0,4.125,8.0,5.0],"tintindex":0,"rotation":0,"texture":"#0"},"south":{"uv":[3.75,0.0,5.25,0.875],"tintindex":0,"rotation":0,"texture":"#0"},"north":{"uv":[3.25,3.5,4.75,4.375],"tintindex":0,"rotation":0,"texture":"#0"},"west":{"uv":[7.125,5.0,8.125,5.875],"tintindex":0,"rotation":0,"texture":"#0"},"up":{"uv":[4.75,3.5,3.25,2.5],"tintindex":0,"rotation":0,"texture":"#0"},"down":{"uv":[2.375,3.5,0.875,4.5],"tintindex":0,"rotation":0,"texture":"#0"}}}],"display":{"gui":{"rotation":[30,225,0]}}}