{"textures":{"0":"modelengine:entity/thunderblade_guardian"},"elements":[{"from":[5.0,-5.0,5.0],"to":[11.0,8.0,11.0],"faces":{"east":{"uv":[5.25,0.0,6.0,1.625],"tintindex":0,"rotation":0,"texture":"#0"},"south":{"uv":[5.5,1.625,6.25,3.25],"tintindex":0,"rotation":0,"texture":"#0"},"north":{"uv":[4.75,2.0,5.5,3.625],"tintindex":0,"rotation":0,"texture":"#0"},"west":{"uv":[2.25,5.5,3.0,7.125],"tintindex":0,"rotation":0,"texture":"#0"},"up":{"uv":[8.75,3.625,8.0,2.875],"tintindex":0,"rotation":0,"texture":"#0"},"down":{"uv":[0.75,8.375,0.0,9.125],"tintindex":0,"rotation":0,"texture":"#0"}}}],"display":{"gui":{"rotation":[30,225,0]}}}