{"textures":{"0":"modelengine:entity/thunderblade_guardian"},"elements":[{"from":[4.5,-2.5,6.0],"to":[11.5,11.5,14.0],"faces":{"east":{"uv":[1.375,0.0,2.375,1.75],"tintindex":0,"rotation":0,"texture":"#0"},"south":{"uv":[0.0,2.75,0.875,4.5],"tintindex":0,"rotation":0,"texture":"#0"},"north":{"uv":[2.375,2.5,3.25,4.25],"tintindex":0,"rotation":0,"texture":"#0"},"west":{"uv":[1.375,1.75,2.375,3.5],"tintindex":0,"rotation":0,"texture":"#0"},"up":{"uv":[7.625,1.375,6.75,0.375],"tintindex":0,"rotation":0,"texture":"#0"},"down":{"uv":[5.625,7.0,4.75,8.0],"tintindex":0,"rotation":0,"texture":"#0"}}}],"display":{"gui":{"rotation":[30,225,0]}}}