{"textures":{"0":"modelengine:entity/thunderblade_guardian"},"elements":[{"from":[6.0,-3.0,6.0],"to":[10.0,8.0,10.0],"faces":{"east":{"uv":[6.875,8.0,7.375,9.375],"tintindex":0,"rotation":0,"texture":"#0"},"south":{"uv":[8.0,7.25,8.5,8.625],"tintindex":0,"rotation":0,"texture":"#0"},"north":{"uv":[5.125,8.0,5.625,9.375],"tintindex":0,"rotation":0,"texture":"#0"},"west":{"uv":[7.375,8.0,7.875,9.375],"tintindex":0,"rotation":0,"texture":"#0"},"up":{"uv":[7.75,10.25,7.25,9.75],"tintindex":0,"rotation":0,"texture":"#0"},"down":{"uv":[10.25,9.5,9.75,10.0],"tintindex":0,"rotation":0,"texture":"#0"}}}],"display":{"gui":{"rotation":[30,225,0]}}}