{"textures":{"0":"modelengine:entity/thunderblade_guardian"},"elements":[{"from":[3.5,11.5,3.4],"to":[6.5,13.5,3.4],"faces":{"east":{"uv":[15.875,15.875,16.0,16.0],"tintindex":0,"rotation":0,"texture":"#0"},"south":{"uv":[10.25,10.25,10.625,10.5],"tintindex":0,"rotation":0,"texture":"#0"},"north":{"uv":[10.25,10.0,10.625,10.25],"tintindex":0,"rotation":0,"texture":"#0"},"west":{"uv":[15.875,15.875,16.0,16.0],"tintindex":0,"rotation":0,"texture":"#0"},"up":{"uv":[15.875,15.875,16.0,16.0],"tintindex":0,"rotation":0,"texture":"#0"},"down":{"uv":[15.875,15.875,16.0,16.0],"tintindex":0,"rotation":0,"texture":"#0"}},"rotation":{"origin":[5.0,12.5,3.4],"angle":-22.5,"axis":"z"}},{"from":[12.5,10.0,4.5],"to":[12.5,13.0,11.5],"faces":{"east":{"uv":[10.125,4.125,9.25,4.5],"tintindex":0,"rotation":0,"texture":"#0"},"west":{"uv":[9.25,4.125,10.125,4.5],"tintindex":0,"rotation":0,"texture":"#0"}},"rotation":{"origin":[12.5,16.0,4.5],"angle":45.0,"axis":"y"}},{"from":[3.5,10.0,4.5],"to":[3.5,13.0,11.5],"faces":{"east":{"uv":[10.125,4.125,9.25,4.5],"tintindex":0,"rotation":0,"texture":"#0"},"west":{"uv":[9.25,4.125,10.125,4.5],"tintindex":0,"rotation":0,"texture":"#0"}},"rotation":{"origin":[3.5,16.0,4.5],"angle":-45.0,"axis":"y"}},{"from":[6.0,13.5,11.0],"to":[10.0,17.5,15.0],"faces":{"east":{"uv":[0.0,9.75,0.5,10.25],"tintindex":0,"rotation":0,"texture":"#0"},"south":{"uv":[9.75,3.0,10.25,3.5],"tintindex":0,"rotation":0,"texture":"#0"},"north":{"uv":[5.75,5.0,6.25,5.5],"tintindex":0,"rotation":0,"texture":"#0"},"west":{"uv":[3.5,9.75,4.0,10.25],"tintindex":0,"rotation":0,"texture":"#0"},"up":{"uv":[6.75,10.25,6.25,9.75],"tintindex":0,"rotation":0,"texture":"#0"},"down":{"uv":[7.25,9.75,6.75,10.25],"tintindex":0,"rotation":0,"texture":"#0"}},"rotation":{"origin":[6.5,14.0,12.5],"angle":-45.0,"axis":"x"}},{"from":[3.5,8.0,3.5],"to":[12.5,17.0,12.5],"faces":{"east":{"uv":[2.375,4.375,3.5,5.5],"tintindex":0,"rotation":0,"texture":"#0"},"south":{"uv":[3.5,4.375,4.625,5.5],"tintindex":0,"rotation":0,"texture":"#0"},"north":{"uv":[3.75,0.875,4.875,2.0],"tintindex":0,"rotation":0,"texture":"#0"},"west":{"uv":[0.0,4.5,1.125,5.625],"tintindex":0,"rotation":0,"texture":"#0"},"up":{"uv":[2.25,5.625,1.125,4.5],"tintindex":0,"rotation":0,"texture":"#0"},"down":{"uv":[5.75,4.375,4.625,5.5],"tintindex":0,"rotation":0,"texture":"#0"}}},{"from":[6.5,14.0,12.5],"to":[9.5,17.0,18.5],"faces":{"east":{"uv":[9.5,4.875,10.25,5.25],"tintindex":0,"rotation":0,"texture":"#0"},"south":{"uv":[0.0,10.25,0.375,10.625],"tintindex":0,"rotation":0,"texture":"#0"},"north":{"uv":[8.875,1.0,9.25,1.375],"tintindex":0,"rotation":0,"texture":"#0"},"west":{"uv":[9.625,7.125,10.375,7.5],"tintindex":0,"rotation":0,"texture":"#0"},"up":{"uv":[2.0,10.375,1.625,9.625],"tintindex":0,"rotation":0,"texture":"#0"},"down":{"uv":[10.0,7.5,9.625,8.25],"tintindex":0,"rotation":0,"texture":"#0"}},"rotation":{"origin":[6.5,14.0,12.5],"angle":-45.0,"axis":"x"}},{"from":[9.5,11.5,3.4],"to":[12.5,13.5,3.4],"faces":{"east":{"uv":[15.875,15.875,16.0,16.0],"tintindex":0,"rotation":0,"texture":"#0"},"south":{"uv":[10.625,10.25,10.25,10.5],"tintindex":0,"rotation":0,"texture":"#0"},"north":{"uv":[10.625,10.0,10.25,10.25],"tintindex":0,"rotation":0,"texture":"#0"},"west":{"uv":[15.875,15.875,16.0,16.0],"tintindex":0,"rotation":0,"texture":"#0"},"up":{"uv":[15.875,15.875,16.0,16.0],"tintindex":0,"rotation":0,"texture":"#0"},"down":{"uv":[15.875,15.875,16.0,16.0],"tintindex":0,"rotation":0,"texture":"#0"}},"rotation":{"origin":[11.0,12.5,3.4],"angle":22.5,"axis":"z"}},{"from":[5.5,8.0,-0.5],"to":[10.5,13.0,3.5],"faces":{"east":{"uv":[0.875,2.75,1.375,3.375],"tintindex":0,"rotation":0,"texture":"#0"},"south":{"uv":[9.0,7.125,9.625,7.75],"tintindex":0,"rotation":0,"texture":"#0"},"north":{"uv":[8.875,0.375,9.5,1.0],"tintindex":0,"rotation":0,"texture":"#0"},"west":{"uv":[5.125,9.375,5.625,10.0],"tintindex":0,"rotation":0,"texture":"#0"},"up":{"uv":[10.125,0.75,9.5,0.25],"tintindex":0,"rotation":0,"texture":"#0"},"down":{"uv":[10.125,0.75,9.5,1.25],"tintindex":0,"rotation":0,"texture":"#0"}},"rotation":{"origin":[10.5,13.0,3.5],"angle":-22.5,"axis":"x"}},{"from":[8.0,14.0,2.5],"to":[8.0,21.0,5.5],"faces":{"east":{"uv":[9.75,2.625,9.375,3.5],"tintindex":0,"rotation":0,"texture":"#0"},"west":{"uv":[9.375,2.625,9.75,3.5],"tintindex":0,"rotation":0,"texture":"#0"}},"rotation":{"origin":[8.0,17.0,3.5],"angle":22.5,"axis":"x"}}],"display":{"gui":{"rotation":[30,225,0]}}}