{"textures":{"0":"modelengine:entity/thunderblade_guardian"},"elements":[{"from":[12.949747,8.035534,6.0],"to":[12.949747,15.035534,8.0],"faces":{"east":{"uv":[5.625,4.375,4.75,4.125],"tintindex":0,"rotation":90,"texture":"#0"},"south":{"uv":[15.875,15.875,16.0,16.0],"tintindex":0,"rotation":0,"texture":"#0"},"north":{"uv":[15.875,15.875,16.0,16.0],"tintindex":0,"rotation":0,"texture":"#0"},"west":{"uv":[5.625,4.125,4.75,4.375],"tintindex":0,"rotation":90,"texture":"#0"},"up":{"uv":[15.875,15.875,16.0,16.0],"tintindex":0,"rotation":0,"texture":"#0"},"down":{"uv":[15.875,15.875,16.0,16.0],"tintindex":0,"rotation":0,"texture":"#0"}},"rotation":{"origin":[12.949747,11.535534,7.0],"angle":-22.5,"axis":"z"}},{"from":[-2.6568546,6.121319,8.0],"to":[4.343146,9.121319,8.0],"faces":{"east":{"uv":[15.875,15.875,16.0,16.0],"tintindex":0,"rotation":0,"texture":"#0"},"south":{"uv":[3.5,9.375,4.375,9.75],"tintindex":0,"rotation":0,"texture":"#0"},"north":{"uv":[4.375,9.375,3.5,9.75],"tintindex":0,"rotation":0,"texture":"#0"},"west":{"uv":[15.875,15.875,16.0,16.0],"tintindex":0,"rotation":0,"texture":"#0"},"up":{"uv":[15.875,15.875,16.0,16.0],"tintindex":0,"rotation":0,"texture":"#0"},"down":{"uv":[15.875,15.875,16.0,16.0],"tintindex":0,"rotation":0,"texture":"#0"}},"rotation":{"origin":[2.3431458,10.121319,8.0],"angle":-22.5,"axis":"z"}},{"from":[2.5,2.5,7.0],"to":[13.5,13.5,9.0],"faces":{"east":{"uv":[2.0,5.625,2.25,7.0],"tintindex":0,"rotation":0,"texture":"#0"},"south":{"uv":[0.0,1.375,1.375,2.75],"tintindex":0,"rotation":0,"texture":"#0"},"north":{"uv":[0.0,0.0,1.375,1.375],"tintindex":0,"rotation":0,"texture":"#0"},"west":{"uv":[9.25,1.0,9.5,2.375],"tintindex":0,"rotation":0,"texture":"#0"},"up":{"uv":[10.125,6.375,8.75,6.125],"tintindex":0,"rotation":0,"texture":"#0"},"down":{"uv":[10.125,6.375,8.75,6.625],"tintindex":0,"rotation":0,"texture":"#0"}},"rotation":{"origin":[8.0,8.0,8.0],"angle":-45.0,"axis":"z"}},{"from":[3.0502524,8.035534,6.0],"to":[3.0502524,15.035534,8.0],"faces":{"east":{"uv":[5.625,4.375,4.75,4.125],"tintindex":0,"rotation":90,"texture":"#0"},"south":{"uv":[15.875,15.875,16.0,16.0],"tintindex":0,"rotation":0,"texture":"#0"},"north":{"uv":[15.875,15.875,16.0,16.0],"tintindex":0,"rotation":0,"texture":"#0"},"west":{"uv":[5.625,4.125,4.75,4.375],"tintindex":0,"rotation":90,"texture":"#0"},"up":{"uv":[15.875,15.875,16.0,16.0],"tintindex":0,"rotation":0,"texture":"#0"},"down":{"uv":[15.875,15.875,16.0,16.0],"tintindex":0,"rotation":0,"texture":"#0"}},"rotation":{"origin":[3.0502524,11.535534,7.0],"angle":22.5,"axis":"z"}},{"from":[8.0,14.36396,4.0],"to":[8.0,21.36396,7.0],"faces":{"east":{"uv":[5.125,9.375,4.75,10.25],"tintindex":0,"rotation":0,"texture":"#0"},"south":{"uv":[15.875,15.875,16.0,16.0],"tintindex":0,"rotation":0,"texture":"#0"},"north":{"uv":[15.875,15.875,16.0,16.0],"tintindex":0,"rotation":0,"texture":"#0"},"west":{"uv":[4.75,9.375,5.125,10.25],"tintindex":0,"rotation":0,"texture":"#0"},"up":{"uv":[15.875,15.875,16.0,16.0],"tintindex":0,"rotation":0,"texture":"#0"},"down":{"uv":[15.875,15.875,16.0,16.0],"tintindex":0,"rotation":0,"texture":"#0"}},"rotation":{"origin":[8.0,16.36396,5.0],"angle":22.5,"axis":"x"}},{"from":[6.0,5.3639603,5.0],"to":[10.0,16.36396,8.0],"faces":{"east":{"uv":[5.625,8.375,6.0,9.75],"tintindex":0,"rotation":0,"texture":"#0"},"south":{"uv":[4.625,8.0,5.125,9.375],"tintindex":0,"rotation":0,"texture":"#0"},"north":{"uv":[7.75,5.875,8.25,7.25],"tintindex":0,"rotation":0,"texture":"#0"},"west":{"uv":[2.25,8.5,2.625,9.875],"tintindex":0,"rotation":0,"texture":"#0"},"up":{"uv":[7.875,3.25,7.375,2.875],"tintindex":0,"rotation":0,"texture":"#0"},"down":{"uv":[8.25,10.0,7.75,10.375],"tintindex":0,"rotation":0,"texture":"#0"}}},{"from":[11.656855,6.121319,8.0],"to":[18.656855,9.121319,8.0],"faces":{"east":{"uv":[15.875,15.875,16.0,16.0],"tintindex":0,"rotation":0,"texture":"#0"},"south":{"uv":[4.375,9.375,3.5,9.75],"tintindex":0,"rotation":0,"texture":"#0"},"north":{"uv":[3.5,9.375,4.375,9.75],"tintindex":0,"rotation":0,"texture":"#0"},"west":{"uv":[15.875,15.875,16.0,16.0],"tintindex":0,"rotation":0,"texture":"#0"},"up":{"uv":[15.875,15.875,16.0,16.0],"tintindex":0,"rotation":0,"texture":"#0"},"down":{"uv":[15.875,15.875,16.0,16.0],"tintindex":0,"rotation":0,"texture":"#0"}},"rotation":{"origin":[13.656855,10.121319,8.0],"angle":22.5,"axis":"z"}}],"display":{"gui":{"rotation":[30,225,0]}}}