{"textures":{"0":"modelengine:entity/thunderblade_guardian"},"elements":[{"from":[3.5,0.0,5.5],"to":[8.5,10.0,10.5],"faces":{"east":{"uv":[6.875,7.375,6.25,8.625],"tintindex":0,"rotation":0,"texture":"#0"},"south":{"uv":[7.75,6.0,7.125,7.25],"tintindex":0,"rotation":0,"texture":"#0"},"north":{"uv":[6.25,7.125,5.625,8.375],"tintindex":0,"rotation":0,"texture":"#0"},"west":{"uv":[2.875,7.25,2.25,8.5],"tintindex":0,"rotation":0,"texture":"#0"},"up":{"uv":[9.0,8.375,9.625,7.75],"tintindex":0,"rotation":0,"texture":"#0"},"down":{"uv":[9.0,8.375,9.625,9.0],"tintindex":0,"rotation":0,"texture":"#0"}}},{"from":[3.0,4.0,5.0],"to":[9.0,7.0,11.0],"faces":{"east":{"uv":[10.5,2.625,9.75,3.0],"tintindex":0,"rotation":0,"texture":"#0"},"south":{"uv":[10.375,9.125,9.625,9.5],"tintindex":0,"rotation":0,"texture":"#0"},"north":{"uv":[10.375,8.75,9.625,9.125],"tintindex":0,"rotation":0,"texture":"#0"},"west":{"uv":[9.75,9.625,9.0,10.0],"tintindex":0,"rotation":0,"texture":"#0"},"up":{"uv":[1.5,9.25,2.25,8.5],"tintindex":0,"rotation":0,"texture":"#0"},"down":{"uv":[8.5,2.125,9.25,2.875],"tintindex":0,"rotation":0,"texture":"#0"}}}],"display":{"gui":{"rotation":[30,225,0]}}}