{"textures":{"0":"modelengine:entity/thunderblade_guardian"},"elements":[{"from":[1.99,6.49,4.49],"to":[11.01,9.51,11.51],"faces":{"east":{"uv":[8.0,9.375,7.125,9.75],"tintindex":0,"rotation":0,"texture":"#0"},"south":{"uv":[9.875,5.75,8.75,6.125],"tintindex":0,"rotation":0,"texture":"#0"},"north":{"uv":[9.875,5.375,8.75,5.75],"tintindex":0,"rotation":0,"texture":"#0"},"west":{"uv":[7.125,9.375,6.25,9.75],"tintindex":0,"rotation":0,"texture":"#0"},"up":{"uv":[6.25,2.25,7.375,1.375],"tintindex":0,"rotation":0,"texture":"#0"},"down":{"uv":[6.25,2.25,7.375,3.125],"tintindex":0,"rotation":0,"texture":"#0"}}},{"from":[3.5,7.5,3.5],"to":[5.5,7.5,5.5],"faces":{"up":{"uv":[10.5,1.25,10.75,1.0],"tintindex":0,"rotation":0,"texture":"#0"},"down":{"uv":[10.5,1.0,10.75,1.25],"tintindex":0,"rotation":0,"texture":"#0"}},"rotation":{"origin":[4.5,7.5,4.5],"angle":45.0,"axis":"y"}},{"from":[3.5,7.5,10.5],"to":[5.5,7.5,12.5],"faces":{"up":{"uv":[2.625,10.75,2.875,10.5],"tintindex":0,"rotation":0,"texture":"#0"},"down":{"uv":[2.625,10.5,2.875,10.75],"tintindex":0,"rotation":0,"texture":"#0"}},"rotation":{"origin":[4.5,7.5,11.5],"angle":-45.0,"axis":"y"}},{"from":[0.5,8.5,6.5],"to":[3.5,8.5,9.5],"faces":{"up":{"uv":[6.625,10.625,7.0,10.25],"tintindex":0,"rotation":0,"texture":"#0"},"down":{"uv":[6.625,10.25,7.0,10.625],"tintindex":0,"rotation":0,"texture":"#0"}},"rotation":{"origin":[2.0,8.5,8.0],"angle":-45.0,"axis":"y"}}],"display":{"gui":{"rotation":[30,225,0]}}}