{"textures":{"0":"modelengine:entity/thunderblade_guardian"},"elements":[{"from":[6.0,-6.0,6.0],"to":[10.0,9.0,11.0],"faces":{"east":{"uv":[3.5,5.5,4.125,7.375],"tintindex":0,"rotation":0,"texture":"#0"},"south":{"uv":[0.5,6.5,1.0,8.375],"tintindex":0,"rotation":0,"texture":"#0"},"north":{"uv":[0.0,6.5,0.5,8.375],"tintindex":0,"rotation":0,"texture":"#0"},"west":{"uv":[4.125,5.5,4.75,7.375],"tintindex":0,"rotation":0,"texture":"#0"},"up":{"uv":[8.5,10.0,8.0,9.375],"tintindex":0,"rotation":0,"texture":"#0"},"down":{"uv":[10.0,1.25,9.5,1.875],"tintindex":0,"rotation":0,"texture":"#0"}}},{"from":[5.25,3.25,4.25],"to":[10.75,9.75,6.75],"faces":{"east":{"uv":[4.0,9.75,4.25,10.5],"tintindex":0,"rotation":0,"texture":"#0"},"south":{"uv":[6.25,8.625,6.875,9.375],"tintindex":0,"rotation":0,"texture":"#0"},"north":{"uv":[8.625,4.125,9.25,4.875],"tintindex":0,"rotation":0,"texture":"#0"},"west":{"uv":[5.625,9.75,5.875,10.5],"tintindex":0,"rotation":0,"texture":"#0"},"up":{"uv":[5.5,2.0,4.875,1.75],"tintindex":0,"rotation":0,"texture":"#0"},"down":{"uv":[10.75,4.5,10.125,4.75],"tintindex":0,"rotation":0,"texture":"#0"}},"rotation":{"origin":[8.0,6.5,6.0],"angle":-22.5,"axis":"x"}}],"display":{"gui":{"rotation":[30,225,0]}}}