{"textures":{"0":"modelengine:entity/thunderblade_guardian"},"elements":[{"from":[6.0,-2.0,5.0],"to":[10.0,8.0,9.0],"faces":{"east":{"uv":[8.75,5.375,8.25,6.625],"tintindex":0,"rotation":0,"texture":"#0"},"south":{"uv":[8.625,4.125,8.125,5.375],"tintindex":0,"rotation":0,"texture":"#0"},"north":{"uv":[4.0,8.125,3.5,9.375],"tintindex":0,"rotation":0,"texture":"#0"},"west":{"uv":[4.5,8.125,4.0,9.375],"tintindex":0,"rotation":0,"texture":"#0"},"up":{"uv":[2.125,10.375,2.625,9.875],"tintindex":0,"rotation":0,"texture":"#0"},"down":{"uv":[9.875,5.25,10.375,5.75],"tintindex":0,"rotation":0,"texture":"#0"}}},{"from":[5.75,1.75,4.75],"to":[10.25,4.25,9.25],"faces":{"east":{"uv":[10.75,9.75,10.25,10.0],"tintindex":0,"rotation":0,"texture":"#0"},"south":{"uv":[10.75,9.5,10.25,9.75],"tintindex":0,"rotation":0,"texture":"#0"},"north":{"uv":[7.5,10.25,7.0,10.5],"tintindex":0,"rotation":0,"texture":"#0"},"west":{"uv":[9.5,10.25,9.0,10.5],"tintindex":0,"rotation":0,"texture":"#0"},"up":{"uv":[5.125,10.5,5.625,10.0],"tintindex":0,"rotation":0,"texture":"#0"},"down":{"uv":[10.0,7.5,10.5,8.0],"tintindex":0,"rotation":0,"texture":"#0"}}},{"from":[5.75,5.25,7.75],"to":[10.25,10.75,10.25],"faces":{"east":{"uv":[10.375,6.0,10.125,6.625],"tintindex":0,"rotation":0,"texture":"#0"},"south":{"uv":[1.625,9.625,1.125,10.25],"tintindex":0,"rotation":0,"texture":"#0"},"north":{"uv":[10.0,3.5,9.5,4.125],"tintindex":0,"rotation":0,"texture":"#0"},"west":{"uv":[8.5,10.0,8.25,10.625],"tintindex":0,"rotation":0,"texture":"#0"},"up":{"uv":[10.25,6.875,10.75,6.625],"tintindex":0,"rotation":0,"texture":"#0"},"down":{"uv":[10.25,6.875,10.75,7.125],"tintindex":0,"rotation":0,"texture":"#0"}},"rotation":{"origin":[8.0,7.0,9.0],"angle":22.5,"axis":"x"}}],"display":{"gui":{"rotation":[30,225,0]}}}