{"textures":{"0":"modelengine:entity/thunderblade_guardian"},"elements":[{"from":[5.5,-3.0,5.0],"to":[10.5,9.0,11.0],"faces":{"east":{"uv":[4.75,5.5,5.5,7.0],"tintindex":0,"rotation":0,"texture":"#0"},"south":{"uv":[1.625,7.0,2.25,8.5],"tintindex":0,"rotation":0,"texture":"#0"},"north":{"uv":[1.0,7.0,1.625,8.5],"tintindex":0,"rotation":0,"texture":"#0"},"west":{"uv":[5.5,5.5,6.25,7.0],"tintindex":0,"rotation":0,"texture":"#0"},"up":{"uv":[8.5,9.375,7.875,8.625],"tintindex":0,"rotation":0,"texture":"#0"},"down":{"uv":[9.375,2.875,8.75,3.625],"tintindex":0,"rotation":0,"texture":"#0"}}}],"display":{"gui":{"rotation":[30,225,0]}}}