{"textures":{"0":"modelengine:entity/thunderblade_guardian"},"elements":[{"from":[8.0,7.0,3.5],"to":[15.0,9.0,12.5],"faces":{"east":{"uv":[10.75,8.5,9.625,8.75],"tintindex":0,"rotation":0,"texture":"#0"},"south":{"uv":[9.875,10.0,9.0,10.25],"tintindex":0,"rotation":0,"texture":"#0"},"north":{"uv":[10.875,8.0,10.0,8.25],"tintindex":0,"rotation":0,"texture":"#0"},"west":{"uv":[10.75,8.25,9.625,8.5],"tintindex":0,"rotation":0,"texture":"#0"},"up":{"uv":[6.25,6.125,7.125,5.0],"tintindex":0,"rotation":0,"texture":"#0"},"down":{"uv":[6.25,6.125,7.125,7.25],"tintindex":0,"rotation":0,"texture":"#0"}}}],"display":{"gui":{"rotation":[30,225,0]}}}