{"textures":{"0":"modelengine:entity/thunderblade_guardian"},"elements":[{"from":[5.5,-3.0,5.0],"to":[10.5,9.0,11.0],"faces":{"east":{"uv":[6.25,5.5,5.5,7.0],"tintindex":0,"rotation":0,"texture":"#0"},"south":{"uv":[2.25,7.0,1.625,8.5],"tintindex":0,"rotation":0,"texture":"#0"},"north":{"uv":[1.625,7.0,1.0,8.5],"tintindex":0,"rotation":0,"texture":"#0"},"west":{"uv":[5.5,5.5,4.75,7.0],"tintindex":0,"rotation":0,"texture":"#0"},"up":{"uv":[7.875,9.375,8.5,8.625],"tintindex":0,"rotation":0,"texture":"#0"},"down":{"uv":[8.75,2.875,9.375,3.625],"tintindex":0,"rotation":0,"texture":"#0"}}}],"display":{"gui":{"rotation":[30,225,0]}}}