{"textures":{"0":"modelengine:entity/thunderblade_guardian"},"elements":[{"from":[7.0,4.0,5.0],"to":[13.0,7.0,11.0],"faces":{"east":{"uv":[9.0,9.625,9.75,10.0],"tintindex":0,"rotation":0,"texture":"#0"},"south":{"uv":[9.625,9.125,10.375,9.5],"tintindex":0,"rotation":0,"texture":"#0"},"north":{"uv":[9.625,8.75,10.375,9.125],"tintindex":0,"rotation":0,"texture":"#0"},"west":{"uv":[9.75,2.625,10.5,3.0],"tintindex":0,"rotation":0,"texture":"#0"},"up":{"uv":[2.25,9.25,1.5,8.5],"tintindex":0,"rotation":0,"texture":"#0"},"down":{"uv":[9.25,2.125,8.5,2.875],"tintindex":0,"rotation":0,"texture":"#0"}}},{"from":[7.5,0.0,5.5],"to":[12.5,10.0,10.5],"faces":{"east":{"uv":[2.25,7.25,2.875,8.5],"tintindex":0,"rotation":0,"texture":"#0"},"south":{"uv":[7.125,6.0,7.75,7.25],"tintindex":0,"rotation":0,"texture":"#0"},"north":{"uv":[5.625,7.125,6.25,8.375],"tintindex":0,"rotation":0,"texture":"#0"},"west":{"uv":[6.25,7.375,6.875,8.625],"tintindex":0,"rotation":0,"texture":"#0"},"up":{"uv":[9.625,8.375,9.0,7.75],"tintindex":0,"rotation":0,"texture":"#0"},"down":{"uv":[9.625,8.375,9.0,9.0],"tintindex":0,"rotation":0,"texture":"#0"}}}],"display":{"gui":{"rotation":[30,225,0]}}}