{"textures":{"0":"modelengine:entity/thunderblade_guardian"},"elements":[{"from":[7.0,6.75,2.75],"to":[18.5,9.25,13.25],"faces":{"east":{"uv":[10.75,2.125,9.5,2.375],"tintindex":0,"rotation":0,"texture":"#0"},"south":{"uv":[10.625,2.375,9.25,2.625],"tintindex":0,"rotation":0,"texture":"#0"},"north":{"uv":[10.625,0.0,9.25,0.25],"tintindex":0,"rotation":0,"texture":"#0"},"west":{"uv":[10.75,1.875,9.5,2.125],"tintindex":0,"rotation":0,"texture":"#0"},"up":{"uv":[2.375,1.25,3.75,0.0],"tintindex":0,"rotation":0,"texture":"#0"},"down":{"uv":[2.375,1.25,3.75,2.5],"tintindex":0,"rotation":0,"texture":"#0"}}},{"from":[13.25,8.0,-0.5],"to":[19.25,8.0,10.5],"faces":{"east":{"uv":[15.875,15.875,16.0,16.0],"tintindex":0,"rotation":0,"texture":"#0"},"south":{"uv":[15.875,15.875,16.0,16.0],"tintindex":0,"rotation":0,"texture":"#0"},"north":{"uv":[15.875,15.875,16.0,16.0],"tintindex":0,"rotation":0,"texture":"#0"},"west":{"uv":[15.875,15.875,16.0,16.0],"tintindex":0,"rotation":0,"texture":"#0"},"up":{"uv":[1.25,7.0,2.0,5.625],"tintindex":0,"rotation":0,"texture":"#0"},"down":{"uv":[1.25,5.625,2.0,7.0],"tintindex":0,"rotation":0,"texture":"#0"}},"rotation":{"origin":[17.25,8.0,8.0],"angle":-22.5,"axis":"y"}}],"display":{"gui":{"rotation":[30,225,0]}}}