{"textures":{"2":"modelengine:entity/thunderblade_guardian_lightning_anim1","4":"modelengine:entity/thunderblade_guardian_lightning_anim2"},"elements":[{"from":[8.0,5.75,23.0],"to":[16.0,10.25,23.0],"faces":{"south":{"uv":[6.0,16.0,8.25,12.0],"tintindex":0,"rotation":270,"texture":"#4"},"north":{"uv":[8.25,16.0,6.0,12.0],"tintindex":0,"rotation":90,"texture":"#4"}},"rotation":{"origin":[8.0,8.0,23.0],"angle":-45.0,"axis":"y"}},{"from":[4.0,8.0,15.0],"to":[12.0,8.0,27.0],"faces":{"up":{"uv":[0.0,0.0,8.0,12.0],"tintindex":0,"rotation":0,"texture":"#2"},"down":{"uv":[0.0,12.0,8.0,0.0],"tintindex":0,"rotation":0,"texture":"#2"}},"rotation":{"origin":[8.0,8.0,15.0],"angle":22.5,"axis":"x"}},{"from":[0.0,5.75,23.0],"to":[8.0,10.25,23.0],"faces":{"south":{"uv":[8.25,12.0,6.0,16.0],"tintindex":0,"rotation":270,"texture":"#4"},"north":{"uv":[6.0,12.0,8.25,16.0],"tintindex":0,"rotation":90,"texture":"#4"}},"rotation":{"origin":[8.0,8.0,23.0],"angle":45.0,"axis":"y"}},{"from":[5.75,8.0,23.0],"to":[10.25,16.0,23.0],"faces":{"south":{"uv":[6.0,16.0,8.25,12.0],"tintindex":0,"rotation":180,"texture":"#4"},"north":{"uv":[8.25,16.0,6.0,12.0],"tintindex":0,"rotation":180,"texture":"#4"}},"rotation":{"origin":[8.0,8.0,23.0],"angle":45.0,"axis":"x"}},{"from":[5.75,0.0,23.0],"to":[10.25,8.0,23.0],"faces":{"south":{"uv":[8.25,12.0,6.0,16.0],"tintindex":0,"rotation":180,"texture":"#4"},"north":{"uv":[6.0,12.0,8.25,16.0],"tintindex":0,"rotation":180,"texture":"#4"}},"rotation":{"origin":[8.0,8.0,23.0],"angle":-45.0,"axis":"x"}},{"from":[4.0,8.0,15.0],"to":[12.0,8.0,27.0],"faces":{"up":{"uv":[0.0,0.0,8.0,12.0],"tintindex":0,"rotation":0,"texture":"#2"},"down":{"uv":[0.0,12.0,8.0,0.0],"tintindex":0,"rotation":0,"texture":"#2"}},"rotation":{"origin":[8.0,8.0,15.0],"angle":-22.5,"axis":"x"}}],"display":{"gui":{"rotation":[30,225,0]}}}