{"textures":{"4":"modelengine:entity/thunderblade_guardian_lightning_anim2"},"elements":[{"from":[8.333333,8.0,7.6666665],"to":[10.666667,8.0,9.0],"faces":{"up":{"uv":[0.0,1.75,1.0,0.0],"tintindex":0,"rotation":270,"texture":"#4"},"down":{"uv":[1.0,1.75,0.0,0.0],"tintindex":0,"rotation":270,"texture":"#4"}}},{"from":[8.0,8.333333,-10.333334],"to":[8.0,10.666667,4.333333],"faces":{"east":{"uv":[1.0,0.0,12.0,1.75],"tintindex":0,"rotation":0,"texture":"#4"},"west":{"uv":[12.0,0.0,1.0,1.75],"tintindex":0,"rotation":0,"texture":"#4"}}},{"from":[8.333333,8.0,-10.333334],"to":[10.666667,8.0,4.333333],"faces":{"up":{"uv":[1.0,1.75,12.0,0.0],"tintindex":0,"rotation":270,"texture":"#4"},"down":{"uv":[12.0,1.75,1.0,0.0],"tintindex":0,"rotation":270,"texture":"#4"}}},{"from":[8.0,5.333333,-10.333334],"to":[8.0,7.6666665,4.333333],"faces":{"east":{"uv":[1.0,1.75,12.0,0.0],"tintindex":0,"rotation":0,"texture":"#4"},"west":{"uv":[12.0,1.75,1.0,0.0],"tintindex":0,"rotation":0,"texture":"#4"}}},{"from":[5.333333,8.0,-10.333334],"to":[7.6666665,8.0,4.333333],"faces":{"up":{"uv":[1.0,0.0,12.0,1.75],"tintindex":0,"rotation":270,"texture":"#4"},"down":{"uv":[12.0,0.0,1.0,1.75],"tintindex":0,"rotation":270,"texture":"#4"}}},{"from":[8.0,8.5,7.6666665],"to":[8.0,10.833334,9.0],"faces":{"east":{"uv":[0.0,0.0,1.0,1.75],"tintindex":0,"rotation":0,"texture":"#4"},"west":{"uv":[1.0,0.0,0.0,1.75],"tintindex":0,"rotation":0,"texture":"#4"}}},{"from":[5.333333,8.0,7.6666665],"to":[7.6666665,8.0,9.0],"faces":{"up":{"uv":[0.0,0.0,1.0,1.75],"tintindex":0,"rotation":270,"texture":"#4"},"down":{"uv":[1.0,0.0,0.0,1.75],"tintindex":0,"rotation":270,"texture":"#4"}}},{"from":[8.0,5.1666665,7.6666665],"to":[8.0,7.5,9.0],"faces":{"east":{"uv":[0.0,1.75,1.0,0.0],"tintindex":0,"rotation":0,"texture":"#4"},"west":{"uv":[1.0,1.75,0.0,0.0],"tintindex":0,"rotation":0,"texture":"#4"}}}],"display":{"gui":{"rotation":[30,225,0]}}}