{"textures":{"0":"modelengine:entity/thunderblade_guardian"},"elements":[{"from":[7.5833335,7.4166665,12.083334],"to":[8.416667,8.583333,13.25],"faces":{"east":{"uv":[4.625,10.25,5.0,10.625],"tintindex":0,"rotation":0,"texture":"#0"},"south":{"uv":[0.375,10.25,0.625,10.625],"tintindex":0,"rotation":0,"texture":"#0"},"north":{"uv":[1.0,6.5,1.25,6.875],"tintindex":0,"rotation":0,"texture":"#0"},"west":{"uv":[10.25,4.75,10.625,5.125],"tintindex":0,"rotation":0,"texture":"#0"},"up":{"uv":[7.75,10.625,7.5,10.25],"tintindex":0,"rotation":0,"texture":"#0"},"down":{"uv":[9.75,10.25,9.5,10.625],"tintindex":0,"rotation":0,"texture":"#0"}},"rotation":{"origin":[8.0,8.0,12.666667],"angle":-45.0,"axis":"x"}},{"from":[7.83,7.646667,-12.3533325],"to":[8.17,8.353333,-11.6466675],"faces":{"east":{"uv":[10.5,0.5,10.75,0.75],"tintindex":0,"rotation":0,"texture":"#0"},"south":{"uv":[2.25,5.125,2.375,5.375],"tintindex":0,"rotation":0,"texture":"#0"},"north":{"uv":[2.25,4.875,2.375,5.125],"tintindex":0,"rotation":0,"texture":"#0"},"west":{"uv":[10.5,0.75,10.75,1.0],"tintindex":0,"rotation":0,"texture":"#0"},"up":{"uv":[5.75,4.375,5.625,4.125],"tintindex":0,"rotation":0,"texture":"#0"},"down":{"uv":[4.75,7.375,4.625,7.625],"tintindex":0,"rotation":0,"texture":"#0"}},"rotation":{"origin":[8.0,8.0,-12.0],"angle":45.0,"axis":"x"}},{"from":[7.6666665,6.0,-1.666667],"to":[8.333333,10.0,-1.0],"faces":{"east":{"uv":[8.75,9.125,9.0,10.625],"tintindex":0,"rotation":0,"texture":"#0"},"south":{"uv":[0.625,9.25,0.875,10.75],"tintindex":0,"rotation":0,"texture":"#0"},"north":{"uv":[8.5,9.125,8.75,10.625],"tintindex":0,"rotation":0,"texture":"#0"},"west":{"uv":[0.875,9.25,1.125,10.75],"tintindex":0,"rotation":0,"texture":"#0"},"up":{"uv":[2.375,10.625,2.125,10.375],"tintindex":0,"rotation":0,"texture":"#0"},"down":{"uv":[2.625,10.375,2.375,10.625],"tintindex":0,"rotation":0,"texture":"#0"}}},{"from":[7.5833335,7.5833335,-5.416667],"to":[8.416667,8.416667,0.083333015],"faces":{"east":{"uv":[8.25,6.625,10.25,6.875],"tintindex":0,"rotation":0,"texture":"#0"},"south":{"uv":[1.75,10.375,2.0,10.625],"tintindex":0,"rotation":0,"texture":"#0"},"north":{"uv":[1.5,10.375,1.75,10.625],"tintindex":0,"rotation":0,"texture":"#0"},"west":{"uv":[8.25,6.875,10.25,7.125],"tintindex":0,"rotation":0,"texture":"#0"},"up":{"uv":[6.25,10.375,6.0,8.375],"tintindex":0,"rotation":0,"texture":"#0"},"down":{"uv":[2.875,8.5,2.625,10.5],"tintindex":0,"rotation":0,"texture":"#0"}}},{"from":[7.5,7.3333335,-6.083334],"to":[8.5,8.666667,-4.75],"faces":{"east":{"uv":[10.0,1.25,10.5,1.75],"tintindex":0,"rotation":0,"texture":"#0"},"south":{"uv":[10.125,0.25,10.5,0.75],"tintindex":0,"rotation":0,"texture":"#0"},"north":{"uv":[9.875,10.0,10.25,10.5],"tintindex":0,"rotation":0,"texture":"#0"},"west":{"uv":[10.0,3.5,10.5,4.0],"tintindex":0,"rotation":0,"texture":"#0"},"up":{"uv":[10.5,1.25,10.125,0.75],"tintindex":0,"rotation":0,"texture":"#0"},"down":{"uv":[10.5,4.0,10.125,4.5],"tintindex":0,"rotation":0,"texture":"#0"}},"rotation":{"origin":[8.0,8.0,-5.416667],"angle":45.0,"axis":"x"}},{"from":[7.6666665,7.6666665,0.0],"to":[8.333333,8.333333,12.666667],"faces":{"east":{"uv":[4.75,3.625,9.5,3.875],"tintindex":0,"rotation":0,"texture":"#0"},"south":{"uv":[7.75,9.75,8.0,10.0],"tintindex":0,"rotation":0,"texture":"#0"},"north":{"uv":[6.0,1.375,6.25,1.625],"tintindex":0,"rotation":0,"texture":"#0"},"west":{"uv":[4.75,3.875,9.5,4.125],"tintindex":0,"rotation":0,"texture":"#0"},"up":{"uv":[3.25,10.25,3.0,5.5],"tintindex":0,"rotation":0,"texture":"#0"},"down":{"uv":[3.5,5.5,3.25,10.25],"tintindex":0,"rotation":0,"texture":"#0"}}},{"from":[7.8333335,7.5,-12.0],"to":[8.166667,8.5,-5.333334],"faces":{"east":{"uv":[6.75,0.0,9.25,0.375],"tintindex":0,"rotation":0,"texture":"#0"},"south":{"uv":[6.75,0.0,6.875,0.375],"tintindex":0,"rotation":0,"texture":"#0"},"north":{"uv":[9.125,0.0,9.25,0.375],"tintindex":0,"rotation":0,"texture":"#0"},"west":{"uv":[9.25,0.0,6.75,0.375],"tintindex":0,"rotation":0,"texture":"#0"},"up":{"uv":[9.25,0.125,6.75,0.0],"tintindex":0,"rotation":90,"texture":"#0"},"down":{"uv":[6.75,0.375,9.25,0.25],"tintindex":0,"rotation":90,"texture":"#0"}}},{"from":[7.5,7.5,-1.833334],"to":[8.5,8.5,-0.83333397],"faces":{"east":{"uv":[2.875,10.25,3.25,10.625],"tintindex":0,"rotation":0,"texture":"#0"},"south":{"uv":[10.25,3.0,10.625,3.375],"tintindex":0,"rotation":0,"texture":"#0"},"north":{"uv":[1.125,10.25,1.5,10.625],"tintindex":0,"rotation":0,"texture":"#0"},"west":{"uv":[3.25,10.25,3.625,10.625],"tintindex":0,"rotation":0,"texture":"#0"},"up":{"uv":[4.0,10.625,3.625,10.25],"tintindex":0,"rotation":0,"texture":"#0"},"down":{"uv":[4.625,10.25,4.25,10.625],"tintindex":0,"rotation":0,"texture":"#0"}},"rotation":{"origin":[8.0,8.0,-1.333334],"angle":45.0,"axis":"x"}},{"from":[7.5833335,9.583333,-1.75],"to":[8.416667,10.416667,-0.916667],"faces":{"east":{"uv":[10.375,5.375,10.625,5.625],"tintindex":0,"rotation":0,"texture":"#0"},"south":{"uv":[5.875,10.375,6.125,10.625],"tintindex":0,"rotation":0,"texture":"#0"},"north":{"uv":[10.375,5.125,10.625,5.375],"tintindex":0,"rotation":0,"texture":"#0"},"west":{"uv":[10.375,6.0,10.625,6.25],"tintindex":0,"rotation":0,"texture":"#0"},"up":{"uv":[10.625,6.5,10.375,6.25],"tintindex":0,"rotation":0,"texture":"#0"},"down":{"uv":[10.625,7.125,10.375,7.375],"tintindex":0,"rotation":0,"texture":"#0"}},"rotation":{"origin":[8.0,10.0,-1.333334],"angle":-45.0,"axis":"x"}},{"from":[7.5833335,5.583333,-1.75],"to":[8.416667,6.4166665,-0.916667],"faces":{"east":{"uv":[8.0,10.375,8.25,10.625],"tintindex":0,"rotation":0,"texture":"#0"},"south":{"uv":[10.375,8.75,10.625,9.0],"tintindex":0,"rotation":0,"texture":"#0"},"north":{"uv":[7.75,10.375,8.0,10.625],"tintindex":0,"rotation":0,"texture":"#0"},"west":{"uv":[10.375,9.0,10.625,9.25],"tintindex":0,"rotation":0,"texture":"#0"},"up":{"uv":[10.625,9.5,10.375,9.25],"tintindex":0,"rotation":0,"texture":"#0"},"down":{"uv":[10.75,0.25,10.5,0.5],"tintindex":0,"rotation":0,"texture":"#0"}},"rotation":{"origin":[8.0,6.0,-1.333334],"angle":-45.0,"axis":"x"}}],"display":{"gui":{"rotation":[30,225,0]}}}