{"textures":{"0":"modelengine:entity/thunderblade_guardian"},"elements":[{"from":[3.0,7.0,4.5],"to":[13.0,11.0,11.5],"faces":{"east":{"uv":[3.75,2.0,4.625,2.5],"tintindex":0,"rotation":0,"texture":"#0"},"south":{"uv":[7.625,0.875,8.875,1.375],"tintindex":0,"rotation":0,"texture":"#0"},"north":{"uv":[7.625,0.375,8.875,0.875],"tintindex":0,"rotation":0,"texture":"#0"},"west":{"uv":[8.625,4.875,9.5,5.375],"tintindex":0,"rotation":0,"texture":"#0"},"up":{"uv":[1.25,6.5,0.0,5.625],"tintindex":0,"rotation":0,"texture":"#0"},"down":{"uv":[7.0,4.125,5.75,5.0],"tintindex":0,"rotation":0,"texture":"#0"}}},{"from":[5.5,6.5,4.0],"to":[10.5,11.5,4.0],"faces":{"east":{"uv":[15.875,15.875,16.0,16.0],"tintindex":0,"rotation":0,"texture":"#0"},"south":{"uv":[0.0,9.125,0.625,9.75],"tintindex":0,"rotation":0,"texture":"#0"},"north":{"uv":[0.625,9.125,0.0,9.75],"tintindex":0,"rotation":0,"texture":"#0"},"west":{"uv":[15.875,15.875,16.0,16.0],"tintindex":0,"rotation":0,"texture":"#0"},"up":{"uv":[15.875,15.875,16.0,16.0],"tintindex":0,"rotation":0,"texture":"#0"},"down":{"uv":[15.875,15.875,16.0,16.0],"tintindex":0,"rotation":0,"texture":"#0"}},"rotation":{"origin":[8.0,9.0,4.25],"angle":45.0,"axis":"z"}}],"display":{"gui":{"rotation":[30,225,0]}}}