{"textures":{"0":"modelengine:entity/thunderblade_guardian"},"elements":[{"from":[3.5,8.0,5.0],"to":[12.5,14.0,11.0],"faces":{"east":{"uv":[0.75,8.5,1.5,9.25],"tintindex":0,"rotation":0,"texture":"#0"},"south":{"uv":[7.375,1.375,8.5,2.125],"tintindex":0,"rotation":0,"texture":"#0"},"north":{"uv":[6.875,7.25,8.0,8.0],"tintindex":0,"rotation":0,"texture":"#0"},"west":{"uv":[8.5,1.375,9.25,2.125],"tintindex":0,"rotation":0,"texture":"#0"},"up":{"uv":[8.5,2.875,7.375,2.125],"tintindex":0,"rotation":0,"texture":"#0"},"down":{"uv":[4.625,7.375,3.5,8.125],"tintindex":0,"rotation":0,"texture":"#0"}}}],"display":{"gui":{"rotation":[30,225,0]}}}