{"textures":{"0":"modelengine:entity/boreal_druid_ice_blast"},"elements":[{"from":[2.8500004,8.0,2.5],"to":[13.15,16.0,13.5],"faces":{"east":{"uv":[14.625,3.375,16.0,4.375],"tintindex":0,"rotation":0,"texture":"#0"},"south":{"uv":[14.7125,1.375,16.0,2.375],"tintindex":0,"rotation":0,"texture":"#0"},"north":{"uv":[14.7125,2.375,16.0,3.375],"tintindex":0,"rotation":0,"texture":"#0"},"west":{"uv":[14.625,4.375,16.0,5.375],"tintindex":0,"rotation":0,"texture":"#0"},"up":{"uv":[14.7125,5.375,16.0,6.75],"tintindex":0,"rotation":0,"texture":"#0"},"down":{"uv":[14.7125,0.0,16.0,1.375],"tintindex":0,"rotation":0,"texture":"#0"}}}],"display":{"gui":{"rotation":[30,225,0]}}}