{"textures":{"0":"modelengine:entity/boreal_druid_ice_blast"},"elements":[{"from":[5.0,6.0,5.0],"to":[11.0,10.0,11.0],"faces":{"east":{"uv":[10.5,7.0,11.25,7.5],"tintindex":0,"rotation":0,"texture":"#0"},"south":{"uv":[10.5,7.5,11.25,8.0],"tintindex":0,"rotation":0,"texture":"#0"},"north":{"uv":[10.5,6.5,11.25,7.0],"tintindex":0,"rotation":0,"texture":"#0"},"west":{"uv":[10.5,8.0,11.25,8.5],"tintindex":0,"rotation":0,"texture":"#0"},"up":{"uv":[7.25,5.75,6.5,5.0],"tintindex":0,"rotation":0,"texture":"#0"},"down":{"uv":[3.25,10.25,2.5,11.0],"tintindex":0,"rotation":0,"texture":"#0"}}}],"display":{"gui":{"rotation":[30,225,0]}}}