{"textures":{"0":"modelengine:entity/boreal_druid_ice_blast"},"elements":[{"from":[6.5,7.0,6.5],"to":[9.5,9.0,9.5],"faces":{"east":{"uv":[6.875,5.75,7.25,6.0],"tintindex":0,"rotation":0,"texture":"#0"},"south":{"uv":[10.75,8.875,11.125,9.125],"tintindex":0,"rotation":0,"texture":"#0"},"north":{"uv":[6.5,5.75,6.875,6.0],"tintindex":0,"rotation":0,"texture":"#0"},"west":{"uv":[10.75,9.125,11.125,9.375],"tintindex":0,"rotation":0,"texture":"#0"},"up":{"uv":[10.875,11.0,10.5,10.625],"tintindex":0,"rotation":0,"texture":"#0"},"down":{"uv":[11.125,8.5,10.75,8.875],"tintindex":0,"rotation":0,"texture":"#0"}}}],"display":{"gui":{"rotation":[30,225,0]}}}