{"textures":{"0":"modelengine:entity/boreal_druid_ice_blast"},"elements":[{"from":[9.5,21.5,6.0],"to":[9.5,26.0,8.5],"faces":{"east":{"uv":[1.25,10.25,1.875,11.375],"tintindex":0,"rotation":0,"texture":"#0"},"west":{"uv":[1.875,10.25,1.25,11.375],"tintindex":0,"rotation":0,"texture":"#0"}}},{"from":[8.0,8.5,5.5],"to":[10.5,18.0,8.5],"faces":{"east":{"uv":[9.0,10.0,9.75,12.375],"tintindex":0,"rotation":0,"texture":"#0"},"south":{"uv":[0.625,10.25,1.25,12.625],"tintindex":0,"rotation":0,"texture":"#0"},"north":{"uv":[0.0,10.25,0.625,12.625],"tintindex":0,"rotation":0,"texture":"#0"},"west":{"uv":[9.75,10.0,10.5,12.375],"tintindex":0,"rotation":0,"texture":"#0"},"up":{"uv":[11.125,5.75,10.5,5.0],"tintindex":0,"rotation":0,"texture":"#0"},"down":{"uv":[11.125,5.75,10.5,6.5],"tintindex":0,"rotation":0,"texture":"#0"}}},{"from":[9.0,18.0,6.0],"to":[10.0,21.5,8.5],"faces":{"east":{"uv":[3.25,10.25,3.875,11.125],"tintindex":0,"rotation":0,"texture":"#0"},"south":{"uv":[10.5,8.5,10.75,9.375],"tintindex":0,"rotation":0,"texture":"#0"},"north":{"uv":[7.25,5.0,7.5,5.875],"tintindex":0,"rotation":0,"texture":"#0"},"west":{"uv":[3.875,10.25,4.5,11.125],"tintindex":0,"rotation":0,"texture":"#0"},"up":{"uv":[10.75,10.0,10.5,9.375],"tintindex":0,"rotation":0,"texture":"#0"},"down":{"uv":[10.75,10.0,10.5,10.625],"tintindex":0,"rotation":0,"texture":"#0"}}}],"display":{"gui":{"rotation":[30,225,0]}}}