{"textures":{"6":"modelengine:entity/mega_warden_damage"},"elements":[{"from":[0.3393917,-7.0,2.7664213],"to":[11.339392,10.0,14.766421],"faces":{"east":{"uv":[4.8145,0.002,5.5605,1.0605],"tintindex":0,"rotation":0,"texture":"#6"},"south":{"uv":[5.5645,0.002,6.248,1.0605],"tintindex":0,"rotation":0,"texture":"#6"},"north":{"uv":[5.3145,4.627,5.998,5.6855],"tintindex":0,"rotation":0,"texture":"#6"},"west":{"uv":[1.5645,4.8145,2.3105,5.873],"tintindex":0,"rotation":0,"texture":"#6"},"up":{"uv":[4.998,7.3105,4.3145,6.5645],"tintindex":0,"rotation":0,"texture":"#6"},"down":{"uv":[7.3105,1.9395,6.627,2.6855],"tintindex":0,"rotation":0,"texture":"#6"}}}],"display":{"gui":{"rotation":[30,225,0]}}}