{"textures":{"6":"modelengine:entity/mega_warden_damage"},"elements":[{"from":[13.0,-15.0,10.0],"to":[13.0,8.0,15.0],"faces":{"east":{"uv":[0.6895,6.6895,0.998,8.123],"tintindex":0,"rotation":0,"texture":"#6"},"west":{"uv":[0.998,6.6895,0.6895,8.123],"tintindex":0,"rotation":0,"texture":"#6"}},"rotation":{"origin":[13.0,-3.5,12.5],"angle":-22.5,"axis":"y"}},{"from":[2.956709,-15.0,-2.809698],"to":[13.956709,8.0,10.190301],"faces":{"east":{"uv":[1.623,3.127,0.8145,4.5605],"tintindex":0,"rotation":0,"texture":"#6"},"south":{"uv":[4.623,3.502,3.9395,4.9355],"tintindex":0,"rotation":0,"texture":"#6"},"north":{"uv":[3.9355,3.502,3.252,4.9355],"tintindex":0,"rotation":0,"texture":"#6"},"west":{"uv":[0.8105,3.127,0.002,4.5605],"tintindex":0,"rotation":0,"texture":"#6"},"up":{"uv":[6.252,0.8105,6.9355,0.002],"tintindex":0,"rotation":0,"texture":"#6"},"down":{"uv":[0.002,6.4395,0.6855,7.248],"tintindex":0,"rotation":0,"texture":"#6"}}}],"display":{"gui":{"rotation":[30,225,0]}}}