{"textures":{"6":"modelengine:entity/mega_warden_damage"},"elements":[{"from":[10.25,5.5,5.0],"to":[17.25,10.5,15.0],"faces":{"east":{"uv":[5.75,7.25,7.0,7.875],"tintindex":0,"rotation":0,"texture":"#6"},"south":{"uv":[7.5,3.125,8.375,3.75],"tintindex":0,"rotation":0,"texture":"#6"},"north":{"uv":[7.5,0.625,8.375,1.25],"tintindex":0,"rotation":0,"texture":"#6"},"west":{"uv":[1.25,7.375,2.5,8.0],"tintindex":0,"rotation":0,"texture":"#6"},"up":{"uv":[6.875,5.0,6.0,3.75],"tintindex":0,"rotation":0,"texture":"#6"},"down":{"uv":[5.375,6.0,4.5,7.25],"tintindex":0,"rotation":0,"texture":"#6"}}},{"from":[-5.75,5.5,-3.0],"to":[10.25,10.5,15.0],"faces":{"east":{"uv":[4.75,5.375,7.0,6.0],"tintindex":0,"rotation":0,"texture":"#6"},"south":{"uv":[2.5,5.5,4.5,6.125],"tintindex":0,"rotation":0,"texture":"#6"},"north":{"uv":[5.5,0.625,7.5,1.25],"tintindex":0,"rotation":0,"texture":"#6"},"west":{"uv":[5.5,0.0,7.75,0.625],"tintindex":0,"rotation":0,"texture":"#6"},"up":{"uv":[2.0,2.25,0.0,0.0],"tintindex":0,"rotation":0,"texture":"#6"},"down":{"uv":[4.0,0.0,2.0,2.25],"tintindex":0,"rotation":0,"texture":"#6"}}}],"display":{"gui":{"rotation":[30,225,0]}}}