{"textures":{"6":"modelengine:entity/mega_warden_damage"},"elements":[{"from":[1.75,5.5,5.0],"to":[5.75,10.5,13.0],"faces":{"east":{"uv":[4.0,1.625,5.0,2.25],"tintindex":0,"rotation":0,"texture":"#6"},"south":{"uv":[0.0,7.875,0.5,8.5],"tintindex":0,"rotation":0,"texture":"#6"},"north":{"uv":[7.75,0.0,8.25,0.625],"tintindex":0,"rotation":0,"texture":"#6"},"west":{"uv":[3.375,6.125,4.375,6.75],"tintindex":0,"rotation":0,"texture":"#6"},"up":{"uv":[7.5,8.5,7.0,7.5],"tintindex":0,"rotation":0,"texture":"#6"},"down":{"uv":[8.0,7.5,7.5,8.5],"tintindex":0,"rotation":0,"texture":"#6"}}},{"from":[5.75,5.5,1.0],"to":[18.75,10.5,13.0],"faces":{"east":{"uv":[1.75,6.75,3.25,7.375],"tintindex":0,"rotation":0,"texture":"#6"},"south":{"uv":[1.75,6.125,3.375,6.75],"tintindex":0,"rotation":0,"texture":"#6"},"north":{"uv":[5.375,6.0,7.0,6.625],"tintindex":0,"rotation":0,"texture":"#6"},"west":{"uv":[6.875,3.75,8.375,4.375],"tintindex":0,"rotation":0,"texture":"#6"},"up":{"uv":[1.625,5.375,0.0,3.875],"tintindex":0,"rotation":0,"texture":"#6"},"down":{"uv":[3.25,3.875,1.625,5.375],"tintindex":0,"rotation":0,"texture":"#6"}}}],"display":{"gui":{"rotation":[30,225,0]}}}