{"textures":{"6":"modelengine:entity/mega_warden_damage"},"elements":[{"from":[2.0,5.5,1.5],"to":[14.0,10.5,14.5],"faces":{"east":{"uv":[6.25,1.25,7.875,1.875],"tintindex":0,"rotation":0,"texture":"#6"},"south":{"uv":[7.0,6.25,8.5,6.875],"tintindex":0,"rotation":0,"texture":"#6"},"north":{"uv":[7.0,5.625,8.5,6.25],"tintindex":0,"rotation":0,"texture":"#6"},"west":{"uv":[6.25,1.875,7.875,2.5],"tintindex":0,"rotation":0,"texture":"#6"},"up":{"uv":[4.75,5.5,3.25,3.875],"tintindex":0,"rotation":0,"texture":"#6"},"down":{"uv":[5.5,0.0,4.0,1.625],"tintindex":0,"rotation":0,"texture":"#6"}}}],"display":{"gui":{"rotation":[30,225,0]}}}