{"textures":{"6":"modelengine:entity/mega_warden_damage"},"elements":[{"from":[8.0,18.778126,-0.0642395],"to":[8.0,21.278126,6.9357605],"faces":{"east":{"uv":[8.4355,4.002,7.5645,4.3105],"tintindex":0,"rotation":0,"texture":"#6"},"west":{"uv":[7.5645,4.002,8.4355,4.3105],"tintindex":0,"rotation":0,"texture":"#6"}},"rotation":{"origin":[12.0,15.528126,2.9357605],"angle":22.5,"axis":"x"}},{"from":[-4.6948977,18.944191,0.875],"to":[0.8051028,18.944191,7.875],"faces":{"up":{"uv":[6.002,5.3105,6.6855,4.4395],"tintindex":0,"rotation":0,"texture":"#6"},"down":{"uv":[6.002,4.4395,6.6855,5.3105],"tintindex":0,"rotation":0,"texture":"#6"}},"rotation":{"origin":[-1.9448977,18.944191,4.375],"angle":-45.0,"axis":"z"}},{"from":[7.1717772,8.0,9.579086],"to":[7.1717772,17.0,15.079086],"faces":{"east":{"uv":[2.3145,4.8145,2.998,5.9355],"tintindex":0,"rotation":0,"texture":"#6"},"west":{"uv":[2.998,4.8145,2.3145,5.9355],"tintindex":0,"rotation":0,"texture":"#6"}},"rotation":{"origin":[1.0523796,12.5,10.4156685],"angle":22.5,"axis":"y"}},{"from":[0.0,8.0,0.875],"to":[16.5,17.0,7.875],"faces":{"east":{"uv":[4.127,1.627,4.998,2.748],"tintindex":0,"rotation":0,"texture":"#6"},"south":{"uv":[0.002,1.127,2.0605,2.248],"tintindex":0,"rotation":0,"texture":"#6"},"north":{"uv":[0.002,0.002,2.0605,1.123],"tintindex":0,"rotation":0,"texture":"#6"},"west":{"uv":[4.998,1.627,4.127,2.748],"tintindex":0,"rotation":0,"texture":"#6"},"up":{"uv":[2.0605,3.123,0.002,2.252],"tintindex":0,"rotation":0,"texture":"#6"},"down":{"uv":[4.123,2.627,2.0645,3.498],"tintindex":0,"rotation":0,"texture":"#6"}}},{"from":[15.694897,19.326874,0.875],"to":[21.194897,19.326874,7.875],"faces":{"up":{"uv":[6.6855,5.3105,6.002,4.4395],"tintindex":0,"rotation":0,"texture":"#6"},"down":{"uv":[6.6855,4.4395,6.002,5.3105],"tintindex":0,"rotation":0,"texture":"#6"}},"rotation":{"origin":[18.906837,19.135532,4.375],"angle":45.0,"axis":"z"}},{"from":[17.303427,4.343582,0.875],"to":[17.303427,8.343582,7.875],"faces":{"east":{"uv":[6.6895,4.1895,7.5605,4.6855],"tintindex":0,"rotation":0,"texture":"#6"},"west":{"uv":[7.5605,4.1895,6.6895,4.6855],"tintindex":0,"rotation":0,"texture":"#6"}},"rotation":{"origin":[17.765366,6.1522408,4.375],"angle":22.5,"axis":"z"}},{"from":[9.866283,8.0,10.270428],"to":[9.866283,17.0,15.770428],"faces":{"east":{"uv":[2.3145,4.8145,2.998,5.9355],"tintindex":0,"rotation":0,"texture":"#6"},"west":{"uv":[2.998,4.8145,2.3145,5.9355],"tintindex":0,"rotation":0,"texture":"#6"}},"rotation":{"origin":[15.94762,12.5,10.4156685],"angle":-22.5,"axis":"y"}},{"from":[5.0,12.778126,0.4357605],"to":[11.0,18.778126,6.9357605],"faces":{"east":{"uv":[5.3145,5.6895,6.123,6.4355],"tintindex":0,"rotation":0,"texture":"#6"},"south":{"uv":[6.127,5.3145,6.873,6.0605],"tintindex":0,"rotation":0,"texture":"#6"},"north":{"uv":[3.5645,6.127,4.3105,6.873],"tintindex":0,"rotation":0,"texture":"#6"},"west":{"uv":[4.3145,5.8145,5.123,6.5605],"tintindex":0,"rotation":0,"texture":"#6"},"up":{"uv":[1.623,6.6855,0.877,5.877],"tintindex":0,"rotation":0,"texture":"#6"},"down":{"uv":[2.373,5.9395,1.627,6.748],"tintindex":0,"rotation":0,"texture":"#6"}},"rotation":{"origin":[12.0,15.528126,2.9357605],"angle":22.5,"axis":"x"}},{"from":[8.0,8.0,7.875],"to":[8.0,17.0,11.875],"faces":{"east":{"uv":[6.623,1.9395,6.127,3.0605],"tintindex":0,"rotation":0,"texture":"#6"},"west":{"uv":[6.127,1.9395,6.623,3.0605],"tintindex":0,"rotation":0,"texture":"#6"}}},{"from":[-0.76536655,4.1522408,0.875],"to":[-0.76536655,8.152241,7.875],"faces":{"east":{"uv":[6.6895,4.1895,7.5605,4.6855],"tintindex":0,"rotation":0,"texture":"#6"},"west":{"uv":[7.5605,4.1895,6.6895,4.6855],"tintindex":0,"rotation":0,"texture":"#6"}},"rotation":{"origin":[-0.76536655,6.1522408,4.375],"angle":-22.5,"axis":"z"}}],"display":{"gui":{"rotation":[30,225,0]}}}