{"textures":{"0":"modelengine:entity/hologram_spawner"},"elements":[{"from":[-2.0,1.0,6.5],"to":[0.0,8.0,9.5],"faces":{"east":{"uv":[0.75,14.0,1.5,15.75],"tintindex":0,"rotation":0,"texture":"#0"},"south":{"uv":[1.0,14.0,0.5,15.75],"tintindex":0,"rotation":0,"texture":"#0"},"north":{"uv":[0.5,14.0,1.0,15.75],"tintindex":0,"rotation":0,"texture":"#0"},"west":{"uv":[0.0,14.0,0.75,15.75],"tintindex":0,"rotation":0,"texture":"#0"},"down":{"uv":[0.75,16.0,1.5,15.5],"tintindex":0,"rotation":90,"texture":"#0"}}},{"from":[6.5,8.0,-3.0],"to":[9.5,11.0,0.0],"faces":{"east":{"uv":[0.5,13.25,1.25,14.0],"tintindex":0,"rotation":0,"texture":"#0"},"south":{"uv":[0.0,13.25,0.75,14.0],"tintindex":0,"rotation":0,"texture":"#0"},"north":{"uv":[1.0,13.25,1.75,14.0],"tintindex":0,"rotation":0,"texture":"#0"},"west":{"uv":[1.25,13.25,0.5,14.0],"tintindex":0,"rotation":0,"texture":"#0"},"up":{"uv":[1.25,12.75,0.5,13.5],"tintindex":0,"rotation":90,"texture":"#0"},"down":{"uv":[0.5,13.25,1.25,14.0],"tintindex":0,"rotation":270,"texture":"#0"}}},{"from":[-3.0,8.0,6.5],"to":[0.0,11.0,9.5],"faces":{"east":{"uv":[0.0,13.25,0.75,14.0],"tintindex":0,"rotation":0,"texture":"#0"},"south":{"uv":[1.25,13.25,0.5,14.0],"tintindex":0,"rotation":0,"texture":"#0"},"north":{"uv":[0.5,13.25,1.25,14.0],"tintindex":0,"rotation":0,"texture":"#0"},"west":{"uv":[1.0,13.25,1.75,14.0],"tintindex":0,"rotation":0,"texture":"#0"},"up":{"uv":[1.25,12.75,0.5,13.5],"tintindex":0,"rotation":0,"texture":"#0"},"down":{"uv":[0.5,13.25,1.25,14.0],"tintindex":0,"rotation":0,"texture":"#0"}}},{"from":[16.0,1.0,6.5],"to":[18.0,8.0,9.5],"faces":{"east":{"uv":[0.75,14.0,1.5,15.75],"tintindex":0,"rotation":0,"texture":"#0"},"south":{"uv":[0.5,14.0,1.0,15.75],"tintindex":0,"rotation":0,"texture":"#0"},"north":{"uv":[1.0,14.0,0.5,15.75],"tintindex":0,"rotation":0,"texture":"#0"},"west":{"uv":[0.0,14.0,0.75,15.75],"tintindex":0,"rotation":0,"texture":"#0"},"down":{"uv":[0.75,16.0,1.5,15.5],"tintindex":0,"rotation":270,"texture":"#0"}}},{"from":[6.5,1.0,-2.0],"to":[9.5,8.0,0.0],"faces":{"east":{"uv":[0.5,14.0,1.0,15.75],"tintindex":0,"rotation":0,"texture":"#0"},"south":{"uv":[0.0,14.0,0.75,15.75],"tintindex":0,"rotation":0,"texture":"#0"},"north":{"uv":[0.75,14.0,1.5,15.75],"tintindex":0,"rotation":0,"texture":"#0"},"west":{"uv":[1.0,14.0,0.5,15.75],"tintindex":0,"rotation":0,"texture":"#0"},"down":{"uv":[0.75,16.0,1.5,15.5],"tintindex":0,"rotation":0,"texture":"#0"}}},{"from":[6.5,8.0,16.0],"to":[9.5,11.0,19.0],"faces":{"east":{"uv":[1.25,13.25,0.5,14.0],"tintindex":0,"rotation":0,"texture":"#0"},"south":{"uv":[1.0,13.25,1.75,14.0],"tintindex":0,"rotation":0,"texture":"#0"},"north":{"uv":[0.0,13.25,0.75,14.0],"tintindex":0,"rotation":0,"texture":"#0"},"west":{"uv":[0.5,13.25,1.25,14.0],"tintindex":0,"rotation":0,"texture":"#0"},"up":{"uv":[1.25,12.75,0.5,13.5],"tintindex":0,"rotation":270,"texture":"#0"},"down":{"uv":[0.5,13.25,1.25,14.0],"tintindex":0,"rotation":90,"texture":"#0"}}},{"from":[16.0,8.0,6.5],"to":[19.0,11.0,9.5],"faces":{"east":{"uv":[1.0,13.25,1.75,14.0],"tintindex":0,"rotation":0,"texture":"#0"},"south":{"uv":[0.5,13.25,1.25,14.0],"tintindex":0,"rotation":0,"texture":"#0"},"north":{"uv":[1.25,13.25,0.5,14.0],"tintindex":0,"rotation":0,"texture":"#0"},"west":{"uv":[0.0,13.25,0.75,14.0],"tintindex":0,"rotation":0,"texture":"#0"},"up":{"uv":[1.25,12.75,0.5,13.5],"tintindex":0,"rotation":180,"texture":"#0"},"down":{"uv":[0.5,13.25,1.25,14.0],"tintindex":0,"rotation":180,"texture":"#0"}}},{"from":[6.5,1.0,16.0],"to":[9.5,8.0,18.0],"faces":{"east":{"uv":[1.0,14.0,0.5,15.75],"tintindex":0,"rotation":0,"texture":"#0"},"south":{"uv":[0.75,14.0,1.5,15.75],"tintindex":0,"rotation":0,"texture":"#0"},"north":{"uv":[0.75,14.0,1.5,15.75],"tintindex":0,"rotation":0,"texture":"#0"},"west":{"uv":[0.5,14.0,1.0,15.75],"tintindex":0,"rotation":0,"texture":"#0"},"down":{"uv":[0.75,16.0,1.5,15.5],"tintindex":0,"rotation":180,"texture":"#0"}}}],"display":{"gui":{"rotation":[30,225,0]}}}