{"textures":{"0":"modelengine:entity/hologram_spawner"},"elements":[{"from":[5.0,5.0,11.0],"to":[11.0,11.0,11.0],"faces":{"east":{"uv":[14.75,7.75,16.0,9.0],"tintindex":0,"rotation":0,"texture":"#0"},"north":{"uv":[14.75,7.75,16.0,9.0],"tintindex":0,"rotation":0,"texture":"#0"},"west":{"uv":[14.75,7.75,16.0,9.0],"tintindex":0,"rotation":0,"texture":"#0"},"up":{"uv":[14.75,7.75,16.0,9.0],"tintindex":0,"rotation":0,"texture":"#0"},"down":{"uv":[14.75,7.75,16.0,9.0],"tintindex":0,"rotation":0,"texture":"#0"}}},{"from":[5.0,5.0,5.0],"to":[11.0,11.0,5.0],"faces":{"south":{"uv":[14.75,7.75,16.0,9.0],"tintindex":0,"rotation":0,"texture":"#0"},"west":{"uv":[14.75,7.75,16.0,9.0],"tintindex":0,"rotation":0,"texture":"#0"}}},{"from":[5.0,5.0,5.0],"to":[11.0,5.0,11.0],"faces":{"up":{"uv":[14.75,7.75,16.0,9.0],"tintindex":0,"rotation":0,"texture":"#0"}}},{"from":[11.0,5.0,5.0],"to":[11.0,11.0,11.0],"faces":{"west":{"uv":[14.75,7.75,16.0,9.0],"tintindex":0,"rotation":0,"texture":"#0"}}},{"from":[5.0,5.0,5.0],"to":[5.0,11.0,11.0],"faces":{"east":{"uv":[14.75,7.75,16.0,9.0],"tintindex":0,"rotation":0,"texture":"#0"}}},{"from":[5.5,5.5,5.5],"to":[10.5,10.5,10.5],"faces":{"east":{"uv":[14.75,9.0,16.0,10.25],"tintindex":0,"rotation":0,"texture":"#0"},"south":{"uv":[14.75,9.0,16.0,10.25],"tintindex":0,"rotation":0,"texture":"#0"},"north":{"uv":[14.75,9.0,16.0,10.25],"tintindex":0,"rotation":0,"texture":"#0"},"west":{"uv":[14.75,9.0,16.0,10.25],"tintindex":0,"rotation":0,"texture":"#0"},"up":{"uv":[14.75,9.0,16.0,10.25],"tintindex":0,"rotation":0,"texture":"#0"},"down":{"uv":[14.75,9.0,16.0,10.25],"tintindex":0,"rotation":0,"texture":"#0"}}},{"from":[5.0,11.0,5.0],"to":[11.0,11.0,11.0],"faces":{"down":{"uv":[14.75,7.75,16.0,9.0],"tintindex":0,"rotation":0,"texture":"#0"}}}],"display":{"gui":{"rotation":[30,225,0]}}}