{"textures":{"0":"modelengine:entity/hologram_spawner"},"elements":[{"from":[5.5,8.0,11.0],"to":[10.5,9.0,19.0],"faces":{"east":{"uv":[11.75,0.0,12.0,2.0],"tintindex":0,"rotation":90,"texture":"#0"},"south":{"uv":[10.75,1.75,12.0,2.0],"tintindex":0,"rotation":0,"texture":"#0"},"north":{"uv":[10.75,0.0,11.0,1.25],"tintindex":0,"rotation":90,"texture":"#0"},"west":{"uv":[10.75,2.0,11.0,0.0],"tintindex":0,"rotation":90,"texture":"#0"},"up":{"uv":[10.75,0.0,12.0,2.0],"tintindex":0,"rotation":0,"texture":"#0"},"down":{"uv":[10.75,2.0,12.0,0.0],"tintindex":0,"rotation":0,"texture":"#0"}}},{"from":[5.5,8.0,11.0],"to":[10.5,9.0,19.0],"faces":{"east":{"uv":[11.75,0.0,12.0,2.0],"tintindex":0,"rotation":90,"texture":"#0"},"south":{"uv":[10.75,1.75,12.0,2.0],"tintindex":0,"rotation":0,"texture":"#0"},"north":{"uv":[10.75,0.0,11.0,1.25],"tintindex":0,"rotation":90,"texture":"#0"},"west":{"uv":[10.75,2.0,11.0,0.0],"tintindex":0,"rotation":90,"texture":"#0"},"up":{"uv":[10.75,0.0,12.0,2.0],"tintindex":0,"rotation":0,"texture":"#0"},"down":{"uv":[10.75,2.0,12.0,0.0],"tintindex":0,"rotation":0,"texture":"#0"}},"rotation":{"origin":[8.0,8.0,-5.0],"angle":-22.5,"axis":"y"}},{"from":[5.5,8.0,11.0],"to":[10.5,9.0,19.0],"faces":{"east":{"uv":[11.75,0.0,12.0,2.0],"tintindex":0,"rotation":90,"texture":"#0"},"south":{"uv":[10.75,1.75,12.0,2.0],"tintindex":0,"rotation":0,"texture":"#0"},"north":{"uv":[10.75,0.0,11.0,1.25],"tintindex":0,"rotation":90,"texture":"#0"},"west":{"uv":[10.75,2.0,11.0,0.0],"tintindex":0,"rotation":90,"texture":"#0"},"up":{"uv":[10.75,0.0,12.0,2.0],"tintindex":0,"rotation":0,"texture":"#0"},"down":{"uv":[10.75,2.0,12.0,0.0],"tintindex":0,"rotation":0,"texture":"#0"}},"rotation":{"origin":[8.0,8.0,-5.0],"angle":22.5,"axis":"y"}}],"display":{"gui":{"rotation":[30,225,0]}}}