{"textures":{"0":"modelengine:entity/hologram_spawner"},"elements":[{"from":[11.0,8.0,5.5],"to":[19.0,9.0,10.5],"faces":{"east":{"uv":[10.75,1.75,12.0,2.0],"tintindex":0,"rotation":0,"texture":"#0"},"south":{"uv":[10.75,2.0,11.0,0.0],"tintindex":0,"rotation":90,"texture":"#0"},"north":{"uv":[11.75,0.0,12.0,2.0],"tintindex":0,"rotation":90,"texture":"#0"},"west":{"uv":[10.75,0.0,11.0,1.25],"tintindex":0,"rotation":90,"texture":"#0"},"up":{"uv":[10.75,0.0,12.0,2.0],"tintindex":0,"rotation":270,"texture":"#0"},"down":{"uv":[10.75,2.0,12.0,0.0],"tintindex":0,"rotation":90,"texture":"#0"}}},{"from":[11.0,8.0,5.5],"to":[19.0,9.0,10.5],"faces":{"east":{"uv":[10.75,1.75,12.0,2.0],"tintindex":0,"rotation":0,"texture":"#0"},"south":{"uv":[10.75,2.0,11.0,0.0],"tintindex":0,"rotation":90,"texture":"#0"},"north":{"uv":[11.75,0.0,12.0,2.0],"tintindex":0,"rotation":90,"texture":"#0"},"west":{"uv":[10.75,0.0,11.0,1.25],"tintindex":0,"rotation":90,"texture":"#0"},"up":{"uv":[10.75,0.0,12.0,2.0],"tintindex":0,"rotation":270,"texture":"#0"},"down":{"uv":[10.75,2.0,12.0,0.0],"tintindex":0,"rotation":90,"texture":"#0"}},"rotation":{"origin":[-5.0,8.0,8.0],"angle":22.5,"axis":"y"}},{"from":[11.0,8.0,5.5],"to":[19.0,9.0,10.5],"faces":{"east":{"uv":[10.75,1.75,12.0,2.0],"tintindex":0,"rotation":0,"texture":"#0"},"south":{"uv":[10.75,2.0,11.0,0.0],"tintindex":0,"rotation":90,"texture":"#0"},"north":{"uv":[11.75,0.0,12.0,2.0],"tintindex":0,"rotation":90,"texture":"#0"},"west":{"uv":[10.75,0.0,11.0,1.25],"tintindex":0,"rotation":90,"texture":"#0"},"up":{"uv":[10.75,0.0,12.0,2.0],"tintindex":0,"rotation":270,"texture":"#0"},"down":{"uv":[10.75,2.0,12.0,0.0],"tintindex":0,"rotation":90,"texture":"#0"}},"rotation":{"origin":[-5.0,8.0,8.0],"angle":-22.5,"axis":"y"}}],"display":{"gui":{"rotation":[30,225,0]}}}