{"textures":{"0":"modelengine:entity/hologram_spawner"},"elements":[{"from":[8.0,4.0,4.0],"to":[12.0,14.0,12.0],"faces":{"east":{"uv":[6.0,2.0,4.0,4.5],"tintindex":0,"rotation":0,"texture":"#0"},"south":{"uv":[7.0,2.0,8.0,4.5],"tintindex":0,"rotation":0,"texture":"#0"},"north":{"uv":[2.0,2.0,3.0,4.5],"tintindex":0,"rotation":0,"texture":"#0"},"west":{"uv":[2.0,2.0,0.0,4.5],"tintindex":0,"rotation":0,"texture":"#0"},"up":{"uv":[3.0,2.0,2.0,0.0],"tintindex":0,"rotation":0,"texture":"#0"},"down":{"uv":[5.0,0.0,4.0,2.0],"tintindex":0,"rotation":0,"texture":"#0"}}}],"display":{"gui":{"rotation":[30,225,0]}}}