{"textures":{"0":"modelengine:entity/hologram_spawner"},"elements":[{"from":[3.0,6.5,3.0],"to":[13.0,9.5,13.0],"faces":{"east":{"uv":[13.5,3.5,16.0,4.25],"tintindex":0,"rotation":0,"texture":"#0"},"south":{"uv":[13.5,3.5,16.0,4.25],"tintindex":0,"rotation":0,"texture":"#0"},"north":{"uv":[13.5,3.5,16.0,4.25],"tintindex":0,"rotation":0,"texture":"#0"},"west":{"uv":[13.5,3.5,16.0,4.25],"tintindex":0,"rotation":0,"texture":"#0"},"up":{"uv":[13.5,4.0,16.0,6.5],"tintindex":0,"rotation":0,"texture":"#0"},"down":{"uv":[13.5,4.0,16.0,6.5],"tintindex":0,"rotation":0,"texture":"#0"}}}],"display":{"gui":{"rotation":[30,225,0]}}}