{"textures":{"0":"modelengine:entity/hologram_spawner"},"elements":[{"from":[2.0,6.5,2.0],"to":[14.0,9.5,14.0],"faces":{"east":{"uv":[13.0,0.0,16.0,0.75],"tintindex":0,"rotation":0,"texture":"#0"},"south":{"uv":[13.0,0.0,16.0,0.75],"tintindex":0,"rotation":0,"texture":"#0"},"north":{"uv":[13.0,0.0,16.0,0.75],"tintindex":0,"rotation":0,"texture":"#0"},"west":{"uv":[13.0,0.0,16.0,0.75],"tintindex":0,"rotation":0,"texture":"#0"},"up":{"uv":[13.0,0.5,16.0,3.5],"tintindex":0,"rotation":0,"texture":"#0"},"down":{"uv":[13.0,0.5,16.0,3.5],"tintindex":0,"rotation":0,"texture":"#0"}}}],"display":{"gui":{"rotation":[30,225,0]}}}