{"textures":{"0":"modelengine:entity/hologram_spawner"},"elements":[{"from":[7.0,8.0,7.0],"to":[7.0,16.0,9.0],"faces":{"east":{"uv":[0.0,0.0,0.5,2.0],"tintindex":0,"rotation":0,"texture":"#0"}}},{"from":[7.0,8.0,9.0],"to":[9.0,16.0,9.0],"faces":{"north":{"uv":[0.0,0.0,0.5,2.0],"tintindex":0,"rotation":0,"texture":"#0"}}},{"from":[7.0,8.0,7.0],"to":[9.0,16.0,7.0],"faces":{"south":{"uv":[0.0,0.0,0.5,2.0],"tintindex":0,"rotation":0,"texture":"#0"}}},{"from":[9.0,8.0,7.0],"to":[9.0,16.0,9.0],"faces":{"west":{"uv":[0.0,0.0,0.5,2.0],"tintindex":0,"rotation":0,"texture":"#0"}}},{"from":[7.5,8.0,7.5],"to":[8.5,16.0,8.5],"faces":{"east":{"uv":[0.5,0.0,0.75,2.0],"tintindex":0,"rotation":0,"texture":"#0"},"south":{"uv":[0.5,0.0,0.75,2.0],"tintindex":0,"rotation":0,"texture":"#0"},"north":{"uv":[0.5,0.0,0.75,2.0],"tintindex":0,"rotation":0,"texture":"#0"},"west":{"uv":[0.5,0.0,0.75,2.0],"tintindex":0,"rotation":0,"texture":"#0"},"up":{"uv":[0.5,0.0,0.75,0.25],"tintindex":0,"rotation":0,"texture":"#0"},"down":{"uv":[0.5,0.0,0.75,0.25],"tintindex":0,"rotation":0,"texture":"#0"}}}],"display":{"gui":{"rotation":[30,225,0]}}}