{"textures":{"0":"modelengine:entity/hologram_spawner"},"elements":[{"from":[-15.0,-1.0,8.0],"to":[-3.0,19.0,8.0],"faces":{"south":{"uv":[16.0,11.0,13.0,16.0],"tintindex":0,"rotation":0,"texture":"#0"},"north":{"uv":[13.0,11.0,16.0,16.0],"tintindex":0,"rotation":0,"texture":"#0"}},"rotation":{"origin":[-3.0,1.0,8.0],"angle":-22.5,"axis":"y"}},{"from":[-3.0,-1.0,8.0],"to":[9.0,9.0,8.0],"faces":{"south":{"uv":[13.0,13.5,10.0,16.0],"tintindex":0,"rotation":0,"texture":"#0"},"north":{"uv":[10.0,13.5,13.0,16.0],"tintindex":0,"rotation":0,"texture":"#0"}}}],"display":{"gui":{"rotation":[30,225,0]}}}