{"textures":{"1":"modelengine:entity/fallendefender"},"elements":[{"from":[7.8876667,7.6533337,-2.6232433],"to":[8.112667,8.353333,-1.9232445],"faces":{"east":{"uv":[3.6875,7.9375,3.8125,8.0625],"tintindex":0,"rotation":0,"texture":"#1"},"south":{"uv":[9.0,1.0,9.0625,1.125],"tintindex":0,"rotation":0,"texture":"#1"},"north":{"uv":[9.0,0.8125,9.065625,0.9375],"tintindex":0,"rotation":0,"texture":"#1"},"west":{"uv":[7.9375,7.125,8.0625,7.25],"tintindex":0,"rotation":0,"texture":"#1"},"up":{"uv":[1.125,9.125,1.0625,9.0],"tintindex":0,"rotation":0,"texture":"#1"},"down":{"uv":[9.0625,1.1875,9.0,1.3125],"tintindex":0,"rotation":0,"texture":"#1"}},"rotation":{"origin":[8.000167,8.003334,-2.273244],"angle":45.0,"axis":"x"}},{"from":[7.8251667,8.228333,10.301756],"to":[8.175167,8.578334,11.151756],"faces":{"east":{"uv":[0.0,8.875,0.125,8.9375],"tintindex":0,"rotation":0,"texture":"#1"},"south":{"uv":[0.875,9.3125,0.9375,9.375],"tintindex":0,"rotation":0,"texture":"#1"},"north":{"uv":[9.3125,0.5,9.375,0.5625],"tintindex":0,"rotation":0,"texture":"#1"},"west":{"uv":[8.875,0.0,9.0,0.0625],"tintindex":0,"rotation":0,"texture":"#1"},"up":{"uv":[0.25,9.0,0.1875,8.875],"tintindex":0,"rotation":0,"texture":"#1"},"down":{"uv":[0.375,8.875,0.3125,9.0],"tintindex":0,"rotation":0,"texture":"#1"}},"rotation":{"origin":[8.000167,8.403334,10.976757],"angle":-22.5,"axis":"x"}},{"from":[7.7201667,7.7233334,9.446756],"to":[8.280167,8.283334,9.881757],"faces":{"east":{"uv":[1.875,9.3125,1.9375,9.375],"tintindex":0,"rotation":0,"texture":"#1"},"south":{"uv":[2.0,9.3125,2.0625,9.375],"tintindex":0,"rotation":0,"texture":"#1"},"north":{"uv":[1.75,9.3125,1.8125,9.375],"tintindex":0,"rotation":0,"texture":"#1"},"west":{"uv":[9.3125,2.0,9.375,2.0625],"tintindex":0,"rotation":0,"texture":"#1"},"up":{"uv":[2.1875,9.375,2.125,9.3125],"tintindex":0,"rotation":0,"texture":"#1"},"down":{"uv":[9.375,2.125,9.3125,2.1875],"tintindex":0,"rotation":0,"texture":"#1"}}},{"from":[7.7521667,6.6174192,5.1515956],"to":[8.248167,7.6134186,6.1475954],"faces":{"east":{"uv":[7.5625,1.4375,7.6875,1.5625],"tintindex":0,"rotation":0,"texture":"#1"},"south":{"uv":[3.4375,8.875,3.5,9.0],"tintindex":0,"rotation":0,"texture":"#1"},"north":{"uv":[8.875,2.9375,8.9375,3.0625],"tintindex":0,"rotation":0,"texture":"#1"},"west":{"uv":[7.5625,2.0,7.6875,2.125],"tintindex":0,"rotation":0,"texture":"#1"},"up":{"uv":[8.9375,3.5625,8.875,3.4375],"tintindex":0,"rotation":0,"texture":"#1"},"down":{"uv":[3.625,8.875,3.5625,9.0],"tintindex":0,"rotation":0,"texture":"#1"}},"rotation":{"origin":[8.000167,7.365419,5.6495953],"angle":-45.0,"axis":"x"}},{"from":[7.750167,6.5593762,6.188176],"to":[8.250167,7.5593762,7.188176],"faces":{"east":{"uv":[7.5,6.0,7.625,6.125],"tintindex":0,"rotation":0,"texture":"#1"},"south":{"uv":[1.5,8.875,1.5625,9.0],"tintindex":0,"rotation":0,"texture":"#1"},"north":{"uv":[8.875,1.375,8.9375,1.5],"tintindex":0,"rotation":0,"texture":"#1"},"west":{"uv":[6.0625,7.5,6.1875,7.625],"tintindex":0,"rotation":0,"texture":"#1"},"up":{"uv":[8.9375,1.6875,8.875,1.5625],"tintindex":0,"rotation":0,"texture":"#1"},"down":{"uv":[1.6875,8.875,1.625,9.0],"tintindex":0,"rotation":0,"texture":"#1"}},"rotation":{"origin":[8.000167,7.3093762,6.438176],"angle":22.5,"axis":"x"}},{"from":[7.7521667,5.3475704,5.4621897],"to":[8.248167,6.69357,5.9581895],"faces":{"east":{"uv":[1.5,8.25,1.5625,8.4375],"tintindex":0,"rotation":0,"texture":"#1"},"south":{"uv":[1.625,8.25,1.6875,8.4375],"tintindex":0,"rotation":0,"texture":"#1"},"north":{"uv":[1.25,8.25,1.3125,8.41875],"tintindex":0,"rotation":0,"texture":"#1"},"west":{"uv":[1.75,8.25,1.8125,8.4375],"tintindex":0,"rotation":0,"texture":"#1"},"up":{"uv":[6.0,9.375,5.9375,9.3125],"tintindex":0,"rotation":0,"texture":"#1"},"down":{"uv":[9.375,6.0625,9.3125,6.125],"tintindex":0,"rotation":0,"texture":"#1"}},"rotation":{"origin":[8.000167,5.4455705,5.96019],"angle":45.0,"axis":"x"}},{"from":[7.8251667,7.4783335,11.301756],"to":[8.175167,7.828334,12.151757],"faces":{"east":{"uv":[8.8125,8.0,8.9375,8.0625],"tintindex":0,"rotation":0,"texture":"#1"},"south":{"uv":[0.5,9.3125,0.5625,9.375],"tintindex":0,"rotation":0,"texture":"#1"},"north":{"uv":[9.3125,0.375,9.375,0.4375],"tintindex":0,"rotation":0,"texture":"#1"},"west":{"uv":[8.8125,8.5,8.9375,8.5625],"tintindex":0,"rotation":0,"texture":"#1"},"up":{"uv":[8.875,8.75,8.8125,8.625],"tintindex":0,"rotation":0,"texture":"#1"},"down":{"uv":[8.875,8.8125,8.8125,8.9375],"tintindex":0,"rotation":0,"texture":"#1"}},"rotation":{"origin":[8.000167,7.6533337,11.476757],"angle":-22.5,"axis":"x"}},{"from":[7.906417,8.253334,-0.7732439],"to":[8.093917,8.628334,4.2267566],"faces":{"east":{"uv":[4.9375,3.75,5.5625,3.8125],"tintindex":0,"rotation":0,"texture":"#1"},"south":{"uv":[9.3125,3.375,9.375,3.4375],"tintindex":0,"rotation":0,"texture":"#1"},"north":{"uv":[3.3125,9.3125,3.3359375,9.359375],"tintindex":0,"rotation":0,"texture":"#1"},"west":{"uv":[5.0,1.0,5.625,1.0625],"tintindex":0,"rotation":0,"texture":"#1"},"up":{"uv":[4.8125,5.5625,4.75,4.9375],"tintindex":0,"rotation":0,"texture":"#1"},"down":{"uv":[1.75,5.0,1.6875,5.625],"tintindex":0,"rotation":0,"texture":"#1"}}},{"from":[7.9084167,8.714658,-1.9554224],"to":[8.091917,9.085658,-0.5844221],"faces":{"east":{"uv":[8.125,7.8125,8.3125,7.875],"tintindex":0,"rotation":0,"texture":"#1"},"south":{"uv":[3.0,9.3125,3.0625,9.375],"tintindex":0,"rotation":0,"texture":"#1"},"north":{"uv":[2.875,9.3125,2.8984375,9.359375],"tintindex":0,"rotation":0,"texture":"#1"},"west":{"uv":[8.1875,0.25,8.375,0.3125],"tintindex":0,"rotation":0,"texture":"#1"},"up":{"uv":[4.9375,8.375,4.875,8.1875],"tintindex":0,"rotation":0,"texture":"#1"},"down":{"uv":[5.5625,8.1875,5.5,8.375],"tintindex":0,"rotation":0,"texture":"#1"}},"rotation":{"origin":[8.000166,8.837658,-1.8324223],"angle":22.5,"axis":"x"}},{"from":[7.8251667,8.128334,11.301756],"to":[8.175167,8.478334,12.151757],"faces":{"east":{"uv":[8.875,0.375,9.0,0.4375],"tintindex":0,"rotation":0,"texture":"#1"},"south":{"uv":[1.625,9.3125,1.6875,9.375],"tintindex":0,"rotation":0,"texture":"#1"},"north":{"uv":[9.3125,1.5,9.375,1.5625],"tintindex":0,"rotation":0,"texture":"#1"},"west":{"uv":[8.875,0.5,9.0,0.5625],"tintindex":0,"rotation":0,"texture":"#1"},"up":{"uv":[0.6875,9.0,0.625,8.875],"tintindex":0,"rotation":0,"texture":"#1"},"down":{"uv":[8.9375,0.625,8.875,0.75],"tintindex":0,"rotation":0,"texture":"#1"}},"rotation":{"origin":[8.000167,8.303333,11.476757],"angle":22.5,"axis":"x"}},{"from":[7.750167,7.7533336,7.7267566],"to":[8.250167,8.253334,10.226757],"faces":{"east":{"uv":[6.8125,3.375,7.125,3.4375],"tintindex":0,"rotation":0,"texture":"#1"},"south":{"uv":[9.25,8.375,9.3125,8.4375],"tintindex":0,"rotation":0,"texture":"#1"},"north":{"uv":[9.25,8.25,9.3125,8.3125],"tintindex":0,"rotation":0,"texture":"#1"},"west":{"uv":[6.8125,3.625,7.125,3.6875],"tintindex":0,"rotation":0,"texture":"#1"},"up":{"uv":[6.875,6.5625,6.8125,6.25],"tintindex":0,"rotation":0,"texture":"#1"},"down":{"uv":[0.875,6.875,0.8125,7.1875],"tintindex":0,"rotation":0,"texture":"#1"}}},{"from":[7.824167,7.8273335,11.800756],"to":[8.176167,8.179334,12.652757],"faces":{"east":{"uv":[8.8125,7.0,8.9375,7.0625],"tintindex":0,"rotation":0,"texture":"#1"},"south":{"uv":[9.25,8.625,9.3125,8.6875],"tintindex":0,"rotation":0,"texture":"#1"},"north":{"uv":[9.25,8.5,9.3125,8.5625],"tintindex":0,"rotation":0,"texture":"#1"},"west":{"uv":[7.25,8.8125,7.375,8.875],"tintindex":0,"rotation":0,"texture":"#1"},"up":{"uv":[8.875,7.625,8.8125,7.5],"tintindex":0,"rotation":0,"texture":"#1"},"down":{"uv":[8.875,7.6875,8.8125,7.8125],"tintindex":0,"rotation":0,"texture":"#1"}}},{"from":[7.7531667,5.468219,6.6497154],"to":[8.247168,6.962219,7.143716],"faces":{"east":{"uv":[0.5,8.3125,0.5625,8.5],"tintindex":0,"rotation":0,"texture":"#1"},"south":{"uv":[1.375,8.3125,1.4375,8.5],"tintindex":0,"rotation":0,"texture":"#1"},"north":{"uv":[0.375,8.3125,0.4375,8.5],"tintindex":0,"rotation":0,"texture":"#1"},"west":{"uv":[8.3125,1.8125,8.375,2.0],"tintindex":0,"rotation":0,"texture":"#1"},"up":{"uv":[9.4375,3.5625,9.375,3.5],"tintindex":0,"rotation":0,"texture":"#1"},"down":{"uv":[9.4375,3.625,9.375,3.6875],"tintindex":0,"rotation":0,"texture":"#1"}}},{"from":[7.8251667,7.378334,10.301756],"to":[8.175167,7.7283335,11.151756],"faces":{"east":{"uv":[8.8125,7.25,8.9375,7.3125],"tintindex":0,"rotation":0,"texture":"#1"},"south":{"uv":[9.25,8.875,9.3125,8.9375],"tintindex":0,"rotation":0,"texture":"#1"},"north":{"uv":[8.8125,9.25,8.875,9.3125],"tintindex":0,"rotation":0,"texture":"#1"},"west":{"uv":[8.8125,7.875,8.9375,7.9375],"tintindex":0,"rotation":0,"texture":"#1"},"up":{"uv":[8.25,8.9375,8.1875,8.8125],"tintindex":0,"rotation":0,"texture":"#1"},"down":{"uv":[8.875,8.3125,8.8125,8.4375],"tintindex":0,"rotation":0,"texture":"#1"}},"rotation":{"origin":[8.000167,7.5533338,10.976757],"angle":22.5,"axis":"x"}},{"from":[7.5751667,7.578334,5.551757],"to":[8.425167,8.428333,6.4017563],"faces":{"east":{"uv":[7.5,7.3125,7.625,7.4375],"tintindex":0,"rotation":0,"texture":"#1"},"south":{"uv":[7.4375,7.5,7.5625,7.625],"tintindex":0,"rotation":0,"texture":"#1"},"north":{"uv":[7.25,7.5,7.375,7.625],"tintindex":0,"rotation":0,"texture":"#1"},"west":{"uv":[0.0,7.5625,0.125,7.6875],"tintindex":0,"rotation":0,"texture":"#1"},"up":{"uv":[0.3125,7.6875,0.1875,7.5625],"tintindex":0,"rotation":0,"texture":"#1"},"down":{"uv":[0.5,7.5625,0.375,7.6875],"tintindex":0,"rotation":0,"texture":"#1"}},"rotation":{"origin":[8.000167,8.003334,5.9767566],"angle":45.0,"axis":"x"}},{"from":[7.750167,7.3033338,10.976757],"to":[8.250167,7.8033338,11.476757],"faces":{"east":{"uv":[9.3125,0.0,9.375,0.0625],"tintindex":0,"rotation":0,"texture":"#1"},"south":{"uv":[0.125,9.3125,0.1875,9.375],"tintindex":0,"rotation":0,"texture":"#1"},"north":{"uv":[9.1875,9.25,9.25,9.3125],"tintindex":0,"rotation":0,"texture":"#1"},"west":{"uv":[0.25,9.3125,0.3125,9.375],"tintindex":0,"rotation":0,"texture":"#1"},"up":{"uv":[9.375,0.3125,9.3125,0.25],"tintindex":0,"rotation":0,"texture":"#1"},"down":{"uv":[0.4375,9.3125,0.375,9.375],"tintindex":0,"rotation":0,"texture":"#1"}},"rotation":{"origin":[8.000167,7.5533338,11.226757],"angle":-22.5,"axis":"x"}},{"from":[7.906417,8.128334,4.2267566],"to":[8.093917,8.628334,5.7267566],"faces":{"east":{"uv":[8.1875,6.25,8.375,6.3125],"tintindex":0,"rotation":0,"texture":"#1"},"south":{"uv":[9.3125,6.8125,9.375,6.875],"tintindex":0,"rotation":0,"texture":"#1"},"north":{"uv":[9.3125,6.3125,9.3359375,6.375],"tintindex":0,"rotation":0,"texture":"#1"},"west":{"uv":[8.1875,7.0,8.375,7.0625],"tintindex":0,"rotation":0,"texture":"#1"},"up":{"uv":[2.0625,8.4375,2.0,8.25],"tintindex":0,"rotation":0,"texture":"#1"},"down":{"uv":[8.3125,2.25,8.25,2.4375],"tintindex":0,"rotation":0,"texture":"#1"}}},{"from":[7.7521667,8.393248,5.1515956],"to":[8.248167,9.389248,6.1475954],"faces":{"east":{"uv":[0.5625,7.5625,0.6875,7.6875],"tintindex":0,"rotation":0,"texture":"#1"},"south":{"uv":[2.5625,8.875,2.625,9.0],"tintindex":0,"rotation":0,"texture":"#1"},"north":{"uv":[2.125,8.875,2.1875,9.0],"tintindex":0,"rotation":0,"texture":"#1"},"west":{"uv":[7.5625,1.25,7.6875,1.375],"tintindex":0,"rotation":0,"texture":"#1"},"up":{"uv":[2.75,9.0,2.6875,8.875],"tintindex":0,"rotation":0,"texture":"#1"},"down":{"uv":[2.875,8.875,2.8125,9.0],"tintindex":0,"rotation":0,"texture":"#1"}},"rotation":{"origin":[8.000167,8.641249,5.6495953],"angle":45.0,"axis":"x"}},{"from":[7.750167,5.0593762,6.188176],"to":[8.250167,6.5593762,6.688176],"faces":{"east":{"uv":[1.0,8.25,1.0625,8.4375],"tintindex":0,"rotation":0,"texture":"#1"},"south":{"uv":[1.125,8.25,1.1875,8.4375],"tintindex":0,"rotation":0,"texture":"#1"},"north":{"uv":[8.25,0.875,8.3125,1.0625],"tintindex":0,"rotation":0,"texture":"#1"},"west":{"uv":[8.25,1.125,8.3125,1.3125],"tintindex":0,"rotation":0,"texture":"#1"},"up":{"uv":[5.75,9.375,5.6875,9.3125],"tintindex":0,"rotation":0,"texture":"#1"},"down":{"uv":[5.875,9.3125,5.8125,9.375],"tintindex":0,"rotation":0,"texture":"#1"}},"rotation":{"origin":[8.000167,7.3093762,6.438176],"angle":22.5,"axis":"x"}},{"from":[7.826667,7.7977266,3.6282568],"to":[8.173666,8.14828,3.9788098],"faces":{"east":{"uv":[9.0625,9.3125,9.125,9.375],"tintindex":0,"rotation":0,"texture":"#1"},"south":{"uv":[9.3125,9.125,9.375,9.1875],"tintindex":0,"rotation":0,"texture":"#1"},"north":{"uv":[9.3125,9.0,9.35625,9.044194],"tintindex":0,"rotation":0,"texture":"#1"},"west":{"uv":[9.3125,9.25,9.375,9.3125],"tintindex":0,"rotation":0,"texture":"#1"},"up":{"uv":[0.0625,9.4375,0.0,9.375],"tintindex":0,"rotation":0,"texture":"#1"},"down":{"uv":[9.4375,0.125,9.375,0.1875],"tintindex":0,"rotation":0,"texture":"#1"}},"rotation":{"origin":[8.000167,7.8997803,3.8767567],"angle":45.0,"axis":"x"}},{"from":[7.6751666,7.3033333,9.939257],"to":[8.325167,8.203333,10.839256],"faces":{"east":{"uv":[1.9375,7.5,2.0625,7.625],"tintindex":0,"rotation":0,"texture":"#1"},"south":{"uv":[2.125,7.5,2.25,7.625],"tintindex":0,"rotation":0,"texture":"#1"},"north":{"uv":[7.5,0.5,7.59375,0.625],"tintindex":0,"rotation":0,"texture":"#1"},"west":{"uv":[2.875,7.5,3.0,7.625],"tintindex":0,"rotation":0,"texture":"#1"},"up":{"uv":[3.1875,7.625,3.0625,7.5],"tintindex":0,"rotation":0,"texture":"#1"},"down":{"uv":[3.375,7.5,3.25,7.625],"tintindex":0,"rotation":0,"texture":"#1"}},"rotation":{"origin":[8.000167,8.003334,10.6392565],"angle":45.0,"axis":"x"}},{"from":[7.750167,8.44729,6.188176],"to":[8.250167,9.44729,7.188176],"faces":{"east":{"uv":[4.4375,7.5,4.5625,7.625],"tintindex":0,"rotation":0,"texture":"#1"},"south":{"uv":[0.9375,8.875,1.0,9.0],"tintindex":0,"rotation":0,"texture":"#1"},"north":{"uv":[8.875,0.8125,8.9375,0.9375],"tintindex":0,"rotation":0,"texture":"#1"},"west":{"uv":[5.0,7.5,5.125,7.625],"tintindex":0,"rotation":0,"texture":"#1"},"up":{"uv":[8.9375,1.125,8.875,1.0],"tintindex":0,"rotation":0,"texture":"#1"},"down":{"uv":[8.9375,1.1875,8.875,1.3125],"tintindex":0,"rotation":0,"texture":"#1"}},"rotation":{"origin":[8.000167,8.69729,6.438176],"angle":-22.5,"axis":"x"}},{"from":[7.7546663,6.0082064,6.9095235],"to":[8.2456665,7.3992066,7.4005237],"faces":{"east":{"uv":[2.5625,8.3125,2.625,8.5],"tintindex":0,"rotation":0,"texture":"#1"},"south":{"uv":[2.6875,8.3125,2.75,8.5],"tintindex":0,"rotation":0,"texture":"#1"},"north":{"uv":[2.4375,8.3125,2.5,8.4875],"tintindex":0,"rotation":0,"texture":"#1"},"west":{"uv":[3.5,8.3125,3.5625,8.5],"tintindex":0,"rotation":0,"texture":"#1"},"up":{"uv":[9.4375,3.8125,9.375,3.75],"tintindex":0,"rotation":0,"texture":"#1"},"down":{"uv":[9.4375,4.0625,9.375,4.125],"tintindex":0,"rotation":0,"texture":"#1"}},"rotation":{"origin":[8.000167,6.5762453,7.077075],"angle":22.5,"axis":"x"}},{"from":[7.7531667,9.044448,6.6497154],"to":[8.247168,10.538448,7.143716],"faces":{"east":{"uv":[0.0,8.3125,0.0625,8.5],"tintindex":0,"rotation":0,"texture":"#1"},"south":{"uv":[0.125,8.3125,0.1875,8.5],"tintindex":0,"rotation":0,"texture":"#1"},"north":{"uv":[8.0625,8.25,8.125,8.4375],"tintindex":0,"rotation":0,"texture":"#1"},"west":{"uv":[0.25,8.3125,0.3125,8.5],"tintindex":0,"rotation":0,"texture":"#1"},"up":{"uv":[9.4375,3.1875,9.375,3.125],"tintindex":0,"rotation":0,"texture":"#1"},"down":{"uv":[9.4375,3.25,9.375,3.3125],"tintindex":0,"rotation":0,"texture":"#1"}}},{"from":[7.906417,8.628334,-2.773244],"to":[8.093917,9.128334,3.7267566],"faces":{"east":{"uv":[4.0,1.25,4.8125,1.3125],"tintindex":0,"rotation":0,"texture":"#1"},"south":{"uv":[3.5625,9.3125,3.625,9.375],"tintindex":0,"rotation":0,"texture":"#1"},"north":{"uv":[3.4375,9.3125,3.4609375,9.375],"tintindex":0,"rotation":0,"texture":"#1"},"west":{"uv":[4.125,3.0,4.9375,3.0625],"tintindex":0,"rotation":0,"texture":"#1"},"up":{"uv":[3.9375,5.0625,3.875,4.25],"tintindex":0,"rotation":0,"texture":"#1"},"down":{"uv":[4.0625,4.25,4.0,5.0625],"tintindex":0,"rotation":0,"texture":"#1"}}},{"from":[7.9059167,8.365618,-4.6171303],"to":[8.0894165,8.861618,-2.62113],"faces":{"east":{"uv":[7.4375,7.0625,7.6875,7.125],"tintindex":0,"rotation":0,"texture":"#1"},"south":{"uv":[2.75,9.3125,2.8125,9.375],"tintindex":0,"rotation":0,"texture":"#1"},"north":{"uv":[9.3125,2.625,9.3359375,2.6875],"tintindex":0,"rotation":0,"texture":"#1"},"west":{"uv":[7.5,0.1875,7.75,0.25],"tintindex":0,"rotation":0,"texture":"#1"},"up":{"uv":[4.25,7.75,4.1875,7.5],"tintindex":0,"rotation":0,"texture":"#1"},"down":{"uv":[4.375,7.5,4.3125,7.75],"tintindex":0,"rotation":0,"texture":"#1"}},"rotation":{"origin":[7.9976664,8.613617,-3.3691301],"angle":-22.5,"axis":"x"}},{"from":[7.8251667,7.7533336,3.8767567],"to":[8.175167,8.253334,5.3767567],"faces":{"east":{"uv":[8.25,5.25,8.4375,5.3125],"tintindex":0,"rotation":0,"texture":"#1"},"south":{"uv":[8.9375,9.3125,9.0,9.375],"tintindex":0,"rotation":0,"texture":"#1"},"north":{"uv":[9.3125,8.75,9.35625,8.8125],"tintindex":0,"rotation":0,"texture":"#1"},"west":{"uv":[6.0,8.25,6.1875,8.3125],"tintindex":0,"rotation":0,"texture":"#1"},"up":{"uv":[6.3125,8.4375,6.25,8.25],"tintindex":0,"rotation":0,"texture":"#1"},"down":{"uv":[6.4375,8.25,6.375,8.4375],"tintindex":0,"rotation":0,"texture":"#1"}}},{"from":[7.8251667,8.628334,4.3017564],"to":[8.175167,9.128334,5.801757],"faces":{"east":{"uv":[6.5,8.25,6.6875,8.3125],"tintindex":0,"rotation":0,"texture":"#1"},"south":{"uv":[9.375,1.25,9.4375,1.3125],"tintindex":0,"rotation":0,"texture":"#1"},"north":{"uv":[9.375,1.125,9.41875,1.1875],"tintindex":0,"rotation":0,"texture":"#1"},"west":{"uv":[6.75,8.25,6.9375,8.3125],"tintindex":0,"rotation":0,"texture":"#1"},"up":{"uv":[7.25,8.4375,7.1875,8.25],"tintindex":0,"rotation":0,"texture":"#1"},"down":{"uv":[7.5,8.25,7.4375,8.4375],"tintindex":0,"rotation":0,"texture":"#1"}}},{"from":[7.826667,6.983387,4.053256],"to":[8.173666,7.3339405,4.40381],"faces":{"east":{"uv":[9.375,1.75,9.4375,1.8125],"tintindex":0,"rotation":0,"texture":"#1"},"south":{"uv":[9.375,1.875,9.4375,1.9375],"tintindex":0,"rotation":0,"texture":"#1"},"north":{"uv":[9.375,1.625,9.41875,1.6691942],"tintindex":0,"rotation":0,"texture":"#1"},"west":{"uv":[9.375,2.25,9.4375,2.3125],"tintindex":0,"rotation":0,"texture":"#1"},"up":{"uv":[9.4375,2.8125,9.375,2.75],"tintindex":0,"rotation":0,"texture":"#1"},"down":{"uv":[9.4375,2.875,9.375,2.9375],"tintindex":0,"rotation":0,"texture":"#1"}},"rotation":{"origin":[8.000167,7.231887,4.3017564],"angle":-45.0,"axis":"x"}},{"from":[7.906417,7.3783336,4.2267566],"to":[8.093917,7.8783336,5.7267566],"faces":{"east":{"uv":[8.25,1.375,8.4375,1.4375],"tintindex":0,"rotation":0,"texture":"#1"},"south":{"uv":[7.875,9.3125,7.9375,9.375],"tintindex":0,"rotation":0,"texture":"#1"},"north":{"uv":[7.75,9.3125,7.7734375,9.375],"tintindex":0,"rotation":0,"texture":"#1"},"west":{"uv":[8.25,1.6875,8.4375,1.75],"tintindex":0,"rotation":0,"texture":"#1"},"up":{"uv":[8.3125,3.1875,8.25,3.0],"tintindex":0,"rotation":0,"texture":"#1"},"down":{"uv":[8.3125,3.6875,8.25,3.875],"tintindex":0,"rotation":0,"texture":"#1"}}},{"from":[7.9089165,8.5541935,3.6145558],"to":[8.091416,9.049192,5.009556],"faces":{"east":{"uv":[8.1875,3.3125,8.375,3.375],"tintindex":0,"rotation":0,"texture":"#1"},"south":{"uv":[3.8125,9.3125,3.875,9.375],"tintindex":0,"rotation":0,"texture":"#1"},"north":{"uv":[3.6875,9.3125,3.7109375,9.375],"tintindex":0,"rotation":0,"texture":"#1"},"west":{"uv":[8.1875,5.625,8.375,5.6875],"tintindex":0,"rotation":0,"texture":"#1"},"up":{"uv":[5.6875,8.375,5.625,8.1875],"tintindex":0,"rotation":0,"texture":"#1"},"down":{"uv":[8.25,5.75,8.1875,5.9375],"tintindex":0,"rotation":0,"texture":"#1"}},"rotation":{"origin":[8.000166,8.801693,3.8620558],"angle":22.5,"axis":"x"}},{"from":[7.9089165,6.957474,3.6145558],"to":[8.091416,7.452474,5.009556],"faces":{"east":{"uv":[8.25,3.4375,8.4375,3.5],"tintindex":0,"rotation":0,"texture":"#1"},"south":{"uv":[8.6875,9.3125,8.75,9.375],"tintindex":0,"rotation":0,"texture":"#1"},"north":{"uv":[8.5625,9.3125,8.5859375,9.375],"tintindex":0,"rotation":0,"texture":"#1"},"west":{"uv":[4.0,8.25,4.1875,8.3125],"tintindex":0,"rotation":0,"texture":"#1"},"up":{"uv":[4.3125,8.4375,4.25,8.25],"tintindex":0,"rotation":0,"texture":"#1"},"down":{"uv":[8.3125,5.0,8.25,5.1875],"tintindex":0,"rotation":0,"texture":"#1"}},"rotation":{"origin":[8.000166,7.204974,3.8620558],"angle":-22.5,"axis":"x"}},{"from":[7.7546663,8.60746,6.9095235],"to":[8.2456665,9.998461,7.4005237],"faces":{"east":{"uv":[8.3125,3.9375,8.375,4.125],"tintindex":0,"rotation":0,"texture":"#1"},"south":{"uv":[8.3125,4.1875,8.375,4.375],"tintindex":0,"rotation":0,"texture":"#1"},"north":{"uv":[3.8125,8.3125,3.875,8.4875],"tintindex":0,"rotation":0,"texture":"#1"},"west":{"uv":[8.3125,4.4375,8.375,4.625],"tintindex":0,"rotation":0,"texture":"#1"},"up":{"uv":[9.4375,4.25,9.375,4.1875],"tintindex":0,"rotation":0,"texture":"#1"},"down":{"uv":[9.4375,4.3125,9.375,4.375],"tintindex":0,"rotation":0,"texture":"#1"}},"rotation":{"origin":[8.000167,9.430422,7.077075],"angle":-22.5,"axis":"x"}},{"from":[7.9084167,6.921009,-1.9554224],"to":[8.091917,7.2920094,-0.5844221],"faces":{"east":{"uv":[8.1875,7.25,8.375,7.3125],"tintindex":0,"rotation":0,"texture":"#1"},"south":{"uv":[7.625,9.3125,7.6875,9.375],"tintindex":0,"rotation":0,"texture":"#1"},"north":{"uv":[7.5,9.3125,7.5234375,9.359375],"tintindex":0,"rotation":0,"texture":"#1"},"west":{"uv":[8.25,0.0,8.4375,0.0625],"tintindex":0,"rotation":0,"texture":"#1"},"up":{"uv":[8.3125,2.6875,8.25,2.5],"tintindex":0,"rotation":0,"texture":"#1"},"down":{"uv":[8.3125,2.75,8.25,2.9375],"tintindex":0,"rotation":0,"texture":"#1"}},"rotation":{"origin":[8.000166,7.169009,-1.8324223],"angle":-22.5,"axis":"x"}},{"from":[7.750167,8.153334,10.976757],"to":[8.250167,8.653334,11.476757],"faces":{"east":{"uv":[1.125,9.3125,1.1875,9.375],"tintindex":0,"rotation":0,"texture":"#1"},"south":{"uv":[1.25,9.3125,1.3125,9.375],"tintindex":0,"rotation":0,"texture":"#1"},"north":{"uv":[1.0,9.3125,1.0625,9.375],"tintindex":0,"rotation":0,"texture":"#1"},"west":{"uv":[1.375,9.3125,1.4375,9.375],"tintindex":0,"rotation":0,"texture":"#1"},"up":{"uv":[9.375,1.4375,9.3125,1.375],"tintindex":0,"rotation":0,"texture":"#1"},"down":{"uv":[1.5625,9.3125,1.5,9.375],"tintindex":0,"rotation":0,"texture":"#1"}},"rotation":{"origin":[8.000167,8.403334,11.226757],"angle":22.5,"axis":"x"}},{"from":[7.826667,8.672728,4.053256],"to":[8.173666,9.02328,4.40381],"faces":{"east":{"uv":[9.375,0.625,9.4375,0.6875],"tintindex":0,"rotation":0,"texture":"#1"},"south":{"uv":[0.75,9.375,0.8125,9.4375],"tintindex":0,"rotation":0,"texture":"#1"},"north":{"uv":[0.625,9.375,0.66875,9.419194],"tintindex":0,"rotation":0,"texture":"#1"},"west":{"uv":[9.375,0.75,9.4375,0.8125],"tintindex":0,"rotation":0,"texture":"#1"},"up":{"uv":[9.4375,0.9375,9.375,0.875],"tintindex":0,"rotation":0,"texture":"#1"},"down":{"uv":[9.4375,1.0,9.375,1.0625],"tintindex":0,"rotation":0,"texture":"#1"}},"rotation":{"origin":[8.000167,8.77478,4.3017564],"angle":45.0,"axis":"x"}},{"from":[7.9069166,7.1460495,-4.61613],"to":[8.088417,7.64005,-2.6221294],"faces":{"east":{"uv":[7.5,1.625,7.75,1.6875],"tintindex":0,"rotation":0,"texture":"#1"},"south":{"uv":[7.375,9.3125,7.4375,9.375],"tintindex":0,"rotation":0,"texture":"#1"},"north":{"uv":[6.9375,9.3125,6.9609375,9.375],"tintindex":0,"rotation":0,"texture":"#1"},"west":{"uv":[7.5,3.625,7.75,3.6875],"tintindex":0,"rotation":0,"texture":"#1"},"up":{"uv":[4.6875,7.75,4.625,7.5],"tintindex":0,"rotation":0,"texture":"#1"},"down":{"uv":[1.0,7.5625,0.9375,7.8125],"tintindex":0,"rotation":0,"texture":"#1"}},"rotation":{"origin":[7.9976664,7.3930497,-3.3691301],"angle":22.5,"axis":"x"}},{"from":[7.906417,6.8783336,-2.773244],"to":[8.093917,7.3783336,3.7267566],"faces":{"east":{"uv":[4.3125,1.9375,5.125,2.0],"tintindex":0,"rotation":0,"texture":"#1"},"south":{"uv":[8.4375,9.3125,8.5,9.375],"tintindex":0,"rotation":0,"texture":"#1"},"north":{"uv":[8.3125,9.3125,8.3359375,9.375],"tintindex":0,"rotation":0,"texture":"#1"},"west":{"uv":[4.3125,2.3125,5.125,2.375],"tintindex":0,"rotation":0,"texture":"#1"},"up":{"uv":[2.1875,5.125,2.125,4.3125],"tintindex":0,"rotation":0,"texture":"#1"},"down":{"uv":[2.3125,4.3125,2.25,5.125],"tintindex":0,"rotation":0,"texture":"#1"}}},{"from":[7.9039164,7.757271,-4.8464384],"to":[8.091416,8.272958,-4.3307524],"faces":{"east":{"uv":[9.3125,3.9375,9.375,4.0],"tintindex":0,"rotation":0,"texture":"#1"},"south":{"uv":[4.0625,9.3125,4.125,9.375],"tintindex":0,"rotation":0,"texture":"#1"},"north":{"uv":[3.9375,9.3125,3.9609375,9.376961],"tintindex":0,"rotation":0,"texture":"#1"},"west":{"uv":[4.1875,9.3125,4.25,9.375],"tintindex":0,"rotation":0,"texture":"#1"},"up":{"uv":[4.375,9.375,4.3125,9.3125],"tintindex":0,"rotation":0,"texture":"#1"},"down":{"uv":[4.5,9.3125,4.4375,9.375],"tintindex":0,"rotation":0,"texture":"#1"}},"rotation":{"origin":[7.9976664,8.043556,-4.617037],"angle":45.0,"axis":"x"}},{"from":[7.750167,9.44729,6.188176],"to":[8.250167,10.94729,6.688176],"faces":{"east":{"uv":[7.3125,8.1875,7.375,8.375],"tintindex":0,"rotation":0,"texture":"#1"},"south":{"uv":[8.1875,7.9375,8.25,8.125],"tintindex":0,"rotation":0,"texture":"#1"},"north":{"uv":[8.1875,6.75,8.25,6.9375],"tintindex":0,"rotation":0,"texture":"#1"},"west":{"uv":[8.1875,8.1875,8.25,8.375],"tintindex":0,"rotation":0,"texture":"#1"},"up":{"uv":[4.625,9.375,4.5625,9.3125],"tintindex":0,"rotation":0,"texture":"#1"},"down":{"uv":[4.75,9.3125,4.6875,9.375],"tintindex":0,"rotation":0,"texture":"#1"}},"rotation":{"origin":[8.000167,8.69729,6.438176],"angle":-22.5,"axis":"x"}},{"from":[7.746667,7.2498336,6.2232566],"to":[8.253667,8.756834,7.2302566],"faces":{"east":{"uv":[6.625,4.75,6.75,4.9375],"tintindex":0,"rotation":0,"texture":"#1"},"south":{"uv":[8.1875,6.5,8.25,6.6875],"tintindex":0,"rotation":0,"texture":"#1"},"north":{"uv":[8.1875,6.0,8.25,6.1875],"tintindex":0,"rotation":0,"texture":"#1"},"west":{"uv":[6.625,5.375,6.75,5.5625],"tintindex":0,"rotation":0,"texture":"#1"},"up":{"uv":[1.3125,9.0,1.25,8.875],"tintindex":0,"rotation":0,"texture":"#1"},"down":{"uv":[1.4375,8.875,1.375,9.0],"tintindex":0,"rotation":0,"texture":"#1"}}},{"from":[7.6751666,7.6783333,7.1517563],"to":[8.325167,8.328333,7.801757],"faces":{"east":{"uv":[2.375,9.3125,2.4375,9.375],"tintindex":0,"rotation":0,"texture":"#1"},"south":{"uv":[9.3125,2.375,9.375,2.4375],"tintindex":0,"rotation":0,"texture":"#1"},"north":{"uv":[2.25,9.3125,2.3125,9.375],"tintindex":0,"rotation":0,"texture":"#1"},"west":{"uv":[2.5,9.3125,2.5625,9.375],"tintindex":0,"rotation":0,"texture":"#1"},"up":{"uv":[9.375,2.5625,9.3125,2.5],"tintindex":0,"rotation":0,"texture":"#1"},"down":{"uv":[2.6875,9.3125,2.625,9.375],"tintindex":0,"rotation":0,"texture":"#1"}}},{"from":[7.7521667,9.313097,5.4621897],"to":[8.248167,10.659098,5.9581895],"faces":{"east":{"uv":[0.625,8.25,0.6875,8.4375],"tintindex":0,"rotation":0,"texture":"#1"},"south":{"uv":[8.25,0.625,8.3125,0.8125],"tintindex":0,"rotation":0,"texture":"#1"},"north":{"uv":[8.25,0.375,8.3125,0.54375],"tintindex":0,"rotation":0,"texture":"#1"},"west":{"uv":[0.75,8.25,0.8125,8.4375],"tintindex":0,"rotation":0,"texture":"#1"},"up":{"uv":[9.375,5.25,9.3125,5.1875],"tintindex":0,"rotation":0,"texture":"#1"},"down":{"uv":[5.4375,9.3125,5.375,9.375],"tintindex":0,"rotation":0,"texture":"#1"}},"rotation":{"origin":[8.000167,10.561096,5.96019],"angle":-45.0,"axis":"x"}},{"from":[7.8251667,6.8783336,4.3017564],"to":[8.175167,7.3783336,5.801757],"faces":{"east":{"uv":[7.5625,8.25,7.75,8.3125],"tintindex":0,"rotation":0,"texture":"#1"},"south":{"uv":[3.125,9.375,3.1875,9.4375],"tintindex":0,"rotation":0,"texture":"#1"},"north":{"uv":[9.375,3.0,9.41875,3.0625],"tintindex":0,"rotation":0,"texture":"#1"},"west":{"uv":[8.25,7.5625,8.4375,7.625],"tintindex":0,"rotation":0,"texture":"#1"},"up":{"uv":[7.875,8.4375,7.8125,8.25],"tintindex":0,"rotation":0,"texture":"#1"},"down":{"uv":[8.0,8.25,7.9375,8.4375],"tintindex":0,"rotation":0,"texture":"#1"}}},{"from":[7.6501665,7.4033337,5.3767567],"to":[8.350166,8.603333,6.5767565],"faces":{"east":{"uv":[7.5,6.1875,7.625,6.3125],"tintindex":0,"rotation":0,"texture":"#1"},"south":{"uv":[8.875,1.75,8.9375,1.875],"tintindex":0,"rotation":0,"texture":"#1"},"north":{"uv":[1.75,8.875,1.8125,9.0],"tintindex":0,"rotation":0,"texture":"#1"},"west":{"uv":[6.8125,7.5,6.9375,7.625],"tintindex":0,"rotation":0,"texture":"#1"},"up":{"uv":[8.9375,2.0625,8.875,1.9375],"tintindex":0,"rotation":0,"texture":"#1"},"down":{"uv":[2.0625,8.875,2.0,9.0],"tintindex":0,"rotation":0,"texture":"#1"}},"rotation":{"origin":[8.000167,8.003334,5.9767566],"angle":45.0,"axis":"x"}},{"from":[7.906417,7.3783336,-0.7732439],"to":[8.093917,7.7533336,4.2267566],"faces":{"east":{"uv":[5.0,3.0,5.625,3.0625],"tintindex":0,"rotation":0,"texture":"#1"},"south":{"uv":[9.3125,8.125,9.375,8.1875],"tintindex":0,"rotation":0,"texture":"#1"},"north":{"uv":[8.0,9.3125,8.0234375,9.359375],"tintindex":0,"rotation":0,"texture":"#1"},"west":{"uv":[5.0,3.3125,5.625,3.375],"tintindex":0,"rotation":0,"texture":"#1"},"up":{"uv":[1.875,5.625,1.8125,5.0],"tintindex":0,"rotation":0,"texture":"#1"},"down":{"uv":[2.4375,5.0,2.375,5.625],"tintindex":0,"rotation":0,"texture":"#1"}}}],"display":{"gui":{"rotation":[30,225,0]}}}