{"textures":{"0":"modelengine:entity/vase_small"},"elements":[{"from":[5.0,14.916666,5.0],"to":[11.0,16.916668,11.0],"faces":{"east":{"uv":[4.0,10.5,7.0,11.5],"tintindex":0,"rotation":0,"texture":"#0"},"south":{"uv":[4.0,10.5,7.0,11.5],"tintindex":0,"rotation":0,"texture":"#0"},"north":{"uv":[4.0,10.5,7.0,11.5],"tintindex":0,"rotation":0,"texture":"#0"},"west":{"uv":[4.0,10.5,7.0,11.5],"tintindex":0,"rotation":0,"texture":"#0"},"up":{"uv":[11.0,3.0,8.0,0.0],"tintindex":0,"rotation":0,"texture":"#0"},"down":{"uv":[11.0,3.5,8.0,6.5],"tintindex":0,"rotation":0,"texture":"#0"}}},{"from":[6.0,13.916666,6.0],"to":[10.0,14.916666,10.0],"faces":{"east":{"uv":[0.0,11.5,2.0,12.0],"tintindex":0,"rotation":0,"texture":"#0"},"south":{"uv":[0.0,11.5,2.0,12.0],"tintindex":0,"rotation":0,"texture":"#0"},"north":{"uv":[0.0,11.5,2.0,12.0],"tintindex":0,"rotation":0,"texture":"#0"},"west":{"uv":[0.0,11.5,2.0,12.0],"tintindex":0,"rotation":0,"texture":"#0"},"up":{"uv":[10.0,9.0,8.0,7.0],"tintindex":0,"rotation":0,"texture":"#0"},"down":{"uv":[10.0,9.5,8.0,11.5],"tintindex":0,"rotation":0,"texture":"#0"}}},{"from":[4.5,7.9166665,4.5],"to":[11.5,13.916666,11.5],"faces":{"east":{"uv":[4.0,0.0,7.5,3.0],"tintindex":0,"rotation":0,"texture":"#0"},"south":{"uv":[4.0,0.0,7.5,3.0],"tintindex":0,"rotation":0,"texture":"#0"},"north":{"uv":[4.0,0.0,7.5,3.0],"tintindex":0,"rotation":0,"texture":"#0"},"west":{"uv":[4.0,0.0,7.5,3.0],"tintindex":0,"rotation":0,"texture":"#0"},"up":{"uv":[3.5,3.5,0.0,0.0],"tintindex":0,"rotation":0,"texture":"#0"},"down":{"uv":[3.5,4.0,0.0,7.5],"tintindex":0,"rotation":0,"texture":"#0"}}}],"display":{"gui":{"rotation":[30,225,0]}}}