{"textures":{"0":"modelengine:entity/lizard_aqua"},"elements":[{"from":[2.5,4.359192,-0.8559036],"to":[13.5,16.359192,9.144097],"faces":{"east":{"uv":[3.5625,1.6875,4.1875,2.4375],"tintindex":0,"rotation":0,"texture":"#0"},"south":{"uv":[2.75,3.375,3.4375,4.125],"tintindex":0,"rotation":0,"texture":"#0"},"north":{"uv":[0.625,3.3125,1.3125,4.0625],"tintindex":0,"rotation":0,"texture":"#0"},"west":{"uv":[3.625,2.5,4.25,3.25],"tintindex":0,"rotation":0,"texture":"#0"},"up":{"uv":[4.4375,0.625,3.75,0.0],"tintindex":0,"rotation":0,"texture":"#0"},"down":{"uv":[4.8125,3.3125,4.125,3.9375],"tintindex":0,"rotation":0,"texture":"#0"}},"rotation":{"origin":[8.0,10.359192,4.1440964],"angle":22.5,"axis":"x"}}],"display":{"gui":{"rotation":[30,225,0]}}}