{"textures":{"0":"modelengine:entity/lizard_aqua"},"elements":[{"from":[8.0,17.642857,-1.5285721],"to":[8.0,24.642857,11.471428],"faces":{"east":{"uv":[5.3125,0.0,4.5,0.4375],"tintindex":0,"rotation":0,"texture":"#0"},"west":{"uv":[4.5,0.0,5.3125,0.4375],"tintindex":0,"rotation":0,"texture":"#0"}}},{"from":[11.65,12.292858,-3.353571],"to":[11.65,16.992859,2.4964275],"faces":{"east":{"uv":[6.0,6.875,5.6875,7.125],"tintindex":0,"rotation":0,"texture":"#0"},"west":{"uv":[5.6875,6.875,6.0,7.125],"tintindex":0,"rotation":0,"texture":"#0"}}},{"from":[8.0,7.6428585,11.471428],"to":[8.0,16.642857,19.471428],"faces":{"east":{"uv":[3.375,5.625,3.875,6.1875],"tintindex":0,"rotation":0,"texture":"#0"},"west":{"uv":[5.6875,1.9375,6.1875,2.5],"tintindex":0,"rotation":0,"texture":"#0"}}},{"from":[4.35,12.292858,-3.353571],"to":[4.35,16.992859,2.4964275],"faces":{"east":{"uv":[6.0,6.875,5.6875,7.125],"tintindex":0,"rotation":0,"texture":"#0"},"west":{"uv":[5.6875,6.875,6.0,7.125],"tintindex":0,"rotation":0,"texture":"#0"}}},{"from":[3.4625,7.6428585,1.4714279],"to":[12.5375,17.642857,11.471428],"faces":{"east":{"uv":[4.125,4.0,4.75,4.625],"tintindex":0,"rotation":0,"texture":"#0"},"south":{"uv":[4.875,0.5,5.4375,1.125],"tintindex":0,"rotation":0,"texture":"#0"},"north":{"uv":[4.8125,4.6875,5.375,5.3125],"tintindex":0,"rotation":0,"texture":"#0"},"west":{"uv":[4.1875,0.6875,4.8125,1.3125],"tintindex":0,"rotation":0,"texture":"#0"},"up":{"uv":[5.4375,1.8125,4.875,1.1875],"tintindex":0,"rotation":0,"texture":"#0"},"down":{"uv":[5.4375,3.25,4.875,3.875],"tintindex":0,"rotation":0,"texture":"#0"}}},{"from":[4.5,10.6428585,-8.52857],"to":[11.5,17.642857,1.4714279],"faces":{"east":{"uv":[1.0625,5.8125,1.6875,6.25],"tintindex":0,"rotation":0,"texture":"#0"},"south":{"uv":[6.5,3.6875,6.9375,4.125],"tintindex":0,"rotation":0,"texture":"#0"},"north":{"uv":[6.5,3.1875,6.9375,3.625],"tintindex":0,"rotation":0,"texture":"#0"},"west":{"uv":[5.8125,5.125,6.4375,5.5625],"tintindex":0,"rotation":0,"texture":"#0"},"up":{"uv":[6.25,6.25,5.8125,5.625],"tintindex":0,"rotation":0,"texture":"#0"},"down":{"uv":[0.4375,6.0,0.0,6.625],"tintindex":0,"rotation":0,"texture":"#0"}}}],"display":{"gui":{"rotation":[30,225,0]}}}