{"textures":{"0":"modelengine:entity/lizard_aqua"},"elements":[{"from":[4.5,5.550001,-1.5999985],"to":[11.5,8.550001,8.4],"faces":{"east":{"uv":[6.75,2.25,7.375,2.4375],"tintindex":0,"rotation":0,"texture":"#0"},"south":{"uv":[6.875,1.25,7.3125,1.4375],"tintindex":0,"rotation":0,"texture":"#0"},"north":{"uv":[0.875,6.875,1.3125,7.0625],"tintindex":0,"rotation":0,"texture":"#0"},"west":{"uv":[3.1875,6.8125,3.8125,7.0],"tintindex":0,"rotation":0,"texture":"#0"},"up":{"uv":[6.4375,0.625,6.0,0.0],"tintindex":0,"rotation":0,"texture":"#0"},"down":{"uv":[6.4375,0.6875,6.0,1.3125],"tintindex":0,"rotation":0,"texture":"#0"}}}],"display":{"gui":{"rotation":[30,225,0]}}}