{"textures":{"0":"modelengine:entity/lizard_aqua"},"elements":[{"from":[6.9913177,5.4125,-2.6617947],"to":[8.991318,8.4125,3.3382053],"faces":{"east":{"uv":[5.4375,6.9375,5.0625,7.125],"tintindex":0,"rotation":0,"texture":"#0"},"south":{"uv":[5.75,5.125,5.625,5.3125],"tintindex":0,"rotation":0,"texture":"#0"},"north":{"uv":[5.5625,5.125,5.4375,5.3125],"tintindex":0,"rotation":0,"texture":"#0"},"west":{"uv":[5.0,6.9375,4.625,7.125],"tintindex":0,"rotation":0,"texture":"#0"},"up":{"uv":[1.875,5.5,2.0,5.125],"tintindex":0,"rotation":0,"texture":"#0"},"down":{"uv":[3.1875,6.375,3.3125,6.75],"tintindex":0,"rotation":0,"texture":"#0"}}},{"from":[5.2689886,7.2375,-2.4273033],"to":[8.268989,7.2375,3.5726967],"faces":{"up":{"uv":[1.0625,2.125,0.875,1.75],"tintindex":0,"rotation":0,"texture":"#0"},"down":{"uv":[1.0625,1.75,0.875,2.125],"tintindex":0,"rotation":0,"texture":"#0"}},"rotation":{"origin":[6.7689886,7.2375,0.5726967],"angle":22.5,"axis":"y"}},{"from":[4.496295,5.4125,3.3047066],"to":[11.496296,8.4125,11.304708],"faces":{"east":{"uv":[6.8125,5.8125,7.3125,6.0],"tintindex":0,"rotation":0,"texture":"#0"},"south":{"uv":[2.0625,4.625,2.5,4.8125],"tintindex":0,"rotation":0,"texture":"#0"},"north":{"uv":[1.5,2.25,1.9375,2.4375],"tintindex":0,"rotation":0,"texture":"#0"},"west":{"uv":[6.8125,5.8125,7.3125,6.0],"tintindex":0,"rotation":0,"texture":"#0"},"up":{"uv":[6.6875,5.0625,6.25,4.5625],"tintindex":0,"rotation":0,"texture":"#0"},"down":{"uv":[1.5,6.3125,1.0625,6.8125],"tintindex":0,"rotation":0,"texture":"#0"}}},{"from":[3.4592896,5.3875,-1.4705944],"to":[5.4592896,8.3875,4.5294056],"faces":{"east":{"uv":[4.625,6.9375,5.0,7.125],"tintindex":0,"rotation":0,"texture":"#0"},"south":{"uv":[5.625,5.125,5.75,5.3125],"tintindex":0,"rotation":0,"texture":"#0"},"north":{"uv":[5.4375,5.125,5.5625,5.3125],"tintindex":0,"rotation":0,"texture":"#0"},"west":{"uv":[5.0625,6.9375,5.4375,7.125],"tintindex":0,"rotation":0,"texture":"#0"},"up":{"uv":[2.0,5.5,1.875,5.125],"tintindex":0,"rotation":0,"texture":"#0"},"down":{"uv":[3.3125,6.375,3.1875,6.75],"tintindex":0,"rotation":0,"texture":"#0"}},"rotation":{"origin":[4.4592896,6.8875,1.5294056],"angle":22.5,"axis":"y"}},{"from":[7.7236023,7.1625,-2.4273033],"to":[10.723602,7.1625,3.5726967],"faces":{"up":{"uv":[0.875,2.125,1.0625,1.75],"tintindex":0,"rotation":0,"texture":"#0"},"down":{"uv":[0.875,1.75,1.0625,2.125],"tintindex":0,"rotation":0,"texture":"#0"}},"rotation":{"origin":[9.223602,7.1625,0.5726967],"angle":-22.5,"axis":"y"}},{"from":[10.560505,5.3875,-1.3177147],"to":[12.560505,8.3875,4.6822853],"faces":{"east":{"uv":[5.4375,6.9375,5.0625,7.125],"tintindex":0,"rotation":0,"texture":"#0"},"south":{"uv":[5.75,5.125,5.625,5.3125],"tintindex":0,"rotation":0,"texture":"#0"},"north":{"uv":[5.5625,5.125,5.4375,5.3125],"tintindex":0,"rotation":0,"texture":"#0"},"west":{"uv":[5.0,6.9375,4.625,7.125],"tintindex":0,"rotation":0,"texture":"#0"},"up":{"uv":[1.875,5.5,2.0,5.125],"tintindex":0,"rotation":0,"texture":"#0"},"down":{"uv":[3.1875,6.375,3.3125,6.75],"tintindex":0,"rotation":0,"texture":"#0"}},"rotation":{"origin":[11.560505,6.8875,1.6822853],"angle":-22.5,"axis":"y"}}],"display":{"gui":{"rotation":[30,225,0]}}}