{"textures":{"0":"modelengine:entity/lizard_aqua"},"elements":[{"from":[5.4968243,-1.2214928,3.102645],"to":[10.496824,8.778507,10.102644],"faces":{"east":{"uv":[0.5625,5.8125,1.0,6.4375],"tintindex":0,"rotation":0,"texture":"#0"},"south":{"uv":[6.5,0.375,6.8125,1.0],"tintindex":0,"rotation":0,"texture":"#0"},"north":{"uv":[6.5,0.375,6.8125,1.0],"tintindex":0,"rotation":0,"texture":"#0"},"west":{"uv":[0.5625,5.8125,1.0,6.4375],"tintindex":0,"rotation":0,"texture":"#0"},"up":{"uv":[7.0625,2.1875,6.75,1.75],"tintindex":0,"rotation":0,"texture":"#0"},"down":{"uv":[7.0625,2.1875,6.75,1.75],"tintindex":0,"rotation":0,"texture":"#0"}},"rotation":{"origin":[7.9968243,3.7785068,6.602645],"angle":22.5,"axis":"x"}}],"display":{"gui":{"rotation":[30,225,0]}}}