{"textures":{"0":"modelengine:entity/lizard_aqua"},"elements":[{"from":[8.0,7.75,12.5],"to":[8.0,21.75,20.5],"faces":{"east":{"uv":[2.0,3.6875,2.5,4.5625],"tintindex":0,"rotation":0,"texture":"#0"},"west":{"uv":[0.625,4.125,1.125,5.0],"tintindex":0,"rotation":0,"texture":"#0"}}},{"from":[3.5,7.75,2.5],"to":[12.5,21.75,12.5],"faces":{"east":{"uv":[2.875,0.75,3.5,1.625],"tintindex":0,"rotation":0,"texture":"#0"},"south":{"uv":[3.5625,0.75,4.125,1.625],"tintindex":0,"rotation":0,"texture":"#0"},"north":{"uv":[3.5,3.375,4.0625,4.25],"tintindex":0,"rotation":0,"texture":"#0"},"west":{"uv":[2.875,1.6875,3.5,2.5625],"tintindex":0,"rotation":0,"texture":"#0"},"up":{"uv":[0.5625,5.1875,0.0,4.5625],"tintindex":0,"rotation":0,"texture":"#0"},"down":{"uv":[5.375,4.0,4.8125,4.625],"tintindex":0,"rotation":0,"texture":"#0"}}}],"display":{"gui":{"rotation":[30,225,0]}}}