{"textures":{"0":"modelengine:entity/lizard_aqua"},"elements":[{"from":[5.5031753,-1.2214928,3.102645],"to":[10.503176,8.778507,10.102644],"faces":{"east":{"uv":[1.0,5.8125,0.5625,6.4375],"tintindex":0,"rotation":0,"texture":"#0"},"south":{"uv":[6.8125,0.375,6.5,1.0],"tintindex":0,"rotation":0,"texture":"#0"},"north":{"uv":[6.8125,0.375,6.5,1.0],"tintindex":0,"rotation":0,"texture":"#0"},"west":{"uv":[1.0,5.8125,0.5625,6.4375],"tintindex":0,"rotation":0,"texture":"#0"},"up":{"uv":[6.75,2.1875,7.0625,1.75],"tintindex":0,"rotation":0,"texture":"#0"},"down":{"uv":[6.75,2.1875,7.0625,1.75],"tintindex":0,"rotation":0,"texture":"#0"}},"rotation":{"origin":[8.003176,3.7785068,6.602645],"angle":22.5,"axis":"x"}}],"display":{"gui":{"rotation":[30,225,0]}}}