{"textures":{"0":"modelengine:entity/lizard_aqua"},"elements":[{"from":[4.5,0.10904932,5.5407004],"to":[11.5,9.109049,16.540699],"faces":{"east":{"uv":[4.3125,2.125,5.0,2.6875],"tintindex":0,"rotation":0,"texture":"#0"},"south":{"uv":[4.4375,6.125,4.875,6.6875],"tintindex":0,"rotation":0,"texture":"#0"},"north":{"uv":[4.4375,6.125,4.875,6.6875],"tintindex":0,"rotation":0,"texture":"#0"},"west":{"uv":[3.1875,4.3125,3.875,4.875],"tintindex":0,"rotation":0,"texture":"#0"},"up":{"uv":[5.9375,0.6875,5.5,0.0],"tintindex":0,"rotation":0,"texture":"#0"},"down":{"uv":[5.9375,0.6875,5.5,0.0],"tintindex":0,"rotation":0,"texture":"#0"}},"rotation":{"origin":[8.0,4.609049,11.040701],"angle":45.0,"axis":"x"}}],"display":{"gui":{"rotation":[30,225,0]}}}