{"textures":{"0":"modelengine:entity/heavy_dust_cloud"},"elements":[{"from":[5.5,5.5,3.5],"to":[10.5,10.5,12.5],"faces":{"east":{"uv":[12.5,2.0,14.75,3.25],"tintindex":0,"rotation":0,"texture":"#0"},"south":{"uv":[14.75,3.25,16.0,4.5],"tintindex":0,"rotation":0,"texture":"#0"},"north":{"uv":[14.75,2.0,16.0,3.25],"tintindex":0,"rotation":0,"texture":"#0"},"west":{"uv":[12.5,3.25,14.75,4.5],"tintindex":0,"rotation":0,"texture":"#0"},"up":{"uv":[14.75,4.5,16.0,6.75],"tintindex":0,"rotation":0,"texture":"#0"},"down":{"uv":[13.5,4.5,14.75,6.75],"tintindex":0,"rotation":0,"texture":"#0"}}}],"display":{"gui":{"rotation":[30,225,0]}}}