{"textures":{"0":"modelengine:entity/heavy_dust_cloud"},"elements":[{"from":[3.0,3.0,3.0],"to":[13.0,13.0,13.0],"faces":{"east":{"uv":[0.0,2.5,2.5,5.0],"tintindex":0,"rotation":0,"texture":"#0"},"south":{"uv":[2.5,0.0,5.0,2.5],"tintindex":0,"rotation":0,"texture":"#0"},"north":{"uv":[0.0,0.0,2.5,2.5],"tintindex":0,"rotation":0,"texture":"#0"},"west":{"uv":[2.5,2.5,5.0,5.0],"tintindex":0,"rotation":0,"texture":"#0"},"up":{"uv":[2.5,7.5,0.0,5.0],"tintindex":0,"rotation":0,"texture":"#0"},"down":{"uv":[7.5,0.0,5.0,2.5],"tintindex":0,"rotation":0,"texture":"#0"}}}],"display":{"gui":{"rotation":[30,225,0]}}}