{"textures":{"0":"modelengine:entity/heavy_dust_cloud"},"elements":[{"from":[4.0,4.0,4.0],"to":[12.0,12.0,12.0],"faces":{"east":{"uv":[5.0,2.5,7.0,4.5],"tintindex":0,"rotation":0,"texture":"#0"},"south":{"uv":[4.5,5.0,6.5,7.0],"tintindex":0,"rotation":0,"texture":"#0"},"north":{"uv":[2.5,5.0,4.5,7.0],"tintindex":0,"rotation":0,"texture":"#0"},"west":{"uv":[6.5,4.5,8.5,6.5],"tintindex":0,"rotation":0,"texture":"#0"},"up":{"uv":[8.5,8.5,6.5,6.5],"tintindex":0,"rotation":0,"texture":"#0"},"down":{"uv":[4.5,7.0,2.5,9.0],"tintindex":0,"rotation":0,"texture":"#0"}}}],"display":{"gui":{"rotation":[30,225,0]}}}