{"textures":{"0":"modelengine:entity/heavy_dust_cloud"},"elements":[{"from":[6.0,6.0,6.0],"to":[10.0,10.0,10.0],"faces":{"east":{"uv":[15.0,1.0,16.0,2.0],"tintindex":0,"rotation":0,"texture":"#0"},"south":{"uv":[14.0,1.0,15.0,2.0],"tintindex":0,"rotation":0,"texture":"#0"},"north":{"uv":[14.0,0.0,15.0,1.0],"tintindex":0,"rotation":0,"texture":"#0"},"west":{"uv":[13.0,0.0,14.0,1.0],"tintindex":0,"rotation":0,"texture":"#0"},"up":{"uv":[15.0,0.0,16.0,1.0],"tintindex":0,"rotation":0,"texture":"#0"},"down":{"uv":[13.0,1.0,14.0,2.0],"tintindex":0,"rotation":0,"texture":"#0"}}}],"display":{"gui":{"rotation":[30,225,0]}}}