{"textures":{"0":"modelengine:entity/boneshadingfireravager"},"elements":[{"from":[8.0,0.0,0.0],"to":[8.0,32.0,16.0],"faces":{"east":{"uv":[0.032,0.032,7.968,15.968],"tintindex":0,"rotation":0,"texture":"#0"},"west":{"uv":[7.968,0.032,0.032,15.968],"tintindex":0,"rotation":0,"texture":"#0"}}},{"from":[0.0,0.0,8.0],"to":[16.0,32.0,8.0],"faces":{"south":{"uv":[7.968,0.032,0.032,15.968],"tintindex":0,"rotation":0,"texture":"#0"},"north":{"uv":[0.032,0.032,7.968,15.968],"tintindex":0,"rotation":0,"texture":"#0"}}}],"display":{"gui":{"rotation":[30,225,0]}}}