{"textures":{"0":"modelengine:entity/golem_royal"},"elements":[{"from":[4.0,8.064309,9.859291],"to":[12.0,13.064309,13.359291],"faces":{"east":{"uv":[5.875,7.125,6.3125,7.75],"tintindex":0,"rotation":0,"texture":"#0"},"south":{"uv":[2.375,3.625,3.375,4.25],"tintindex":0,"rotation":0,"texture":"#0"},"north":{"uv":[3.5625,0.5625,4.5625,1.1875],"tintindex":0,"rotation":0,"texture":"#0"},"west":{"uv":[3.5,7.1875,3.9375,7.8125],"tintindex":0,"rotation":0,"texture":"#0"},"up":{"uv":[6.5,0.4375,5.5,0.0],"tintindex":0,"rotation":0,"texture":"#0"},"down":{"uv":[6.5625,4.125,5.5625,4.5625],"tintindex":0,"rotation":0,"texture":"#0"}},"rotation":{"origin":[8.0,6.4787674,8.139244],"angle":-22.5,"axis":"x"}},{"from":[11.25,10.072431,6.2401395],"to":[14.25,18.07243,9.740139],"faces":{"east":{"uv":[6.125,3.0625,5.6875,4.0625],"tintindex":0,"rotation":0,"texture":"#0"},"south":{"uv":[2.375,6.3125,2.0,7.3125],"tintindex":0,"rotation":0,"texture":"#0"},"north":{"uv":[2.375,6.3125,2.0,7.3125],"tintindex":0,"rotation":0,"texture":"#0"},"west":{"uv":[6.125,3.0625,5.6875,4.0625],"tintindex":0,"rotation":0,"texture":"#0"},"up":{"uv":[7.25,7.9375,7.625,7.5],"tintindex":0,"rotation":0,"texture":"#0"},"down":{"uv":[7.625,7.9375,7.25,7.5],"tintindex":0,"rotation":0,"texture":"#0"}},"rotation":{"origin":[8.0,14.072431,6.9901395],"angle":45.0,"axis":"x"}},{"from":[5.25,5.663988,0.22880316],"to":[10.75,12.163987,7.2288036],"faces":{"east":{"uv":[1.3125,1.625,2.1875,2.4375],"tintindex":0,"rotation":0,"texture":"#0"},"south":{"uv":[4.625,0.5,5.3125,1.3125],"tintindex":0,"rotation":0,"texture":"#0"},"north":{"uv":[0.0,4.5625,0.6875,5.375],"tintindex":0,"rotation":0,"texture":"#0"},"west":{"uv":[0.0,1.75,0.875,2.5625],"tintindex":0,"rotation":0,"texture":"#0"},"up":{"uv":[2.625,5.1875,1.9375,4.3125],"tintindex":0,"rotation":0,"texture":"#0"},"down":{"uv":[3.375,4.3125,2.6875,5.1875],"tintindex":0,"rotation":0,"texture":"#0"}},"rotation":{"origin":[8.0,9.413988,2.7288032],"angle":-22.5,"axis":"x"}},{"from":[2.25,9.564309,9.609291],"to":[13.75,10.564309,13.109291],"faces":{"east":{"uv":[7.875,4.8125,8.3125,4.9375],"tintindex":0,"rotation":0,"texture":"#0"},"south":{"uv":[7.3125,5.75,8.75,5.875],"tintindex":0,"rotation":0,"texture":"#0"},"north":{"uv":[7.1875,6.5625,8.625,6.6875],"tintindex":0,"rotation":0,"texture":"#0"},"west":{"uv":[8.1875,6.25,8.625,6.375],"tintindex":0,"rotation":0,"texture":"#0"},"up":{"uv":[3.8125,3.5625,2.375,3.125],"tintindex":0,"rotation":0,"texture":"#0"},"down":{"uv":[4.75,1.375,3.3125,1.8125],"tintindex":0,"rotation":0,"texture":"#0"}},"rotation":{"origin":[8.0,6.4787674,8.139244],"angle":-22.5,"axis":"x"}},{"from":[2.5,8.564309,9.359291],"to":[13.5,12.564309,12.859291],"faces":{"east":{"uv":[3.3125,2.5625,3.75,3.0625],"tintindex":0,"rotation":0,"texture":"#0"},"south":{"uv":[0.0,2.625,1.375,3.125],"tintindex":0,"rotation":0,"texture":"#0"},"north":{"uv":[0.0,2.625,1.375,3.125],"tintindex":0,"rotation":0,"texture":"#0"},"west":{"uv":[7.25,3.875,7.6875,4.375],"tintindex":0,"rotation":0,"texture":"#0"},"up":{"uv":[5.4375,0.4375,4.0625,0.0],"tintindex":0,"rotation":0,"texture":"#0"},"down":{"uv":[5.4375,0.4375,4.0625,0.0],"tintindex":0,"rotation":0,"texture":"#0"}},"rotation":{"origin":[8.0,6.4787674,8.139244],"angle":-22.5,"axis":"x"}},{"from":[5.0,13.776763,10.000946],"to":[11.0,17.276764,11.000946],"faces":{"east":{"uv":[6.625,8.0625,6.75,8.5],"tintindex":0,"rotation":0,"texture":"#0"},"south":{"uv":[1.1875,6.5,1.9375,6.9375],"tintindex":0,"rotation":0,"texture":"#0"},"north":{"uv":[6.375,6.3125,7.125,6.75],"tintindex":0,"rotation":0,"texture":"#0"},"west":{"uv":[2.625,8.25,2.75,8.6875],"tintindex":0,"rotation":0,"texture":"#0"},"up":{"uv":[6.3125,4.75,5.5625,4.625],"tintindex":0,"rotation":0,"texture":"#0"},"down":{"uv":[8.5,4.25,7.75,4.375],"tintindex":0,"rotation":0,"texture":"#0"}},"rotation":{"origin":[8.0,15.276763,8.250946],"angle":22.5,"axis":"x"}},{"from":[1.75,10.072431,6.2401395],"to":[4.75,18.07243,9.740139],"faces":{"east":{"uv":[5.6875,3.0625,6.125,4.0625],"tintindex":0,"rotation":0,"texture":"#0"},"south":{"uv":[2.0,6.3125,2.375,7.3125],"tintindex":0,"rotation":0,"texture":"#0"},"north":{"uv":[2.0,6.3125,2.375,7.3125],"tintindex":0,"rotation":0,"texture":"#0"},"west":{"uv":[5.6875,3.0625,6.125,4.0625],"tintindex":0,"rotation":0,"texture":"#0"},"up":{"uv":[7.625,7.9375,7.25,7.5],"tintindex":0,"rotation":0,"texture":"#0"},"down":{"uv":[7.25,7.9375,7.625,7.5],"tintindex":0,"rotation":0,"texture":"#0"}},"rotation":{"origin":[8.0,14.072431,6.9901395],"angle":45.0,"axis":"x"}},{"from":[3.0,7.2587204,5.7247853],"to":[13.0,13.258721,12.224785],"faces":{"east":{"uv":[3.875,2.5625,4.6875,3.3125],"tintindex":0,"rotation":0,"texture":"#0"},"south":{"uv":[1.3125,0.8125,2.5625,1.5625],"tintindex":0,"rotation":0,"texture":"#0"},"north":{"uv":[1.3125,0.0,2.5625,0.75],"tintindex":0,"rotation":0,"texture":"#0"},"west":{"uv":[1.0625,3.9375,1.875,4.6875],"tintindex":0,"rotation":0,"texture":"#0"},"up":{"uv":[1.25,0.8125,0.0,0.0],"tintindex":0,"rotation":0,"texture":"#0"},"down":{"uv":[1.25,0.875,0.0,1.6875],"tintindex":0,"rotation":0,"texture":"#0"}},"rotation":{"origin":[8.0,6.4787674,8.139244],"angle":-45.0,"axis":"x"}},{"from":[4.0,15.454827,10.632603],"to":[12.0,20.454826,10.632603],"faces":{"south":{"uv":[4.4375,3.625,3.4375,4.25],"tintindex":0,"rotation":0,"texture":"#0"},"north":{"uv":[3.4375,3.625,4.4375,4.25],"tintindex":0,"rotation":0,"texture":"#0"}}}],"display":{"gui":{"rotation":[30,225,0]}}}