{"textures":{"0":"modelengine:entity/golem_royal"},"elements":[{"from":[4.4750004,1.9911165,2.7411165],"to":[11.525001,6.9911165,10.7411175],"faces":{"east":{"uv":[8.3125,0.375,7.8125,0.6875],"tintindex":0,"rotation":0,"texture":"#0"},"south":{"uv":[8.25,2.125,7.8125,2.4375],"tintindex":0,"rotation":0,"texture":"#0"},"north":{"uv":[8.25,2.125,7.8125,2.4375],"tintindex":0,"rotation":0,"texture":"#0"},"west":{"uv":[8.3125,0.375,7.8125,0.6875],"tintindex":0,"rotation":0,"texture":"#0"},"up":{"uv":[7.3125,1.0,7.75,0.5],"tintindex":0,"rotation":0,"texture":"#0"},"down":{"uv":[7.3125,1.0,7.75,0.5],"tintindex":0,"rotation":0,"texture":"#0"}},"rotation":{"origin":[8.5,4.4911165,4.2411165],"angle":-45.0,"axis":"x"}},{"from":[4.5000005,1.7411165,-1.0088835],"to":[11.5,5.7411165,4.9911165],"faces":{"east":{"uv":[6.6875,2.625,6.3125,2.875],"tintindex":0,"rotation":0,"texture":"#0"},"south":{"uv":[8.25,5.9375,7.8125,6.1875],"tintindex":0,"rotation":0,"texture":"#0"},"north":{"uv":[8.25,5.3125,7.8125,5.5625],"tintindex":0,"rotation":0,"texture":"#0"},"west":{"uv":[2.3125,3.9375,1.9375,4.1875],"tintindex":0,"rotation":0,"texture":"#0"},"up":{"uv":[7.75,4.1875,8.1875,3.8125],"tintindex":0,"rotation":0,"texture":"#0"},"down":{"uv":[7.6875,7.75,8.125,8.125],"tintindex":0,"rotation":0,"texture":"#0"}}}],"display":{"gui":{"rotation":[30,225,0]}}}