{"textures":{"0":"modelengine:entity/boreal_druid_ice_block"},"elements":[{"from":[16.0,-5.0,13.0],"to":[16.0,8.0,19.0],"faces":{"east":{"uv":[4.5,7.625,3.75,9.25],"tintindex":0,"rotation":0,"texture":"#0"},"west":{"uv":[3.75,7.625,4.5,9.25],"tintindex":0,"rotation":0,"texture":"#0"}},"rotation":{"origin":[16.0,1.5,16.0],"angle":45.0,"axis":"y"}},{"from":[7.0,-10.0,0.0],"to":[7.0,3.0,6.0],"faces":{"east":{"uv":[4.5,7.625,3.75,9.25],"tintindex":0,"rotation":0,"texture":"#0"},"west":{"uv":[3.75,7.625,4.5,9.25],"tintindex":0,"rotation":0,"texture":"#0"}}},{"from":[16.0,-5.0,13.0],"to":[16.0,8.0,19.0],"faces":{"east":{"uv":[4.5,7.625,3.75,9.25],"tintindex":0,"rotation":0,"texture":"#0"},"west":{"uv":[3.75,7.625,4.5,9.25],"tintindex":0,"rotation":0,"texture":"#0"}}},{"from":[5.0,-9.0,13.0],"to":[5.0,4.0,19.0],"faces":{"east":{"uv":[4.5,7.625,3.75,9.25],"tintindex":0,"rotation":0,"texture":"#0"},"west":{"uv":[3.75,7.625,4.5,9.25],"tintindex":0,"rotation":0,"texture":"#0"}}},{"from":[7.0,-10.0,0.0],"to":[7.0,3.0,6.0],"faces":{"east":{"uv":[4.5,7.625,3.75,9.25],"tintindex":0,"rotation":0,"texture":"#0"},"west":{"uv":[3.75,7.625,4.5,9.25],"tintindex":0,"rotation":0,"texture":"#0"}},"rotation":{"origin":[7.0,-3.5,3.0],"angle":45.0,"axis":"y"}},{"from":[5.0,-9.0,13.0],"to":[5.0,4.0,19.0],"faces":{"east":{"uv":[4.5,7.625,3.75,9.25],"tintindex":0,"rotation":0,"texture":"#0"},"west":{"uv":[3.75,7.625,4.5,9.25],"tintindex":0,"rotation":0,"texture":"#0"}},"rotation":{"origin":[5.0,-2.5,16.0],"angle":45.0,"axis":"y"}}],"display":{"gui":{"rotation":[30,225,0]}}}