{"textures":{"0":"modelengine:entity/dungeon_crate_large"},"elements":[{"from":[0.0,9.0,14.0],"to":[2.0,23.0,16.0],"faces":{"east":{"uv":[3.0,8.0,3.5,11.5],"tintindex":0,"rotation":0,"texture":"#0"},"south":{"uv":[1.5,8.0,2.0,11.5],"tintindex":0,"rotation":0,"texture":"#0"},"north":{"uv":[2.5,8.0,3.0,11.5],"tintindex":0,"rotation":0,"texture":"#0"},"west":{"uv":[2.0,8.0,2.5,11.5],"tintindex":0,"rotation":0,"texture":"#0"},"up":{"uv":[4.0,11.25,4.5,11.75],"tintindex":0,"rotation":0,"texture":"#0"},"down":{"uv":[4.5,11.75,5.0,11.25],"tintindex":0,"rotation":0,"texture":"#0"}}},{"from":[14.75,6.5,7.0],"to":[15.75,25.5,10.0],"faces":{"east":{"uv":[0.0,8.0,0.75,12.75],"tintindex":0,"rotation":0,"texture":"#0"},"south":{"uv":[3.5,8.0,3.75,12.75],"tintindex":0,"rotation":0,"texture":"#0"},"north":{"uv":[3.75,8.0,4.0,12.75],"tintindex":0,"rotation":0,"texture":"#0"},"west":{"uv":[0.75,8.0,1.5,12.75],"tintindex":0,"rotation":0,"texture":"#0"},"up":{"uv":[5.75,11.5,5.0,11.25],"tintindex":0,"rotation":90,"texture":"#0"},"down":{"uv":[6.5,11.25,5.75,11.5],"tintindex":0,"rotation":270,"texture":"#0"}},"rotation":{"origin":[15.25,16.5,8.5],"angle":45.0,"axis":"x"}},{"from":[0.25,6.5,6.0],"to":[1.25,25.5,9.0],"faces":{"east":{"uv":[0.75,8.0,1.5,12.75],"tintindex":0,"rotation":0,"texture":"#0"},"south":{"uv":[3.75,8.0,4.0,12.75],"tintindex":0,"rotation":0,"texture":"#0"},"north":{"uv":[3.5,8.0,3.75,12.75],"tintindex":0,"rotation":0,"texture":"#0"},"west":{"uv":[0.0,8.0,0.75,12.75],"tintindex":0,"rotation":0,"texture":"#0"},"up":{"uv":[5.75,11.5,5.0,11.25],"tintindex":0,"rotation":270,"texture":"#0"},"down":{"uv":[6.5,11.25,5.75,11.5],"tintindex":0,"rotation":90,"texture":"#0"}},"rotation":{"origin":[0.75,16.5,7.5],"angle":-45.0,"axis":"x"}},{"from":[14.0,9.0,14.0],"to":[16.0,23.0,16.0],"faces":{"east":{"uv":[2.5,8.0,2.0,11.5],"tintindex":0,"rotation":0,"texture":"#0"},"south":{"uv":[2.0,8.0,1.5,11.5],"tintindex":0,"rotation":0,"texture":"#0"},"north":{"uv":[3.0,8.0,2.5,11.5],"tintindex":0,"rotation":0,"texture":"#0"},"west":{"uv":[3.5,8.0,3.0,11.5],"tintindex":0,"rotation":0,"texture":"#0"},"up":{"uv":[4.5,11.25,4.0,11.75],"tintindex":0,"rotation":0,"texture":"#0"},"down":{"uv":[5.0,11.75,4.5,11.25],"tintindex":0,"rotation":0,"texture":"#0"}}},{"from":[14.0,9.0,0.0],"to":[16.0,23.0,2.0],"faces":{"east":{"uv":[2.0,8.0,2.5,11.5],"tintindex":0,"rotation":0,"texture":"#0"},"south":{"uv":[2.5,8.0,3.0,11.5],"tintindex":0,"rotation":0,"texture":"#0"},"north":{"uv":[1.5,8.0,2.0,11.5],"tintindex":0,"rotation":0,"texture":"#0"},"west":{"uv":[3.0,8.0,3.5,11.5],"tintindex":0,"rotation":0,"texture":"#0"},"up":{"uv":[4.5,11.75,4.0,11.25],"tintindex":0,"rotation":0,"texture":"#0"},"down":{"uv":[5.0,11.25,4.5,11.75],"tintindex":0,"rotation":0,"texture":"#0"}}},{"from":[6.0,6.5,0.25],"to":[9.0,25.5,1.25],"faces":{"east":{"uv":[4.0,8.0,3.75,12.75],"tintindex":0,"rotation":0,"texture":"#0"},"south":{"uv":[1.5,8.0,0.75,12.75],"tintindex":0,"rotation":0,"texture":"#0"},"north":{"uv":[0.75,8.0,0.0,12.75],"tintindex":0,"rotation":0,"texture":"#0"},"west":{"uv":[3.75,8.0,3.5,12.75],"tintindex":0,"rotation":0,"texture":"#0"},"up":{"uv":[5.0,11.5,5.75,11.25],"tintindex":0,"rotation":0,"texture":"#0"},"down":{"uv":[5.75,11.25,6.5,11.5],"tintindex":0,"rotation":0,"texture":"#0"}},"rotation":{"origin":[7.5,16.5,0.75],"angle":45.0,"axis":"z"}},{"from":[7.0,6.5,14.75],"to":[10.0,25.5,15.75],"faces":{"east":{"uv":[3.75,8.0,3.5,12.75],"tintindex":0,"rotation":0,"texture":"#0"},"south":{"uv":[0.75,8.0,0.0,12.75],"tintindex":0,"rotation":0,"texture":"#0"},"north":{"uv":[1.5,8.0,0.75,12.75],"tintindex":0,"rotation":0,"texture":"#0"},"west":{"uv":[4.0,8.0,3.75,12.75],"tintindex":0,"rotation":0,"texture":"#0"},"up":{"uv":[5.75,11.25,5.0,11.5],"tintindex":0,"rotation":0,"texture":"#0"},"down":{"uv":[6.5,11.5,5.75,11.25],"tintindex":0,"rotation":0,"texture":"#0"}},"rotation":{"origin":[8.5,16.5,15.25],"angle":-45.0,"axis":"z"}},{"from":[0.5,9.0,0.5],"to":[15.5,23.0,15.5],"faces":{"east":{"uv":[7.75,0.0,11.5,3.5],"tintindex":0,"rotation":0,"texture":"#0"},"south":{"uv":[7.75,3.5,11.5,7.0],"tintindex":0,"rotation":0,"texture":"#0"},"north":{"uv":[4.0,7.5,7.75,11.0],"tintindex":0,"rotation":0,"texture":"#0"},"west":{"uv":[7.75,7.0,11.5,10.5],"tintindex":0,"rotation":0,"texture":"#0"},"up":{"uv":[7.75,3.75,4.0,0.0],"tintindex":0,"rotation":0,"texture":"#0"},"down":{"uv":[7.75,3.75,4.0,7.5],"tintindex":0,"rotation":0,"texture":"#0"}}},{"from":[0.0,9.0,0.0],"to":[2.0,23.0,2.0],"faces":{"east":{"uv":[3.5,8.0,3.0,11.5],"tintindex":0,"rotation":0,"texture":"#0"},"south":{"uv":[3.0,8.0,2.5,11.5],"tintindex":0,"rotation":0,"texture":"#0"},"north":{"uv":[2.0,8.0,1.5,11.5],"tintindex":0,"rotation":0,"texture":"#0"},"west":{"uv":[2.5,8.0,2.0,11.5],"tintindex":0,"rotation":0,"texture":"#0"},"up":{"uv":[4.0,11.75,4.5,11.25],"tintindex":0,"rotation":0,"texture":"#0"},"down":{"uv":[4.5,11.25,5.0,11.75],"tintindex":0,"rotation":0,"texture":"#0"}}},{"from":[0.0,23.0,0.0],"to":[16.0,24.0,16.0],"faces":{"east":{"uv":[7.75,10.75,11.75,11.0],"tintindex":0,"rotation":0,"texture":"#0"},"south":{"uv":[4.0,11.0,8.0,11.25],"tintindex":0,"rotation":0,"texture":"#0"},"north":{"uv":[7.75,10.5,11.75,10.75],"tintindex":0,"rotation":0,"texture":"#0"},"west":{"uv":[8.0,11.0,12.0,11.25],"tintindex":0,"rotation":0,"texture":"#0"},"up":{"uv":[4.0,4.0,0.0,0.0],"tintindex":0,"rotation":0,"texture":"#0"},"down":{"uv":[4.0,4.0,0.0,8.0],"tintindex":0,"rotation":0,"texture":"#0"}}},{"from":[0.0,8.0,0.0],"to":[16.0,9.0,16.0],"faces":{"east":{"uv":[7.75,11.0,11.75,10.75],"tintindex":0,"rotation":0,"texture":"#0"},"south":{"uv":[4.0,11.25,8.0,11.0],"tintindex":0,"rotation":0,"texture":"#0"},"north":{"uv":[7.75,10.75,11.75,10.5],"tintindex":0,"rotation":0,"texture":"#0"},"west":{"uv":[8.0,11.25,12.0,11.0],"tintindex":0,"rotation":0,"texture":"#0"},"up":{"uv":[4.0,8.0,0.0,4.0],"tintindex":0,"rotation":0,"texture":"#0"},"down":{"uv":[4.0,0.0,0.0,4.0],"tintindex":0,"rotation":0,"texture":"#0"}}}],"display":{"gui":{"rotation":[30,225,0]}}}