{"textures":{"0":"modelengine:entity/em_nothingness"},"elements":[{"from":[-10.666668,-10.666668,8.0],"to":[26.666668,26.666668,8.0],"faces":{"south":{"uv":[2.0,0.0,0.0,2.0],"tintindex":0,"rotation":0,"texture":"#0"},"north":{"uv":[0.0,0.0,2.0,2.0],"tintindex":0,"rotation":0,"texture":"#0"}}},{"from":[8.0,-10.666668,-10.666668],"to":[8.0,26.666668,26.666668],"faces":{"east":{"uv":[0.0,0.0,2.0,2.0],"tintindex":0,"rotation":0,"texture":"#0"},"west":{"uv":[2.0,0.0,0.0,2.0],"tintindex":0,"rotation":0,"texture":"#0"}}}],"display":{"gui":{"rotation":[30,225,0]}}}