{"textures":{"0":"modelengine:entity/shamrock"},"elements":[{"from":[7.4874206,7.95625,8.067343],"to":[8.48742,14.95625,8.067343],"faces":{"south":{"uv":[6.5,6.0,6.0,9.5],"tintindex":0,"rotation":0,"texture":"#0"},"north":{"uv":[6.0,6.0,6.5,9.5],"tintindex":0,"rotation":0,"texture":"#0"}}},{"from":[7.9874206,14.981251,5.5673428],"to":[13.987421,14.981251,10.567343],"faces":{"up":{"uv":[2.5,3.0,0.0,0.0],"tintindex":0,"rotation":90,"texture":"#0"},"down":{"uv":[2.5,0.0,0.0,3.0],"tintindex":0,"rotation":270,"texture":"#0"}},"rotation":{"origin":[7.9874206,14.981251,8.067343],"angle":22.5,"axis":"y"}},{"from":[5.4874206,15.00625,8.067343],"to":[10.487421,15.00625,14.067343],"faces":{"up":{"uv":[2.5,0.0,0.0,3.0],"tintindex":0,"rotation":0,"texture":"#0"},"down":{"uv":[2.5,3.0,0.0,0.0],"tintindex":0,"rotation":0,"texture":"#0"}}},{"from":[5.4874206,14.95625,2.0673428],"to":[10.487421,14.95625,8.067343],"faces":{"up":{"uv":[2.5,3.0,0.0,0.0],"tintindex":0,"rotation":0,"texture":"#0"},"down":{"uv":[2.5,0.0,0.0,3.0],"tintindex":0,"rotation":0,"texture":"#0"}},"rotation":{"origin":[7.9874206,14.981251,8.067343],"angle":45.0,"axis":"y"}}],"display":{"gui":{"rotation":[30,225,0]}}}