{"textures":{"0":"modelengine:entity/boreal_druid_iceclaw"},"elements":[{"from":[1.0,2.75,1.0],"to":[15.0,11.75,8.0],"faces":{"east":{"uv":[6.75,2.625,7.625,3.375],"tintindex":0,"rotation":0,"texture":"#0"},"south":{"uv":[5.0,2.625,6.75,3.375],"tintindex":0,"rotation":0,"texture":"#0"},"north":{"uv":[5.0,1.875,6.75,2.625],"tintindex":0,"rotation":0,"texture":"#0"},"west":{"uv":[4.875,6.875,5.75,7.625],"tintindex":0,"rotation":0,"texture":"#0"},"up":{"uv":[5.875,5.375,4.125,4.5],"tintindex":0,"rotation":0,"texture":"#0"},"down":{"uv":[1.75,4.625,0.0,5.5],"tintindex":0,"rotation":0,"texture":"#0"}}},{"from":[2.0,2.75,3.0],"to":[14.0,8.75,20.0],"faces":{"east":{"uv":[6.0,4.125,8.125,4.5],"tintindex":0,"rotation":0,"texture":"#0"},"south":{"uv":[6.875,5.625,8.375,6.0],"tintindex":0,"rotation":0,"texture":"#0"},"north":{"uv":[6.875,5.25,8.375,5.625],"tintindex":0,"rotation":0,"texture":"#0"},"west":{"uv":[6.75,2.25,8.875,2.625],"tintindex":0,"rotation":0,"texture":"#0"},"up":{"uv":[1.5,2.125,0.0,0.0],"tintindex":0,"rotation":0,"texture":"#0"},"down":{"uv":[3.0,0.0,1.5,2.125],"tintindex":0,"rotation":0,"texture":"#0"}}}],"display":{"gui":{"rotation":[30,225,0]}}}