{"textures":{"0":"modelengine:entity/krystelum_axe","2":"modelengine:entity/ravager_axe_em"},"elements":[{"from":[8.339918,18.710197,3.2622557],"to":[8.564018,19.159298,3.4863553],"faces":{"east":{"uv":[15.0,15.0,15.5,15.5],"tintindex":0,"rotation":0,"texture":"#2"},"south":{"uv":[0.0,15.5,0.5,16.0],"tintindex":0,"rotation":0,"texture":"#2"},"north":{"uv":[15.0,14.5,15.5,15.0],"tintindex":0,"rotation":0,"texture":"#2"},"west":{"uv":[14.5,15.0,15.0,15.5],"tintindex":0,"rotation":0,"texture":"#2"},"up":{"uv":[16.0,0.5,15.5,0.0],"tintindex":0,"rotation":270,"texture":"#2"},"down":{"uv":[1.0,15.5,0.5,16.0],"tintindex":0,"rotation":90,"texture":"#2"}},"rotation":{"origin":[8.443503,18.716204,8.000364],"angle":45.0,"axis":"x"}},{"from":[8.339468,19.137306,4.645133],"to":[8.564468,22.062305,4.8701324],"faces":{"east":{"uv":[2.0,9.5,2.5,12.5],"tintindex":0,"rotation":0,"texture":"#2"},"south":{"uv":[9.5,2.0,10.0,5.0],"tintindex":0,"rotation":0,"texture":"#2"},"north":{"uv":[7.0,9.0,7.5,12.0],"tintindex":0,"rotation":0,"texture":"#2"},"west":{"uv":[6.5,9.0,7.0,12.0],"tintindex":0,"rotation":0,"texture":"#2"},"up":{"uv":[16.0,3.5,15.5,3.0],"tintindex":0,"rotation":270,"texture":"#2"},"down":{"uv":[4.0,15.5,3.5,16.0],"tintindex":0,"rotation":90,"texture":"#2"}}},{"from":[8.678163,20.008928,10.384434],"to":[9.125462,20.45623,10.831734],"faces":{"east":{"uv":[1.0,15.0,1.5,15.5],"tintindex":0,"rotation":0,"texture":"#2"},"south":{"uv":[15.0,1.0,15.5,1.5],"tintindex":0,"rotation":0,"texture":"#2"},"north":{"uv":[15.0,0.5,15.5,1.0],"tintindex":0,"rotation":0,"texture":"#2"},"west":{"uv":[0.5,15.0,1.0,15.5],"tintindex":0,"rotation":0,"texture":"#2"},"up":{"uv":[2.0,15.5,1.5,15.0],"tintindex":0,"rotation":270,"texture":"#2"},"down":{"uv":[15.5,1.5,15.0,2.0],"tintindex":0,"rotation":90,"texture":"#2"}},"rotation":{"origin":[8.45922,18.716204,8.000364],"angle":-45.0,"axis":"x"}},{"from":[8.229511,21.703358,5.2053604],"to":[8.674112,22.016155,5.518159],"faces":{"east":{"uv":[10.5,15.0,11.0,15.5],"tintindex":0,"rotation":0,"texture":"#2"},"south":{"uv":[15.0,10.5,15.5,11.0],"tintindex":0,"rotation":0,"texture":"#2"},"north":{"uv":[15.0,10.0,15.5,10.5],"tintindex":0,"rotation":0,"texture":"#2"},"west":{"uv":[10.0,15.0,10.5,15.5],"tintindex":0,"rotation":0,"texture":"#2"},"up":{"uv":[11.5,15.5,11.0,15.0],"tintindex":0,"rotation":270,"texture":"#2"},"down":{"uv":[15.5,11.0,15.0,11.5],"tintindex":0,"rotation":90,"texture":"#2"}},"rotation":{"origin":[8.45922,18.716204,8.000364],"angle":45.0,"axis":"x"}},{"from":[8.329023,19.42518,9.503618],"to":[8.569998,20.099281,10.177719],"faces":{"east":{"uv":[15.5,9.0,16.0,9.5],"tintindex":0,"rotation":0,"texture":"#2"},"south":{"uv":[9.5,15.5,10.0,16.0],"tintindex":0,"rotation":0,"texture":"#2"},"north":{"uv":[9.0,15.5,9.5,16.0],"tintindex":0,"rotation":0,"texture":"#2"},"west":{"uv":[15.5,8.5,16.0,9.0],"tintindex":0,"rotation":0,"texture":"#2"},"up":{"uv":[16.0,10.0,15.5,9.5],"tintindex":0,"rotation":270,"texture":"#2"},"down":{"uv":[10.5,15.5,10.0,16.0],"tintindex":0,"rotation":90,"texture":"#2"}},"rotation":{"origin":[8.443859,18.716204,8.000364],"angle":22.5,"axis":"x"}},{"from":[8.812712,19.66244,9.4015465],"to":[9.260912,19.978836,9.717945],"faces":{"east":{"uv":[10.0,0.0,11.0,1.0],"tintindex":0,"rotation":270,"texture":"#0"},"south":{"uv":[7.0,11.0,6.0,10.0],"tintindex":0,"rotation":0,"texture":"#0"},"north":{"uv":[9.0,10.0,8.0,11.0],"tintindex":0,"rotation":180,"texture":"#0"},"west":{"uv":[4.0,10.0,5.0,11.0],"tintindex":0,"rotation":90,"texture":"#0"},"up":{"uv":[0.0,10.0,1.0,11.0],"tintindex":0,"rotation":180,"texture":"#0"},"down":{"uv":[2.0,10.0,3.0,11.0],"tintindex":0,"rotation":0,"texture":"#0"}},"rotation":{"origin":[8.45922,18.716204,8.000364],"angle":-45.0,"axis":"x"}},{"from":[8.181812,18.709805,8.087416],"to":[8.721812,19.249805,8.627417],"faces":{"east":{"uv":[8.5,15.0,9.0,15.5],"tintindex":0,"rotation":0,"texture":"#2"},"south":{"uv":[15.0,8.5,15.5,9.0],"tintindex":0,"rotation":0,"texture":"#2"},"north":{"uv":[15.0,8.0,15.5,8.5],"tintindex":0,"rotation":0,"texture":"#2"},"west":{"uv":[8.0,15.0,8.5,15.5],"tintindex":0,"rotation":0,"texture":"#2"},"up":{"uv":[9.5,15.5,9.0,15.0],"tintindex":0,"rotation":270,"texture":"#2"},"down":{"uv":[15.5,9.0,15.0,9.5],"tintindex":0,"rotation":90,"texture":"#2"}}},{"from":[8.181812,17.404806,8.087416],"to":[8.721812,17.944805,8.627417],"faces":{"east":{"uv":[5.5,15.0,6.0,15.5],"tintindex":0,"rotation":0,"texture":"#2"},"south":{"uv":[15.0,5.5,15.5,6.0],"tintindex":0,"rotation":0,"texture":"#2"},"north":{"uv":[15.0,5.0,15.5,5.5],"tintindex":0,"rotation":0,"texture":"#2"},"west":{"uv":[5.0,15.0,5.5,15.5],"tintindex":0,"rotation":0,"texture":"#2"},"up":{"uv":[6.5,15.5,6.0,15.0],"tintindex":0,"rotation":270,"texture":"#2"},"down":{"uv":[15.5,6.0,15.0,6.5],"tintindex":0,"rotation":90,"texture":"#2"}}},{"from":[7.642712,19.66244,9.4015465],"to":[8.090912,19.978836,9.717945],"faces":{"east":{"uv":[6.0,8.0,7.0,9.0],"tintindex":0,"rotation":270,"texture":"#0"},"south":{"uv":[10.0,5.0,9.0,4.0],"tintindex":0,"rotation":0,"texture":"#0"},"north":{"uv":[10.0,6.0,9.0,7.0],"tintindex":0,"rotation":180,"texture":"#0"},"west":{"uv":[9.0,2.0,10.0,3.0],"tintindex":0,"rotation":90,"texture":"#0"},"up":{"uv":[4.0,8.0,5.0,9.0],"tintindex":0,"rotation":180,"texture":"#0"},"down":{"uv":[8.0,8.0,9.0,9.0],"tintindex":0,"rotation":0,"texture":"#0"}},"rotation":{"origin":[8.45922,18.716204,8.000364],"angle":-45.0,"axis":"x"}},{"from":[8.678163,19.185593,9.561096],"to":[9.125462,19.632893,10.008396],"faces":{"east":{"uv":[2.5,15.0,3.0,15.5],"tintindex":0,"rotation":0,"texture":"#2"},"south":{"uv":[15.0,2.5,15.5,3.0],"tintindex":0,"rotation":0,"texture":"#2"},"north":{"uv":[15.0,2.0,15.5,2.5],"tintindex":0,"rotation":0,"texture":"#2"},"west":{"uv":[2.0,15.0,2.5,15.5],"tintindex":0,"rotation":0,"texture":"#2"},"up":{"uv":[3.5,15.5,3.0,15.0],"tintindex":0,"rotation":270,"texture":"#2"},"down":{"uv":[15.5,3.0,15.0,3.5],"tintindex":0,"rotation":90,"texture":"#2"}},"rotation":{"origin":[8.45922,18.716204,8.000364],"angle":-45.0,"axis":"x"}},{"from":[8.342073,18.3366,10.971077],"to":[8.562573,19.6821,12.316577],"faces":{"east":{"uv":[6.5,1.5,8.0,3.0],"tintindex":0,"rotation":0,"texture":"#2"},"south":{"uv":[5.5,13.5,6.0,15.0],"tintindex":0,"rotation":0,"texture":"#2"},"north":{"uv":[4.5,13.5,5.0,15.0],"tintindex":0,"rotation":0,"texture":"#2"},"west":{"uv":[3.5,6.0,5.0,7.5],"tintindex":0,"rotation":0,"texture":"#2"},"up":{"uv":[15.0,6.0,13.5,5.5],"tintindex":0,"rotation":270,"texture":"#2"},"down":{"uv":[7.5,13.5,6.0,14.0],"tintindex":0,"rotation":90,"texture":"#2"}},"rotation":{"origin":[8.443859,18.716204,8.000364],"angle":-45.0,"axis":"x"}},{"from":[7.778162,20.463875,5.623943],"to":[8.225462,20.911179,6.071243],"faces":{"east":{"uv":[14.5,11.0,15.0,11.5],"tintindex":0,"rotation":0,"texture":"#2"},"south":{"uv":[11.5,14.5,12.0,15.0],"tintindex":0,"rotation":0,"texture":"#2"},"north":{"uv":[11.0,14.5,11.5,15.0],"tintindex":0,"rotation":0,"texture":"#2"},"west":{"uv":[14.5,10.5,15.0,11.0],"tintindex":0,"rotation":0,"texture":"#2"},"up":{"uv":[15.0,12.0,14.5,11.5],"tintindex":0,"rotation":270,"texture":"#2"},"down":{"uv":[12.5,14.5,12.0,15.0],"tintindex":0,"rotation":90,"texture":"#2"}},"rotation":{"origin":[8.45922,18.716204,8.000364],"angle":45.0,"axis":"x"}},{"from":[7.6418123,20.599806,8.097061],"to":[8.091812,21.499805,8.547061],"faces":{"east":{"uv":[0.0,0.0,2.0,1.0],"tintindex":0,"rotation":270,"texture":"#0"},"south":{"uv":[4.0,2.0,3.0,0.0],"tintindex":0,"rotation":0,"texture":"#0"},"north":{"uv":[4.0,3.0,3.0,5.0],"tintindex":0,"rotation":180,"texture":"#0"},"west":{"uv":[0.0,2.0,2.0,3.0],"tintindex":0,"rotation":90,"texture":"#0"},"up":{"uv":[0.0,6.0,1.0,7.0],"tintindex":0,"rotation":180,"texture":"#0"},"down":{"uv":[2.0,6.0,3.0,7.0],"tintindex":0,"rotation":0,"texture":"#0"}}},{"from":[8.343069,23.525137,7.6647015],"to":[8.560868,24.417938,8.107502],"faces":{"east":{"uv":[13.0,13.5,13.5,14.5],"tintindex":0,"rotation":0,"texture":"#2"},"south":{"uv":[13.5,13.5,14.0,14.5],"tintindex":0,"rotation":0,"texture":"#2"},"north":{"uv":[12.5,13.5,13.0,14.5],"tintindex":0,"rotation":0,"texture":"#2"},"west":{"uv":[13.5,11.5,14.0,12.5],"tintindex":0,"rotation":0,"texture":"#2"},"up":{"uv":[14.0,15.5,13.5,15.0],"tintindex":0,"rotation":270,"texture":"#2"},"down":{"uv":[15.5,13.5,15.0,14.0],"tintindex":0,"rotation":90,"texture":"#2"}},"rotation":{"origin":[8.443503,18.716204,8.000364],"angle":-22.5,"axis":"x"}},{"from":[8.339824,19.699806,10.423989],"to":[8.564823,21.499805,11.323989],"faces":{"east":{"uv":[7.5,5.0,8.5,7.0],"tintindex":0,"rotation":0,"texture":"#2"},"south":{"uv":[8.5,11.5,9.0,13.5],"tintindex":0,"rotation":0,"texture":"#2"},"north":{"uv":[8.0,11.5,8.5,13.5],"tintindex":0,"rotation":0,"texture":"#2"},"west":{"uv":[7.5,3.0,8.5,5.0],"tintindex":0,"rotation":0,"texture":"#2"},"up":{"uv":[15.0,3.0,14.0,2.5],"tintindex":0,"rotation":270,"texture":"#2"},"down":{"uv":[15.0,3.0,14.0,3.5],"tintindex":0,"rotation":90,"texture":"#2"}}},{"from":[7.778162,19.185593,9.561096],"to":[8.225462,19.632893,10.008396],"faces":{"east":{"uv":[14.5,8.0,15.0,8.5],"tintindex":0,"rotation":0,"texture":"#2"},"south":{"uv":[8.5,14.5,9.0,15.0],"tintindex":0,"rotation":0,"texture":"#2"},"north":{"uv":[8.0,14.5,8.5,15.0],"tintindex":0,"rotation":0,"texture":"#2"},"west":{"uv":[14.5,7.5,15.0,8.0],"tintindex":0,"rotation":0,"texture":"#2"},"up":{"uv":[15.0,9.0,14.5,8.5],"tintindex":0,"rotation":270,"texture":"#2"},"down":{"uv":[9.5,14.5,9.0,15.0],"tintindex":0,"rotation":90,"texture":"#2"}},"rotation":{"origin":[8.45922,18.716204,8.000364],"angle":-45.0,"axis":"x"}},{"from":[8.339918,20.036924,6.376072],"to":[8.564018,21.386024,6.8251715],"faces":{"east":{"uv":[11.0,12.5,11.5,14.0],"tintindex":0,"rotation":0,"texture":"#2"},"south":{"uv":[13.0,4.5,13.5,6.0],"tintindex":0,"rotation":0,"texture":"#2"},"north":{"uv":[10.0,12.5,10.5,14.0],"tintindex":0,"rotation":0,"texture":"#2"},"west":{"uv":[9.5,12.5,10.0,14.0],"tintindex":0,"rotation":0,"texture":"#2"},"up":{"uv":[16.0,1.5,15.5,1.0],"tintindex":0,"rotation":270,"texture":"#2"},"down":{"uv":[2.0,15.5,1.5,16.0],"tintindex":0,"rotation":90,"texture":"#2"}},"rotation":{"origin":[8.443503,18.716204,8.000364],"angle":-45.0,"axis":"x"}},{"from":[7.71101,19.207506,8.293499],"to":[8.155611,22.802107,8.738098],"faces":{"east":{"uv":[3.0,8.5,3.5,12.0],"tintindex":0,"rotation":0,"texture":"#2"},"south":{"uv":[3.5,8.5,4.0,12.0],"tintindex":0,"rotation":0,"texture":"#2"},"north":{"uv":[8.5,2.0,9.0,5.5],"tintindex":0,"rotation":0,"texture":"#2"},"west":{"uv":[8.0,8.0,8.5,11.5],"tintindex":0,"rotation":0,"texture":"#2"},"up":{"uv":[12.0,15.5,11.5,15.0],"tintindex":0,"rotation":270,"texture":"#2"},"down":{"uv":[15.5,11.5,15.0,12.0],"tintindex":0,"rotation":90,"texture":"#2"}},"rotation":{"origin":[8.45922,18.716204,8.000364],"angle":45.0,"axis":"y"}},{"from":[8.343968,17.931812,5.168023],"to":[8.559969,19.722813,6.5090227],"faces":{"east":{"uv":[4.0,4.0,5.5,6.0],"tintindex":0,"rotation":0,"texture":"#2"},"south":{"uv":[11.5,4.5,12.0,6.5],"tintindex":0,"rotation":0,"texture":"#2"},"north":{"uv":[11.5,0.5,12.0,2.5],"tintindex":0,"rotation":0,"texture":"#2"},"west":{"uv":[4.0,2.0,5.5,4.0],"tintindex":0,"rotation":0,"texture":"#2"},"up":{"uv":[14.0,13.5,12.5,13.0],"tintindex":0,"rotation":270,"texture":"#2"},"down":{"uv":[15.0,2.0,13.5,2.5],"tintindex":0,"rotation":90,"texture":"#2"}},"rotation":{"origin":[8.443503,18.716204,8.000364],"angle":22.5,"axis":"x"}},{"from":[8.678163,20.463875,5.623943],"to":[9.125462,20.911179,6.071243],"faces":{"east":{"uv":[14.5,14.0,15.0,14.5],"tintindex":0,"rotation":0,"texture":"#2"},"south":{"uv":[14.5,14.5,15.0,15.0],"tintindex":0,"rotation":0,"texture":"#2"},"north":{"uv":[14.0,14.5,14.5,15.0],"tintindex":0,"rotation":0,"texture":"#2"},"west":{"uv":[14.5,13.5,15.0,14.0],"tintindex":0,"rotation":0,"texture":"#2"},"up":{"uv":[0.5,15.5,0.0,15.0],"tintindex":0,"rotation":270,"texture":"#2"},"down":{"uv":[15.5,0.0,15.0,0.5],"tintindex":0,"rotation":90,"texture":"#2"}},"rotation":{"origin":[8.45922,18.716204,8.000364],"angle":45.0,"axis":"x"}},{"from":[8.241905,17.472305,8.154917],"to":[8.646904,18.777306,8.559916],"faces":{"east":{"uv":[11.5,11.5,12.0,13.0],"tintindex":0,"rotation":0,"texture":"#2"},"south":{"uv":[12.0,0.5,12.5,2.0],"tintindex":0,"rotation":0,"texture":"#2"},"north":{"uv":[10.5,11.5,11.0,13.0],"tintindex":0,"rotation":0,"texture":"#2"},"west":{"uv":[11.5,10.0,12.0,11.5],"tintindex":0,"rotation":0,"texture":"#2"},"up":{"uv":[10.0,5.5,9.5,5.0],"tintindex":0,"rotation":270,"texture":"#2"},"down":{"uv":[11.5,0.5,11.0,1.0],"tintindex":0,"rotation":90,"texture":"#2"}}},{"from":[8.226812,7.479112,-3.1817799],"to":[8.676812,7.9291124,-2.73178],"faces":{"east":{"uv":[0.5,14.5,1.0,15.0],"tintindex":0,"rotation":0,"texture":"#2"},"south":{"uv":[14.5,0.5,15.0,1.0],"tintindex":0,"rotation":0,"texture":"#2"},"north":{"uv":[14.5,0.0,15.0,0.5],"tintindex":0,"rotation":0,"texture":"#2"},"west":{"uv":[0.0,14.5,0.5,15.0],"tintindex":0,"rotation":0,"texture":"#2"},"up":{"uv":[1.5,15.0,1.0,14.5],"tintindex":0,"rotation":270,"texture":"#2"},"down":{"uv":[15.0,1.0,14.5,1.5],"tintindex":0,"rotation":90,"texture":"#2"}},"rotation":{"origin":[8.45922,18.716204,8.000364],"angle":-45.0,"axis":"x"}},{"from":[8.344869,20.041876,6.831022],"to":[8.559069,21.381075,7.2702217],"faces":{"east":{"uv":[11.5,13.0,12.0,14.5],"tintindex":0,"rotation":0,"texture":"#2"},"south":{"uv":[12.0,13.0,12.5,14.5],"tintindex":0,"rotation":0,"texture":"#2"},"north":{"uv":[10.5,13.0,11.0,14.5],"tintindex":0,"rotation":0,"texture":"#2"},"west":{"uv":[13.0,6.0,13.5,7.5],"tintindex":0,"rotation":0,"texture":"#2"},"up":{"uv":[16.0,2.0,15.5,1.5],"tintindex":0,"rotation":270,"texture":"#2"},"down":{"uv":[2.5,15.5,2.0,16.0],"tintindex":0,"rotation":90,"texture":"#2"}},"rotation":{"origin":[8.443503,18.716204,8.000364],"angle":-45.0,"axis":"x"}},{"from":[7.778162,19.64054,6.44728],"to":[8.225462,20.087841,6.89458],"faces":{"east":{"uv":[14.5,9.5,15.0,10.0],"tintindex":0,"rotation":0,"texture":"#2"},"south":{"uv":[10.0,14.5,10.5,15.0],"tintindex":0,"rotation":0,"texture":"#2"},"north":{"uv":[9.5,14.5,10.0,15.0],"tintindex":0,"rotation":0,"texture":"#2"},"west":{"uv":[14.5,9.0,15.0,9.5],"tintindex":0,"rotation":0,"texture":"#2"},"up":{"uv":[15.0,10.5,14.5,10.0],"tintindex":0,"rotation":270,"texture":"#2"},"down":{"uv":[11.0,14.5,10.5,15.0],"tintindex":0,"rotation":90,"texture":"#2"}},"rotation":{"origin":[8.45922,18.716204,8.000364],"angle":45.0,"axis":"x"}},{"from":[8.676812,20.149807,7.872061],"to":[9.126812,21.949806,8.772061],"faces":{"east":{"uv":[2.0,7.5,3.0,9.5],"tintindex":0,"rotation":0,"texture":"#2"},"south":{"uv":[11.0,2.0,11.5,4.0],"tintindex":0,"rotation":0,"texture":"#2"},"north":{"uv":[10.5,9.5,11.0,11.5],"tintindex":0,"rotation":0,"texture":"#2"},"west":{"uv":[6.5,7.0,7.5,9.0],"tintindex":0,"rotation":0,"texture":"#2"},"up":{"uv":[14.5,8.0,13.5,7.5],"tintindex":0,"rotation":270,"texture":"#2"},"down":{"uv":[14.5,8.0,13.5,8.5],"tintindex":0,"rotation":90,"texture":"#2"}}},{"from":[8.341719,20.727373,6.4847183],"to":[8.562219,21.622873,7.8302183],"faces":{"east":{"uv":[9.5,0.0,11.0,1.0],"tintindex":0,"rotation":0,"texture":"#2"},"south":{"uv":[2.0,14.0,2.5,15.0],"tintindex":0,"rotation":0,"texture":"#2"},"north":{"uv":[14.0,0.5,14.5,1.5],"tintindex":0,"rotation":0,"texture":"#2"},"west":{"uv":[9.0,9.0,10.5,10.0],"tintindex":0,"rotation":0,"texture":"#2"},"up":{"uv":[13.5,13.0,12.0,12.5],"tintindex":0,"rotation":270,"texture":"#2"},"down":{"uv":[14.5,0.0,13.0,0.5],"tintindex":0,"rotation":90,"texture":"#2"}},"rotation":{"origin":[8.443503,18.716204,8.000364],"angle":-45.0,"axis":"x"}},{"from":[8.348469,20.594404,6.030856],"to":[8.555468,21.476402,7.8128557],"faces":{"east":{"uv":[3.0,7.5,5.0,8.5],"tintindex":0,"rotation":0,"texture":"#2"},"south":{"uv":[13.5,8.5,14.0,9.5],"tintindex":0,"rotation":0,"texture":"#2"},"north":{"uv":[8.5,13.5,9.0,14.5],"tintindex":0,"rotation":0,"texture":"#2"},"west":{"uv":[7.5,0.0,9.5,1.0],"tintindex":0,"rotation":0,"texture":"#2"},"up":{"uv":[12.5,4.5,10.5,4.0],"tintindex":0,"rotation":270,"texture":"#2"},"down":{"uv":[13.0,0.0,11.0,0.5],"tintindex":0,"rotation":90,"texture":"#2"}},"rotation":{"origin":[8.443503,18.716204,8.000364],"angle":-22.5,"axis":"x"}},{"from":[8.328669,20.251171,6.451682],"to":[8.569643,20.700272,8.025782],"faces":{"east":{"uv":[12.0,11.0,13.5,11.5],"tintindex":0,"rotation":0,"texture":"#2"},"south":{"uv":[15.0,13.0,15.5,13.5],"tintindex":0,"rotation":0,"texture":"#2"},"north":{"uv":[13.0,15.0,13.5,15.5],"tintindex":0,"rotation":0,"texture":"#2"},"west":{"uv":[12.0,10.5,13.5,11.0],"tintindex":0,"rotation":0,"texture":"#2"},"up":{"uv":[13.5,12.0,12.0,11.5],"tintindex":0,"rotation":270,"texture":"#2"},"down":{"uv":[13.5,12.0,12.0,12.5],"tintindex":0,"rotation":90,"texture":"#2"}},"rotation":{"origin":[8.443503,18.716204,8.000364],"angle":-22.5,"axis":"x"}},{"from":[8.136812,8.1846075,-2.0262852],"to":[8.766812,8.814608,-1.3962841],"faces":{"east":{"uv":[14.0,10.5,14.5,11.0],"tintindex":0,"rotation":0,"texture":"#2"},"south":{"uv":[11.0,14.0,11.5,14.5],"tintindex":0,"rotation":0,"texture":"#2"},"north":{"uv":[14.0,10.0,14.5,10.5],"tintindex":0,"rotation":0,"texture":"#2"},"west":{"uv":[10.0,14.0,10.5,14.5],"tintindex":0,"rotation":0,"texture":"#2"},"up":{"uv":[14.5,11.5,14.0,11.0],"tintindex":0,"rotation":270,"texture":"#2"},"down":{"uv":[14.5,11.5,14.0,12.0],"tintindex":0,"rotation":90,"texture":"#2"}},"rotation":{"origin":[8.45922,18.716204,8.000364],"angle":-45.0,"axis":"x"}},{"from":[8.811812,20.599806,8.097061],"to":[9.261812,21.499805,8.547061],"faces":{"east":{"uv":[0.0,4.0,2.0,5.0],"tintindex":0,"rotation":270,"texture":"#0"},"south":{"uv":[6.0,4.0,5.0,2.0],"tintindex":0,"rotation":0,"texture":"#0"},"north":{"uv":[6.0,5.0,5.0,7.0],"tintindex":0,"rotation":180,"texture":"#0"},"west":{"uv":[5.0,0.0,7.0,1.0],"tintindex":0,"rotation":90,"texture":"#0"},"up":{"uv":[10.0,8.0,11.0,9.0],"tintindex":0,"rotation":180,"texture":"#0"},"down":{"uv":[10.0,10.0,11.0,11.0],"tintindex":0,"rotation":0,"texture":"#0"}}},{"from":[8.343069,19.111095,3.1858563],"to":[8.560868,20.003897,4.528656],"faces":{"east":{"uv":[9.0,8.0,10.5,9.0],"tintindex":0,"rotation":0,"texture":"#2"},"south":{"uv":[13.5,10.5,14.0,11.5],"tintindex":0,"rotation":0,"texture":"#2"},"north":{"uv":[13.5,9.5,14.0,10.5],"tintindex":0,"rotation":0,"texture":"#2"},"west":{"uv":[8.5,5.5,10.0,6.5],"tintindex":0,"rotation":0,"texture":"#2"},"up":{"uv":[14.0,1.0,12.5,0.5],"tintindex":0,"rotation":270,"texture":"#2"},"down":{"uv":[14.0,1.0,12.5,1.5],"tintindex":0,"rotation":90,"texture":"#2"}},"rotation":{"origin":[8.443503,18.716204,8.000364],"angle":45.0,"axis":"x"}},{"from":[8.181812,15.154806,8.087416],"to":[8.721812,15.694806,8.627417],"faces":{"east":{"uv":[7.0,15.0,7.5,15.5],"tintindex":0,"rotation":0,"texture":"#2"},"south":{"uv":[15.0,7.0,15.5,7.5],"tintindex":0,"rotation":0,"texture":"#2"},"north":{"uv":[15.0,6.5,15.5,7.0],"tintindex":0,"rotation":0,"texture":"#2"},"west":{"uv":[6.5,15.0,7.0,15.5],"tintindex":0,"rotation":0,"texture":"#2"},"up":{"uv":[8.0,15.5,7.5,15.0],"tintindex":0,"rotation":270,"texture":"#2"},"down":{"uv":[15.5,7.5,15.0,8.0],"tintindex":0,"rotation":90,"texture":"#2"}}},{"from":[7.7768126,20.149807,7.872061],"to":[8.226812,21.949806,8.772061],"faces":{"east":{"uv":[6.5,5.0,7.5,7.0],"tintindex":0,"rotation":0,"texture":"#2"},"south":{"uv":[10.5,7.5,11.0,9.5],"tintindex":0,"rotation":0,"texture":"#2"},"north":{"uv":[10.5,2.0,11.0,4.0],"tintindex":0,"rotation":0,"texture":"#2"},"west":{"uv":[6.5,3.0,7.5,5.0],"tintindex":0,"rotation":0,"texture":"#2"},"up":{"uv":[14.5,7.5,13.5,7.0],"tintindex":0,"rotation":270,"texture":"#2"},"down":{"uv":[8.5,13.5,7.5,14.0],"tintindex":0,"rotation":90,"texture":"#2"}}},{"from":[7.778162,20.008928,10.384434],"to":[8.225462,20.45623,10.831734],"faces":{"east":{"uv":[14.5,12.5,15.0,13.0],"tintindex":0,"rotation":0,"texture":"#2"},"south":{"uv":[13.0,14.5,13.5,15.0],"tintindex":0,"rotation":0,"texture":"#2"},"north":{"uv":[12.5,14.5,13.0,15.0],"tintindex":0,"rotation":0,"texture":"#2"},"west":{"uv":[14.5,12.0,15.0,12.5],"tintindex":0,"rotation":0,"texture":"#2"},"up":{"uv":[15.0,13.5,14.5,13.0],"tintindex":0,"rotation":270,"texture":"#2"},"down":{"uv":[14.0,14.5,13.5,15.0],"tintindex":0,"rotation":90,"texture":"#2"}},"rotation":{"origin":[8.45922,18.716204,8.000364],"angle":-45.0,"axis":"x"}},{"from":[8.678163,19.64054,6.44728],"to":[9.125462,20.087841,6.89458],"faces":{"east":{"uv":[4.0,15.0,4.5,15.5],"tintindex":0,"rotation":0,"texture":"#2"},"south":{"uv":[15.0,4.0,15.5,4.5],"tintindex":0,"rotation":0,"texture":"#2"},"north":{"uv":[15.0,3.5,15.5,4.0],"tintindex":0,"rotation":0,"texture":"#2"},"west":{"uv":[3.5,15.0,4.0,15.5],"tintindex":0,"rotation":0,"texture":"#2"},"up":{"uv":[5.0,15.5,4.5,15.0],"tintindex":0,"rotation":270,"texture":"#2"},"down":{"uv":[15.5,4.5,15.0,5.0],"tintindex":0,"rotation":90,"texture":"#2"}},"rotation":{"origin":[8.45922,18.716204,8.000364],"angle":45.0,"axis":"x"}},{"from":[8.226812,6.579112,-2.73178],"to":[8.676812,7.9291124,-2.2817793],"faces":{"east":{"uv":[4.0,12.0,4.5,13.5],"tintindex":0,"rotation":0,"texture":"#2"},"south":{"uv":[4.5,12.0,5.0,13.5],"tintindex":0,"rotation":0,"texture":"#2"},"north":{"uv":[3.5,12.0,4.0,13.5],"tintindex":0,"rotation":0,"texture":"#2"},"west":{"uv":[3.0,12.0,3.5,13.5],"tintindex":0,"rotation":0,"texture":"#2"},"up":{"uv":[14.5,12.5,14.0,12.0],"tintindex":0,"rotation":270,"texture":"#2"},"down":{"uv":[14.5,13.0,14.0,13.5],"tintindex":0,"rotation":90,"texture":"#2"}},"rotation":{"origin":[8.45922,18.716204,8.000364],"angle":-45.0,"axis":"x"}},{"from":[8.341719,20.850073,4.044387],"to":[8.562219,22.195572,5.389887],"faces":{"east":{"uv":[2.0,6.0,3.5,7.5],"tintindex":0,"rotation":0,"texture":"#2"},"south":{"uv":[2.5,12.5,3.0,14.0],"tintindex":0,"rotation":0,"texture":"#2"},"north":{"uv":[2.0,12.5,2.5,14.0],"tintindex":0,"rotation":0,"texture":"#2"},"west":{"uv":[6.0,0.0,7.5,1.5],"tintindex":0,"rotation":0,"texture":"#2"},"up":{"uv":[14.0,2.0,12.5,1.5],"tintindex":0,"rotation":270,"texture":"#2"},"down":{"uv":[14.0,4.0,12.5,4.5],"tintindex":0,"rotation":90,"texture":"#2"}},"rotation":{"origin":[8.443503,18.716204,8.000364],"angle":22.5,"axis":"x"}},{"from":[8.342073,20.864122,8.3072605],"to":[8.562573,21.759623,9.65276],"faces":{"east":{"uv":[10.0,1.0,11.5,2.0],"tintindex":0,"rotation":0,"texture":"#2"},"south":{"uv":[6.5,14.0,7.0,15.0],"tintindex":0,"rotation":0,"texture":"#2"},"north":{"uv":[14.0,6.0,14.5,7.0],"tintindex":0,"rotation":0,"texture":"#2"},"west":{"uv":[9.5,6.5,11.0,7.5],"tintindex":0,"rotation":0,"texture":"#2"},"up":{"uv":[15.0,5.0,13.5,4.5],"tintindex":0,"rotation":270,"texture":"#2"},"down":{"uv":[15.0,5.0,13.5,5.5],"tintindex":0,"rotation":90,"texture":"#2"}},"rotation":{"origin":[8.443859,18.716204,8.000364],"angle":45.0,"axis":"x"}},{"from":[8.812712,20.298836,10.037943],"to":[9.260912,20.615234,10.3543415],"faces":{"east":{"uv":[11.0,4.0,12.0,5.0],"tintindex":0,"rotation":270,"texture":"#0"},"south":{"uv":[13.0,1.0,12.0,0.0],"tintindex":0,"rotation":0,"texture":"#0"},"north":{"uv":[3.0,12.0,2.0,13.0],"tintindex":0,"rotation":180,"texture":"#0"},"west":{"uv":[0.0,12.0,1.0,13.0],"tintindex":0,"rotation":90,"texture":"#0"},"up":{"uv":[11.0,2.0,12.0,3.0],"tintindex":0,"rotation":180,"texture":"#0"},"down":{"uv":[11.0,6.0,12.0,7.0],"tintindex":0,"rotation":0,"texture":"#0"}},"rotation":{"origin":[8.45922,18.716204,8.000364],"angle":-45.0,"axis":"x"}},{"from":[8.339468,17.501118,5.9685287],"to":[8.564468,19.751118,6.4185286],"faces":{"east":{"uv":[9.5,10.0,10.0,12.5],"tintindex":0,"rotation":0,"texture":"#2"},"south":{"uv":[10.0,10.0,10.5,12.5],"tintindex":0,"rotation":0,"texture":"#2"},"north":{"uv":[9.0,10.0,9.5,12.5],"tintindex":0,"rotation":0,"texture":"#2"},"west":{"uv":[10.0,2.0,10.5,4.5],"tintindex":0,"rotation":0,"texture":"#2"},"up":{"uv":[16.0,3.0,15.5,2.5],"tintindex":0,"rotation":270,"texture":"#2"},"down":{"uv":[3.5,15.5,3.0,16.0],"tintindex":0,"rotation":90,"texture":"#2"}}},{"from":[8.339468,20.149807,5.770133],"to":[8.564468,21.949806,8.020133],"faces":{"east":{"uv":[2.0,2.0,4.0,4.0],"tintindex":0,"rotation":0,"texture":"#2"},"south":{"uv":[6.0,11.5,6.5,13.5],"tintindex":0,"rotation":0,"texture":"#2"},"north":{"uv":[5.5,11.5,6.0,13.5],"tintindex":0,"rotation":0,"texture":"#2"},"west":{"uv":[2.0,0.0,4.0,2.0],"tintindex":0,"rotation":0,"texture":"#2"},"up":{"uv":[13.5,3.0,11.5,2.5],"tintindex":0,"rotation":270,"texture":"#2"},"down":{"uv":[13.5,3.0,11.5,3.5],"tintindex":0,"rotation":90,"texture":"#2"}}},{"from":[8.339824,20.411873,9.20501],"to":[8.564823,20.861874,9.65501],"faces":{"east":{"uv":[15.5,10.5,16.0,11.0],"tintindex":0,"rotation":0,"texture":"#2"},"south":{"uv":[11.0,15.5,11.5,16.0],"tintindex":0,"rotation":0,"texture":"#2"},"north":{"uv":[10.5,15.5,11.0,16.0],"tintindex":0,"rotation":0,"texture":"#2"},"west":{"uv":[15.5,10.0,16.0,10.5],"tintindex":0,"rotation":0,"texture":"#2"},"up":{"uv":[16.0,11.5,15.5,11.0],"tintindex":0,"rotation":270,"texture":"#2"},"down":{"uv":[12.0,15.5,11.5,16.0],"tintindex":0,"rotation":90,"texture":"#2"}},"rotation":{"origin":[8.443859,18.716204,8.000364],"angle":45.0,"axis":"x"}},{"from":[8.226812,19.204807,8.132417],"to":[8.676812,22.804806,8.582417],"faces":{"east":{"uv":[6.0,8.0,6.5,11.5],"tintindex":0,"rotation":0,"texture":"#2"},"south":{"uv":[7.5,8.0,8.0,11.5],"tintindex":0,"rotation":0,"texture":"#2"},"north":{"uv":[5.5,8.0,6.0,11.5],"tintindex":0,"rotation":0,"texture":"#2"},"west":{"uv":[5.0,6.0,5.5,9.5],"tintindex":0,"rotation":0,"texture":"#2"},"up":{"uv":[10.0,15.5,9.5,15.0],"tintindex":0,"rotation":270,"texture":"#2"},"down":{"uv":[15.5,9.5,15.0,10.0],"tintindex":0,"rotation":90,"texture":"#2"}}},{"from":[7.71101,19.207506,7.9735236],"to":[8.155611,22.802107,8.418123],"faces":{"east":{"uv":[8.5,8.0,9.0,11.5],"tintindex":0,"rotation":0,"texture":"#2"},"south":{"uv":[9.0,2.0,9.5,5.5],"tintindex":0,"rotation":0,"texture":"#2"},"north":{"uv":[4.5,8.5,5.0,12.0],"tintindex":0,"rotation":0,"texture":"#2"},"west":{"uv":[4.0,8.5,4.5,12.0],"tintindex":0,"rotation":0,"texture":"#2"},"up":{"uv":[12.5,15.5,12.0,15.0],"tintindex":0,"rotation":270,"texture":"#2"},"down":{"uv":[15.5,12.0,15.0,12.5],"tintindex":0,"rotation":90,"texture":"#2"}},"rotation":{"origin":[8.45922,18.716204,8.711258],"angle":-45.0,"axis":"y"}},{"from":[8.136812,15.939558,5.6786666],"to":[8.766812,17.019558,6.7586665],"faces":{"east":{"uv":[10.0,5.5,11.0,6.5],"tintindex":0,"rotation":0,"texture":"#2"},"south":{"uv":[13.5,6.0,14.0,7.0],"tintindex":0,"rotation":0,"texture":"#2"},"north":{"uv":[8.0,2.0,8.5,3.0],"tintindex":0,"rotation":0,"texture":"#2"},"west":{"uv":[10.0,4.5,11.0,5.5],"tintindex":0,"rotation":0,"texture":"#2"},"up":{"uv":[9.5,7.0,8.5,6.5],"tintindex":0,"rotation":270,"texture":"#2"},"down":{"uv":[10.5,7.5,9.5,8.0],"tintindex":0,"rotation":90,"texture":"#2"}},"rotation":{"origin":[8.45922,18.716204,8.000364],"angle":-45.0,"axis":"x"}},{"from":[7.642712,20.298836,10.037943],"to":[8.090912,20.615234,10.3543415],"faces":{"east":{"uv":[7.0,4.0,8.0,5.0],"tintindex":0,"rotation":270,"texture":"#0"},"south":{"uv":[9.0,1.0,8.0,0.0],"tintindex":0,"rotation":0,"texture":"#0"},"north":{"uv":[3.0,8.0,2.0,9.0],"tintindex":0,"rotation":180,"texture":"#0"},"west":{"uv":[0.0,8.0,1.0,9.0],"tintindex":0,"rotation":90,"texture":"#0"},"up":{"uv":[7.0,2.0,8.0,3.0],"tintindex":0,"rotation":180,"texture":"#0"},"down":{"uv":[7.0,6.0,8.0,7.0],"tintindex":0,"rotation":0,"texture":"#0"}},"rotation":{"origin":[8.45922,18.716204,8.000364],"angle":-45.0,"axis":"x"}},{"from":[8.339824,20.149807,8.623989],"to":[8.564823,21.949806,10.423989],"faces":{"east":{"uv":[2.0,4.0,4.0,6.0],"tintindex":0,"rotation":0,"texture":"#2"},"south":{"uv":[7.5,11.5,8.0,13.5],"tintindex":0,"rotation":0,"texture":"#2"},"north":{"uv":[11.5,6.5,12.0,8.5],"tintindex":0,"rotation":0,"texture":"#2"},"west":{"uv":[4.0,0.0,6.0,2.0],"tintindex":0,"rotation":0,"texture":"#2"},"up":{"uv":[13.5,4.0,11.5,3.5],"tintindex":0,"rotation":270,"texture":"#2"},"down":{"uv":[13.5,8.5,11.5,9.0],"tintindex":0,"rotation":90,"texture":"#2"}}},{"from":[8.340274,21.710072,9.35091],"to":[8.564373,22.159172,9.57501],"faces":{"east":{"uv":[15.5,4.5,16.0,5.0],"tintindex":0,"rotation":0,"texture":"#2"},"south":{"uv":[5.0,15.5,5.5,16.0],"tintindex":0,"rotation":0,"texture":"#2"},"north":{"uv":[4.5,15.5,5.0,16.0],"tintindex":0,"rotation":0,"texture":"#2"},"west":{"uv":[15.5,4.0,16.0,4.5],"tintindex":0,"rotation":0,"texture":"#2"},"up":{"uv":[16.0,5.5,15.5,5.0],"tintindex":0,"rotation":270,"texture":"#2"},"down":{"uv":[6.0,15.5,5.5,16.0],"tintindex":0,"rotation":90,"texture":"#2"}},"rotation":{"origin":[8.443859,18.716204,8.000364],"angle":45.0,"axis":"x"}},{"from":[8.340818,18.200304,5.625296],"to":[8.563118,19.547604,6.0725965],"faces":{"east":{"uv":[3.5,13.5,4.0,15.0],"tintindex":0,"rotation":0,"texture":"#2"},"south":{"uv":[4.0,13.5,4.5,15.0],"tintindex":0,"rotation":0,"texture":"#2"},"north":{"uv":[3.0,13.5,3.5,15.0],"tintindex":0,"rotation":0,"texture":"#2"},"west":{"uv":[13.5,2.5,14.0,4.0],"tintindex":0,"rotation":0,"texture":"#2"},"up":{"uv":[16.0,2.5,15.5,2.0],"tintindex":0,"rotation":270,"texture":"#2"},"down":{"uv":[3.0,15.5,2.5,16.0],"tintindex":0,"rotation":90,"texture":"#2"}},"rotation":{"origin":[8.443503,18.716204,8.000364],"angle":-22.5,"axis":"x"}},{"from":[8.226812,6.579112,-3.6317797],"to":[8.676812,7.9291124,-3.1817799],"faces":{"east":{"uv":[6.5,12.0,7.0,13.5],"tintindex":0,"rotation":0,"texture":"#2"},"south":{"uv":[7.0,12.0,7.5,13.5],"tintindex":0,"rotation":0,"texture":"#2"},"north":{"uv":[12.0,6.0,12.5,7.5],"tintindex":0,"rotation":0,"texture":"#2"},"west":{"uv":[12.0,4.5,12.5,6.0],"tintindex":0,"rotation":0,"texture":"#2"},"up":{"uv":[14.5,14.0,14.0,13.5],"tintindex":0,"rotation":270,"texture":"#2"},"down":{"uv":[14.5,14.0,14.0,14.5],"tintindex":0,"rotation":90,"texture":"#2"}},"rotation":{"origin":[8.45922,18.716204,8.000364],"angle":-45.0,"axis":"x"}},{"from":[8.348824,20.668411,8.366545],"to":[8.555823,21.55041,10.148544],"faces":{"east":{"uv":[8.0,1.0,10.0,2.0],"tintindex":0,"rotation":0,"texture":"#2"},"south":{"uv":[7.5,14.0,8.0,15.0],"tintindex":0,"rotation":0,"texture":"#2"},"north":{"uv":[7.0,14.0,7.5,15.0],"tintindex":0,"rotation":0,"texture":"#2"},"west":{"uv":[7.5,7.0,9.5,8.0],"tintindex":0,"rotation":0,"texture":"#2"},"up":{"uv":[13.5,9.5,11.5,9.0],"tintindex":0,"rotation":270,"texture":"#2"},"down":{"uv":[13.5,9.5,11.5,10.0],"tintindex":0,"rotation":90,"texture":"#2"}},"rotation":{"origin":[8.443859,18.716204,8.000364],"angle":22.5,"axis":"x"}},{"from":[8.339824,20.037306,11.323989],"to":[8.564823,21.162306,11.548989],"faces":{"east":{"uv":[5.0,14.0,5.5,15.0],"tintindex":0,"rotation":0,"texture":"#2"},"south":{"uv":[6.0,14.0,6.5,15.0],"tintindex":0,"rotation":0,"texture":"#2"},"north":{"uv":[14.0,3.5,14.5,4.5],"tintindex":0,"rotation":0,"texture":"#2"},"west":{"uv":[2.5,14.0,3.0,15.0],"tintindex":0,"rotation":0,"texture":"#2"},"up":{"uv":[16.0,4.0,15.5,3.5],"tintindex":0,"rotation":270,"texture":"#2"},"down":{"uv":[4.5,15.5,4.0,16.0],"tintindex":0,"rotation":90,"texture":"#2"}}},{"from":[8.340274,17.937054,12.014727],"to":[8.564373,18.386154,12.238827],"faces":{"east":{"uv":[15.5,6.0,16.0,6.5],"tintindex":0,"rotation":0,"texture":"#2"},"south":{"uv":[6.5,15.5,7.0,16.0],"tintindex":0,"rotation":0,"texture":"#2"},"north":{"uv":[6.0,15.5,6.5,16.0],"tintindex":0,"rotation":0,"texture":"#2"},"west":{"uv":[15.5,5.5,16.0,6.0],"tintindex":0,"rotation":0,"texture":"#2"},"up":{"uv":[16.0,7.0,15.5,6.5],"tintindex":0,"rotation":270,"texture":"#2"},"down":{"uv":[7.5,15.5,7.0,16.0],"tintindex":0,"rotation":90,"texture":"#2"}},"rotation":{"origin":[8.443859,18.716204,8.000364],"angle":-45.0,"axis":"x"}},{"from":[8.226812,6.579112,-3.1817799],"to":[8.676812,7.029112,-2.73178],"faces":{"east":{"uv":[14.5,4.0,15.0,4.5],"tintindex":0,"rotation":0,"texture":"#2"},"south":{"uv":[14.5,6.0,15.0,6.5],"tintindex":0,"rotation":0,"texture":"#2"},"north":{"uv":[14.5,3.5,15.0,4.0],"tintindex":0,"rotation":0,"texture":"#2"},"west":{"uv":[1.5,14.5,2.0,15.0],"tintindex":0,"rotation":0,"texture":"#2"},"up":{"uv":[15.0,7.0,14.5,6.5],"tintindex":0,"rotation":270,"texture":"#2"},"down":{"uv":[15.0,7.0,14.5,7.5],"tintindex":0,"rotation":90,"texture":"#2"}},"rotation":{"origin":[8.45922,18.716204,8.000364],"angle":-45.0,"axis":"x"}},{"from":[8.129404,10.730192,0.5193],"to":[8.759405,11.360191,1.1492996],"faces":{"east":{"uv":[9.0,14.0,9.5,14.5],"tintindex":0,"rotation":0,"texture":"#2"},"south":{"uv":[14.0,9.0,14.5,9.5],"tintindex":0,"rotation":0,"texture":"#2"},"north":{"uv":[14.0,8.5,14.5,9.0],"tintindex":0,"rotation":0,"texture":"#2"},"west":{"uv":[8.0,14.0,8.5,14.5],"tintindex":0,"rotation":0,"texture":"#2"},"up":{"uv":[10.0,14.5,9.5,14.0],"tintindex":0,"rotation":270,"texture":"#2"},"down":{"uv":[14.5,9.5,14.0,10.0],"tintindex":0,"rotation":90,"texture":"#2"}},"rotation":{"origin":[8.451813,18.716204,8.000364],"angle":-45.0,"axis":"x"}},{"from":[8.343968,21.05094,4.240294],"to":[8.559969,21.15444,5.581294],"faces":{"east":{"uv":[12.0,7.5,13.5,8.0],"tintindex":0,"rotation":0,"texture":"#2"},"south":{"uv":[15.0,12.5,15.5,13.0],"tintindex":0,"rotation":0,"texture":"#2"},"north":{"uv":[12.5,15.0,13.0,15.5],"tintindex":0,"rotation":0,"texture":"#2"},"west":{"uv":[12.0,2.0,13.5,2.5],"tintindex":0,"rotation":0,"texture":"#2"},"up":{"uv":[13.5,8.5,12.0,8.0],"tintindex":0,"rotation":270,"texture":"#2"},"down":{"uv":[13.5,10.0,12.0,10.5],"tintindex":0,"rotation":90,"texture":"#2"}},"rotation":{"origin":[8.443503,18.716204,8.000364],"angle":22.5,"axis":"x"}},{"from":[8.337668,19.248005,4.868333],"to":[8.566269,22.401606,5.7719326],"faces":{"east":{"uv":[5.5,5.0,6.5,8.0],"tintindex":0,"rotation":0,"texture":"#2"},"south":{"uv":[5.0,9.5,5.5,12.5],"tintindex":0,"rotation":0,"texture":"#2"},"north":{"uv":[2.5,9.5,3.0,12.5],"tintindex":0,"rotation":0,"texture":"#2"},"west":{"uv":[5.5,2.0,6.5,5.0],"tintindex":0,"rotation":0,"texture":"#2"},"up":{"uv":[14.5,13.0,13.5,12.5],"tintindex":0,"rotation":270,"texture":"#2"},"down":{"uv":[15.0,1.5,14.0,2.0],"tintindex":0,"rotation":90,"texture":"#2"}}},{"from":[8.339918,19.586926,5.9260716],"to":[8.564018,21.386024,6.3751717],"faces":{"east":{"uv":[11.0,8.5,11.5,10.5],"tintindex":0,"rotation":0,"texture":"#2"},"south":{"uv":[11.0,10.5,11.5,12.5],"tintindex":0,"rotation":0,"texture":"#2"},"north":{"uv":[11.0,6.5,11.5,8.5],"tintindex":0,"rotation":0,"texture":"#2"},"west":{"uv":[11.0,4.5,11.5,6.5],"tintindex":0,"rotation":0,"texture":"#2"},"up":{"uv":[16.0,1.0,15.5,0.5],"tintindex":0,"rotation":270,"texture":"#2"},"down":{"uv":[1.5,15.5,1.0,16.0],"tintindex":0,"rotation":90,"texture":"#2"}},"rotation":{"origin":[8.443503,18.716204,8.000364],"angle":-45.0,"axis":"x"}},{"from":[8.343968,22.600399,9.839819],"to":[8.559969,23.9414,10.280819],"faces":{"east":{"uv":[12.5,6.0,13.0,7.5],"tintindex":0,"rotation":0,"texture":"#2"},"south":{"uv":[9.0,12.5,9.5,14.0],"tintindex":0,"rotation":0,"texture":"#2"},"north":{"uv":[5.0,12.5,5.5,14.0],"tintindex":0,"rotation":0,"texture":"#2"},"west":{"uv":[12.5,4.5,13.0,6.0],"tintindex":0,"rotation":0,"texture":"#2"},"up":{"uv":[14.5,15.5,14.0,15.0],"tintindex":0,"rotation":270,"texture":"#2"},"down":{"uv":[15.5,14.0,15.0,14.5],"tintindex":0,"rotation":90,"texture":"#2"}},"rotation":{"origin":[8.443503,18.716204,8.000364],"angle":-45.0,"axis":"x"}},{"from":[8.241905,3.522307,8.154917],"to":[8.646904,17.877308,8.559916],"faces":{"east":{"uv":[1.0,0.0,1.5,14.5],"tintindex":0,"rotation":0,"texture":"#2"},"south":{"uv":[1.5,0.0,2.0,14.5],"tintindex":0,"rotation":0,"texture":"#2"},"north":{"uv":[0.5,0.0,1.0,14.5],"tintindex":0,"rotation":0,"texture":"#2"},"west":{"uv":[0.0,0.0,0.5,14.5],"tintindex":0,"rotation":0,"texture":"#2"},"up":{"uv":[6.5,2.0,6.0,1.5],"tintindex":0,"rotation":270,"texture":"#2"},"down":{"uv":[8.0,1.0,7.5,1.5],"tintindex":0,"rotation":90,"texture":"#2"}}},{"from":[8.329023,20.81357,10.945267],"to":[8.569998,21.48767,11.619366],"faces":{"east":{"uv":[15.5,7.5,16.0,8.0],"tintindex":0,"rotation":0,"texture":"#2"},"south":{"uv":[8.0,15.5,8.5,16.0],"tintindex":0,"rotation":0,"texture":"#2"},"north":{"uv":[7.5,15.5,8.0,16.0],"tintindex":0,"rotation":0,"texture":"#2"},"west":{"uv":[15.5,7.0,16.0,7.5],"tintindex":0,"rotation":0,"texture":"#2"},"up":{"uv":[16.0,8.5,15.5,8.0],"tintindex":0,"rotation":270,"texture":"#2"},"down":{"uv":[9.0,15.5,8.5,16.0],"tintindex":0,"rotation":90,"texture":"#2"}},"rotation":{"origin":[8.443859,18.716204,8.000364],"angle":-22.5,"axis":"x"}}],"display":{"gui":{"rotation":[30,225,0]}}}