{"textures":{"0":"modelengine:entity/dreadhammer_guardian"},"elements":[{"from":[4.25,0.0,-12.875],"to":[11.75,1.25,-5.375],"faces":{"east":{"uv":[14.125,0.375,16.0,0.6875],"tintindex":0,"rotation":0,"texture":"#0"},"south":{"uv":[14.125,1.125,16.0,1.4375],"tintindex":0,"rotation":0,"texture":"#0"},"north":{"uv":[14.125,0.75,16.0,1.0625],"tintindex":0,"rotation":0,"texture":"#0"},"west":{"uv":[14.125,0.0,16.0,0.3125],"tintindex":0,"rotation":0,"texture":"#0"},"up":{"uv":[14.125,3.375,16.0,5.25],"tintindex":0,"rotation":0,"texture":"#0"},"down":{"uv":[14.125,1.5,16.0,3.375],"tintindex":0,"rotation":0,"texture":"#0"}}},{"from":[6.75,6.75,-6.625],"to":[9.25,9.25,-5.625],"faces":{"east":{"uv":[7.25,0.75,7.5,1.375],"tintindex":0,"rotation":0,"texture":"#0"},"south":{"uv":[7.25,10.1875,7.875,10.8125],"tintindex":0,"rotation":0,"texture":"#0"},"north":{"uv":[10.1875,0.5,10.8125,1.125],"tintindex":0,"rotation":0,"texture":"#0"},"west":{"uv":[3.5625,8.25,3.8125,8.875],"tintindex":0,"rotation":0,"texture":"#0"},"up":{"uv":[6.25,2.5625,5.625,2.3125],"tintindex":0,"rotation":0,"texture":"#0"},"down":{"uv":[6.875,3.25,6.25,3.5],"tintindex":0,"rotation":0,"texture":"#0"}},"rotation":{"origin":[8.0,8.0,-6.125],"angle":-45.0,"axis":"z"}},{"from":[7.25,7.25,-5.625],"to":[8.75,8.75,-4.125],"faces":{"east":{"uv":[4.375,5.5,4.75,5.875],"tintindex":0,"rotation":0,"texture":"#0"},"south":{"uv":[4.0,6.5,4.375,6.875],"tintindex":0,"rotation":0,"texture":"#0"},"north":{"uv":[4.125,2.625,4.5,3.0],"tintindex":0,"rotation":0,"texture":"#0"},"west":{"uv":[2.0,6.8125,2.375,7.1875],"tintindex":0,"rotation":0,"texture":"#0"},"up":{"uv":[1.5,8.75,1.125,8.375],"tintindex":0,"rotation":0,"texture":"#0"},"down":{"uv":[6.4375,9.125,6.0625,9.5],"tintindex":0,"rotation":0,"texture":"#0"}},"rotation":{"origin":[8.0,8.0,-6.125],"angle":-45.0,"axis":"z"}},{"from":[4.75,0.5,-12.375],"to":[11.25,4.5,-5.875],"faces":{"east":{"uv":[0.0,4.5625,1.625,5.5625],"tintindex":0,"rotation":0,"texture":"#0"},"south":{"uv":[0.0,4.5625,1.625,5.5625],"tintindex":0,"rotation":0,"texture":"#0"},"north":{"uv":[0.0,4.5625,1.625,5.5625],"tintindex":0,"rotation":0,"texture":"#0"},"west":{"uv":[0.0,4.5625,1.625,5.5625],"tintindex":0,"rotation":0,"texture":"#0"},"up":{"uv":[1.625,1.625,0.0,0.0],"tintindex":0,"rotation":0,"texture":"#0"},"down":{"uv":[1.625,1.625,0.0,3.25],"tintindex":0,"rotation":0,"texture":"#0"}}},{"from":[7.25,7.25,11.625],"to":[8.75,8.75,13.125],"faces":{"east":{"uv":[0.75,11.3125,1.125,11.6875],"tintindex":0,"rotation":0,"texture":"#0"},"south":{"uv":[1.125,10.9375,1.5,11.3125],"tintindex":0,"rotation":0,"texture":"#0"},"north":{"uv":[1.125,11.3125,1.5,11.6875],"tintindex":0,"rotation":0,"texture":"#0"},"west":{"uv":[0.75,10.9375,1.125,11.3125],"tintindex":0,"rotation":0,"texture":"#0"},"up":{"uv":[1.125,11.6875,1.5,12.0625],"tintindex":0,"rotation":0,"texture":"#0"},"down":{"uv":[0.75,11.6875,1.125,12.0625],"tintindex":0,"rotation":0,"texture":"#0"}},"rotation":{"origin":[8.0,8.0,12.375],"angle":-45.0,"axis":"x"}},{"from":[5.5,4.5,-11.625],"to":[10.5,8.5,-6.625],"faces":{"east":{"uv":[0.0,5.5625,1.25,6.5625],"tintindex":0,"rotation":0,"texture":"#0"},"south":{"uv":[0.0,5.5625,1.25,6.5625],"tintindex":0,"rotation":0,"texture":"#0"},"north":{"uv":[0.0,5.5625,1.25,6.5625],"tintindex":0,"rotation":0,"texture":"#0"},"west":{"uv":[0.0,5.5625,1.25,6.5625],"tintindex":0,"rotation":0,"texture":"#0"},"up":{"uv":[6.0,4.875,4.75,3.625],"tintindex":0,"rotation":0,"texture":"#0"},"down":{"uv":[6.125,0.0,4.875,1.25],"tintindex":0,"rotation":0,"texture":"#0"}}},{"from":[7.5,7.5,-4.125],"to":[8.5,8.5,11.875],"faces":{"east":{"uv":[6.875,4.75,10.875,5.0],"tintindex":0,"rotation":0,"texture":"#0"},"south":{"uv":[6.125,1.0625,6.375,1.3125],"tintindex":0,"rotation":0,"texture":"#0"},"north":{"uv":[1.25,5.5625,1.5,5.8125],"tintindex":0,"rotation":0,"texture":"#0"},"west":{"uv":[6.5,6.875,10.5,7.125],"tintindex":0,"rotation":0,"texture":"#0"},"up":{"uv":[1.75,10.8125,1.5,6.8125],"tintindex":0,"rotation":0,"texture":"#0"},"down":{"uv":[2.0,6.8125,1.75,10.8125],"tintindex":0,"rotation":0,"texture":"#0"}}},{"from":[5.0,8.5,-12.125],"to":[11.0,11.5,-6.125],"faces":{"east":{"uv":[0.0,6.8125,1.5,7.5625],"tintindex":0,"rotation":0,"texture":"#0"},"south":{"uv":[0.0,6.8125,1.5,7.5625],"tintindex":0,"rotation":0,"texture":"#0"},"north":{"uv":[0.0,6.8125,1.5,7.5625],"tintindex":0,"rotation":0,"texture":"#0"},"west":{"uv":[0.0,6.8125,1.5,7.5625],"tintindex":0,"rotation":0,"texture":"#0"},"up":{"uv":[3.125,4.5,1.625,3.0],"tintindex":0,"rotation":0,"texture":"#0"},"down":{"uv":[4.625,3.0,3.125,4.5],"tintindex":0,"rotation":0,"texture":"#0"}}}],"display":{"gui":{"rotation":[30,225,0]}}}