{"textures":{"0":"modelengine:entity/dreadhammer_guardian"},"elements":[{"from":[1.5,11.25,1.5],"to":[14.5,24.25,14.5],"faces":{"east":{"uv":[8.5625,2.0,9.375,2.8125],"tintindex":0,"rotation":0,"texture":"#0"},"south":{"uv":[6.4375,8.75,7.25,9.5625],"tintindex":0,"rotation":0,"texture":"#0"},"north":{"uv":[8.375,3.125,9.1875,3.9375],"tintindex":0,"rotation":0,"texture":"#0"},"west":{"uv":[8.8125,5.0,9.625,5.8125],"tintindex":0,"rotation":0,"texture":"#0"},"up":{"uv":[9.625,6.625,8.8125,5.8125],"tintindex":0,"rotation":0,"texture":"#0"},"down":{"uv":[4.375,8.875,3.5625,9.6875],"tintindex":0,"rotation":0,"texture":"#0"}}},{"from":[6.5,13.25,-1.5],"to":[9.5,20.25,1.5],"faces":{"east":{"uv":[3.25,9.9375,3.4375,10.375],"tintindex":0,"rotation":0,"texture":"#0"},"south":{"uv":[9.9375,7.6875,10.125,8.125],"tintindex":0,"rotation":0,"texture":"#0"},"north":{"uv":[8.75,9.5,8.9375,9.9375],"tintindex":0,"rotation":0,"texture":"#0"},"west":{"uv":[1.3125,10.0,1.5,10.4375],"tintindex":0,"rotation":0,"texture":"#0"},"up":{"uv":[0.5625,6.75,0.375,6.5625],"tintindex":0,"rotation":0,"texture":"#0"},"down":{"uv":[0.75,6.5625,0.5625,6.75],"tintindex":0,"rotation":0,"texture":"#0"}},"rotation":{"origin":[9.5,13.25,1.5],"angle":22.5,"axis":"x"}},{"from":[-0.5,13.25,8.0],"to":[16.5,26.25,8.0],"faces":{"east":{"uv":[15.9375,15.9375,16.0,16.0],"tintindex":0,"rotation":0,"texture":"#0"},"south":{"uv":[0.0,7.5625,1.0625,8.375],"tintindex":0,"rotation":0,"texture":"#0"},"north":{"uv":[1.0625,7.5625,0.0,8.375],"tintindex":0,"rotation":0,"texture":"#0"},"west":{"uv":[15.9375,15.9375,16.0,16.0],"tintindex":0,"rotation":0,"texture":"#0"},"up":{"uv":[15.9375,15.9375,16.0,16.0],"tintindex":0,"rotation":0,"texture":"#0"},"down":{"uv":[15.9375,15.9375,16.0,16.0],"tintindex":0,"rotation":0,"texture":"#0"}}},{"from":[2.5,8.0,2.5],"to":[13.5,19.0,13.5],"faces":{"east":{"uv":[6.0625,9.5625,6.75,10.25],"tintindex":0,"rotation":0,"texture":"#0"},"south":{"uv":[9.625,5.0,10.3125,5.6875],"tintindex":0,"rotation":0,"texture":"#0"},"north":{"uv":[2.875,9.25,3.5625,9.9375],"tintindex":0,"rotation":0,"texture":"#0"},"west":{"uv":[9.625,5.6875,10.3125,6.375],"tintindex":0,"rotation":0,"texture":"#0"},"up":{"uv":[4.25,10.375,3.5625,9.6875],"tintindex":0,"rotation":0,"texture":"#0"},"down":{"uv":[10.375,9.375,9.6875,10.0625],"tintindex":0,"rotation":0,"texture":"#0"}}}],"display":{"gui":{"rotation":[30,225,0]}}}