{"textures":{"0":"modelengine:entity/dreadhammer_guardian"},"elements":[{"from":[2.5,-10.0,3.0],"to":[13.5,10.0,13.0],"faces":{"east":{"uv":[5.1875,7.875,5.8125,9.125],"tintindex":0,"rotation":0,"texture":"#0"},"south":{"uv":[3.875,7.625,4.5625,8.875],"tintindex":0,"rotation":0,"texture":"#0"},"north":{"uv":[7.625,0.75,8.3125,2.0],"tintindex":0,"rotation":0,"texture":"#0"},"west":{"uv":[5.8125,7.875,6.4375,9.125],"tintindex":0,"rotation":0,"texture":"#0"},"up":{"uv":[3.25,10.5625,2.5625,9.9375],"tintindex":0,"rotation":0,"texture":"#0"},"down":{"uv":[10.625,2.8125,9.9375,3.4375],"tintindex":0,"rotation":0,"texture":"#0"}}},{"from":[13.5,10.0,13.0],"to":[5.5,8.0,3.0],"faces":{"east":{"uv":[11.9375,10.0,12.5625,10.125],"tintindex":0,"rotation":0,"texture":"#0"},"south":{"uv":[11.9375,9.875,12.0,9.9375],"tintindex":0,"rotation":0,"texture":"#0"},"north":{"uv":[11.9375,9.875,12.0,9.9375],"tintindex":0,"rotation":0,"texture":"#0"},"west":{"uv":[11.9375,9.875,12.0,9.9375],"tintindex":0,"rotation":0,"texture":"#0"},"up":{"uv":[12.0625,9.3125,12.5625,9.9375],"tintindex":0,"rotation":0,"texture":"#0"},"down":{"uv":[11.9375,9.875,12.0,9.9375],"tintindex":0,"rotation":0,"texture":"#0"}}}],"display":{"gui":{"rotation":[30,225,0]}}}