{"textures":{"0":"modelengine:entity/dreadhammer_guardian"},"elements":[{"from":[4.0,-14.0,7.0],"to":[12.0,8.0,17.0],"faces":{"east":{"uv":[4.5625,7.625,5.1875,9.0],"tintindex":0,"rotation":0,"texture":"#0"},"south":{"uv":[8.4375,8.125,8.9375,9.5],"tintindex":0,"rotation":0,"texture":"#0"},"north":{"uv":[7.3125,7.875,7.8125,9.25],"tintindex":0,"rotation":0,"texture":"#0"},"west":{"uv":[7.8125,7.125,8.4375,8.5],"tintindex":0,"rotation":0,"texture":"#0"},"up":{"uv":[10.75,4.5625,10.25,3.9375],"tintindex":0,"rotation":0,"texture":"#0"},"down":{"uv":[6.25,10.25,5.75,10.875],"tintindex":0,"rotation":0,"texture":"#0"}}},{"from":[4.0,2.5,5.0],"to":[12.0,10.5,7.0],"faces":{"east":{"uv":[4.625,3.625,4.75,4.125],"tintindex":0,"rotation":0,"texture":"#0"},"south":{"uv":[3.75,10.375,4.25,10.875],"tintindex":0,"rotation":0,"texture":"#0"},"north":{"uv":[3.25,10.375,3.75,10.875],"tintindex":0,"rotation":0,"texture":"#0"},"west":{"uv":[7.5,0.75,7.625,1.25],"tintindex":0,"rotation":0,"texture":"#0"},"up":{"uv":[6.5,5.875,6.0,5.75],"tintindex":0,"rotation":0,"texture":"#0"},"down":{"uv":[6.75,3.5,6.25,3.625],"tintindex":0,"rotation":0,"texture":"#0"}},"rotation":{"origin":[8.0,6.5,6.0],"angle":45.0,"axis":"z"}},{"from":[1.0,2.0,6.0],"to":[7.0,15.0,18.0],"faces":{"east":{"uv":[9.1875,2.8125,9.9375,3.625],"tintindex":0,"rotation":0,"texture":"#0"},"south":{"uv":[6.25,10.25,6.625,11.0625],"tintindex":0,"rotation":0,"texture":"#0"},"north":{"uv":[1.0625,7.5625,1.4375,8.375],"tintindex":0,"rotation":0,"texture":"#0"},"west":{"uv":[9.375,2.0,10.125,2.8125],"tintindex":0,"rotation":0,"texture":"#0"},"up":{"uv":[7.875,5.75,7.5,5.0],"tintindex":0,"rotation":0,"texture":"#0"},"down":{"uv":[10.6875,5.5625,10.3125,6.3125],"tintindex":0,"rotation":0,"texture":"#0"}},"rotation":{"origin":[5.0,6.5,12.0],"angle":22.5,"axis":"z"}}],"display":{"gui":{"rotation":[30,225,0]}}}