{"textures":{"0":"modelengine:entity/dreadhammer_guardian"},"elements":[{"from":[-0.5,1.5,-1.5],"to":[13.5,6.5,11.5],"faces":{"east":{"uv":[7.625,2.0,8.4375,2.3125],"tintindex":0,"rotation":0,"texture":"#0"},"south":{"uv":[4.75,2.3125,5.625,2.625],"tintindex":0,"rotation":0,"texture":"#0"},"north":{"uv":[3.25,2.625,4.125,2.9375],"tintindex":0,"rotation":0,"texture":"#0"},"west":{"uv":[9.4375,4.3125,10.25,4.625],"tintindex":0,"rotation":0,"texture":"#0"},"up":{"uv":[8.8125,6.6875,7.9375,5.875],"tintindex":0,"rotation":0,"texture":"#0"},"down":{"uv":[2.875,8.25,2.0,9.0625],"tintindex":0,"rotation":0,"texture":"#0"}},"rotation":{"origin":[8.0,1.0,5.0],"angle":-22.5,"axis":"z"}},{"from":[3.0,-8.0,-0.5],"to":[13.0,8.0,10.5],"faces":{"east":{"uv":[2.875,8.25,3.5625,9.25],"tintindex":0,"rotation":0,"texture":"#0"},"south":{"uv":[0.875,9.0,1.5,10.0],"tintindex":0,"rotation":0,"texture":"#0"},"north":{"uv":[7.8125,8.5,8.4375,9.5],"tintindex":0,"rotation":0,"texture":"#0"},"west":{"uv":[8.4375,7.125,9.125,8.125],"tintindex":0,"rotation":0,"texture":"#0"},"up":{"uv":[3.125,6.5,2.5,5.8125],"tintindex":0,"rotation":0,"texture":"#0"},"down":{"uv":[5.75,9.875,5.125,10.5625],"tintindex":0,"rotation":0,"texture":"#0"}}}],"display":{"gui":{"rotation":[30,225,0]}}}