{"textures":{"0":"modelengine:entity/dreadhammer_guardian"},"elements":[{"from":[2.5,-10.0,3.0],"to":[13.5,10.0,13.0],"faces":{"east":{"uv":[6.4375,7.875,5.8125,9.125],"tintindex":0,"rotation":0,"texture":"#0"},"south":{"uv":[4.5625,7.625,3.875,8.875],"tintindex":0,"rotation":0,"texture":"#0"},"north":{"uv":[8.3125,0.75,7.625,2.0],"tintindex":0,"rotation":0,"texture":"#0"},"west":{"uv":[5.8125,7.875,5.1875,9.125],"tintindex":0,"rotation":0,"texture":"#0"},"up":{"uv":[2.5625,10.5625,3.25,9.9375],"tintindex":0,"rotation":0,"texture":"#0"},"down":{"uv":[9.9375,2.8125,10.625,3.4375],"tintindex":0,"rotation":0,"texture":"#0"}}},{"from":[10.5,10.0,13.0],"to":[2.5,8.0,3.0],"faces":{"east":{"uv":[12.0,9.875,11.9375,9.9375],"tintindex":0,"rotation":0,"texture":"#0"},"south":{"uv":[12.0,9.875,11.9375,9.9375],"tintindex":0,"rotation":0,"texture":"#0"},"north":{"uv":[12.0,9.875,11.9375,9.9375],"tintindex":0,"rotation":0,"texture":"#0"},"west":{"uv":[12.5625,10.0,11.9375,10.125],"tintindex":0,"rotation":0,"texture":"#0"},"up":{"uv":[12.5625,9.3125,12.0625,9.9375],"tintindex":0,"rotation":0,"texture":"#0"},"down":{"uv":[12.0,9.875,11.9375,9.9375],"tintindex":0,"rotation":0,"texture":"#0"}}}],"display":{"gui":{"rotation":[30,225,0]}}}