{"textures":{"0":"modelengine:entity/dreadhammer_guardian"},"elements":[{"from":[4.0,-14.0,7.0],"to":[12.0,8.0,17.0],"faces":{"east":{"uv":[8.4375,7.125,7.8125,8.5],"tintindex":0,"rotation":0,"texture":"#0"},"south":{"uv":[8.9375,8.125,8.4375,9.5],"tintindex":0,"rotation":0,"texture":"#0"},"north":{"uv":[7.8125,7.875,7.3125,9.25],"tintindex":0,"rotation":0,"texture":"#0"},"west":{"uv":[5.1875,7.625,4.5625,9.0],"tintindex":0,"rotation":0,"texture":"#0"},"up":{"uv":[10.25,4.5625,10.75,3.9375],"tintindex":0,"rotation":0,"texture":"#0"},"down":{"uv":[5.75,10.25,6.25,10.875],"tintindex":0,"rotation":0,"texture":"#0"}}},{"from":[4.0,2.5,5.0],"to":[12.0,10.5,7.0],"faces":{"east":{"uv":[7.625,0.75,7.5,1.25],"tintindex":0,"rotation":0,"texture":"#0"},"south":{"uv":[4.25,10.375,3.75,10.875],"tintindex":0,"rotation":0,"texture":"#0"},"north":{"uv":[3.75,10.375,3.25,10.875],"tintindex":0,"rotation":0,"texture":"#0"},"west":{"uv":[4.75,3.625,4.625,4.125],"tintindex":0,"rotation":0,"texture":"#0"},"up":{"uv":[6.0,5.875,6.5,5.75],"tintindex":0,"rotation":0,"texture":"#0"},"down":{"uv":[6.25,3.5,6.75,3.625],"tintindex":0,"rotation":0,"texture":"#0"}},"rotation":{"origin":[8.0,6.5,6.0],"angle":-45.0,"axis":"z"}},{"from":[9.0,2.0,6.0],"to":[15.0,15.0,18.0],"faces":{"east":{"uv":[10.125,2.0,9.375,2.8125],"tintindex":0,"rotation":0,"texture":"#0"},"south":{"uv":[6.625,10.25,6.25,11.0625],"tintindex":0,"rotation":0,"texture":"#0"},"north":{"uv":[1.4375,7.5625,1.0625,8.375],"tintindex":0,"rotation":0,"texture":"#0"},"west":{"uv":[9.9375,2.8125,9.1875,3.625],"tintindex":0,"rotation":0,"texture":"#0"},"up":{"uv":[7.5,5.75,7.875,5.0],"tintindex":0,"rotation":0,"texture":"#0"},"down":{"uv":[10.3125,5.5625,10.6875,6.3125],"tintindex":0,"rotation":0,"texture":"#0"}},"rotation":{"origin":[11.0,6.5,12.0],"angle":-22.5,"axis":"z"}}],"display":{"gui":{"rotation":[30,225,0]}}}