{"textures":{"0":"modelengine:entity/dreadhammer_guardian"},"elements":[{"from":[3.0,-8.0,-0.5],"to":[13.0,8.0,10.5],"faces":{"east":{"uv":[9.125,7.125,8.4375,8.125],"tintindex":0,"rotation":0,"texture":"#0"},"south":{"uv":[1.5,9.0,0.875,10.0],"tintindex":0,"rotation":0,"texture":"#0"},"north":{"uv":[8.4375,8.5,7.8125,9.5],"tintindex":0,"rotation":0,"texture":"#0"},"west":{"uv":[3.5625,8.25,2.875,9.25],"tintindex":0,"rotation":0,"texture":"#0"},"up":{"uv":[2.5,6.5,3.125,5.8125],"tintindex":0,"rotation":0,"texture":"#0"},"down":{"uv":[5.125,9.875,5.75,10.5625],"tintindex":0,"rotation":0,"texture":"#0"}}},{"from":[2.5,1.5,-1.5],"to":[16.5,6.5,11.5],"faces":{"east":{"uv":[10.25,4.3125,9.4375,4.625],"tintindex":0,"rotation":0,"texture":"#0"},"south":{"uv":[5.625,2.3125,4.75,2.625],"tintindex":0,"rotation":0,"texture":"#0"},"north":{"uv":[4.125,2.625,3.25,2.9375],"tintindex":0,"rotation":0,"texture":"#0"},"west":{"uv":[8.4375,2.0,7.625,2.3125],"tintindex":0,"rotation":0,"texture":"#0"},"up":{"uv":[7.9375,6.6875,8.8125,5.875],"tintindex":0,"rotation":0,"texture":"#0"},"down":{"uv":[2.0,8.25,2.875,9.0625],"tintindex":0,"rotation":0,"texture":"#0"}},"rotation":{"origin":[8.0,1.0,5.0],"angle":22.5,"axis":"z"}}],"display":{"gui":{"rotation":[30,225,0]}}}