{"textures":{"0":"modelengine:entity/dreadhammer_guardian"},"elements":[{"from":[6.0,-10.0,3.5],"to":[14.0,3.0,12.5],"faces":{"east":{"uv":[2.5625,9.8125,2.0,10.625],"tintindex":0,"rotation":0,"texture":"#0"},"south":{"uv":[10.1875,10.0625,9.6875,10.875],"tintindex":0,"rotation":0,"texture":"#0"},"north":{"uv":[7.25,9.5625,6.75,10.375],"tintindex":0,"rotation":0,"texture":"#0"},"west":{"uv":[0.5625,9.75,0.0,10.5625],"tintindex":0,"rotation":0,"texture":"#0"},"up":{"uv":[10.25,8.25,10.75,7.6875],"tintindex":0,"rotation":0,"texture":"#0"},"down":{"uv":[10.3125,5.0,10.8125,5.5625],"tintindex":0,"rotation":0,"texture":"#0"}}},{"from":[5.0,3.0,2.0],"to":[18.0,14.0,14.0],"faces":{"east":{"uv":[8.75,9.5,8.0,10.1875],"tintindex":0,"rotation":0,"texture":"#0"},"south":{"uv":[10.25,3.625,9.4375,4.3125],"tintindex":0,"rotation":0,"texture":"#0"},"north":{"uv":[10.25,1.25,9.4375,1.9375],"tintindex":0,"rotation":0,"texture":"#0"},"west":{"uv":[8.0,9.5,7.25,10.1875],"tintindex":0,"rotation":0,"texture":"#0"},"up":{"uv":[5.25,9.875,6.0625,9.125],"tintindex":0,"rotation":0,"texture":"#0"},"down":{"uv":[9.125,7.125,9.9375,7.875],"tintindex":0,"rotation":0,"texture":"#0"}}},{"from":[5.0,-1.0,1.0],"to":[19.0,7.0,15.0],"faces":{"east":{"uv":[5.125,9.875,4.25,10.375],"tintindex":0,"rotation":0,"texture":"#0"},"south":{"uv":[10.75,0.0,9.875,0.5],"tintindex":0,"rotation":0,"texture":"#0"},"north":{"uv":[10.5,6.375,9.625,6.875],"tintindex":0,"rotation":0,"texture":"#0"},"west":{"uv":[10.6875,8.625,9.8125,9.125],"tintindex":0,"rotation":0,"texture":"#0"},"up":{"uv":[6.4375,8.75,7.3125,7.875],"tintindex":0,"rotation":0,"texture":"#0"},"down":{"uv":[7.9375,5.0,8.8125,5.875],"tintindex":0,"rotation":0,"texture":"#0"}},"rotation":{"origin":[15.5,3.0,8.0],"angle":-22.5,"axis":"z"}},{"from":[9.158513,0.8695564,-3.0],"to":[23.158512,0.8695564,19.0],"faces":{"east":{"uv":[15.9375,15.9375,16.0,16.0],"tintindex":0,"rotation":0,"texture":"#0"},"south":{"uv":[15.9375,15.9375,16.0,16.0],"tintindex":0,"rotation":0,"texture":"#0"},"north":{"uv":[15.9375,15.9375,16.0,16.0],"tintindex":0,"rotation":0,"texture":"#0"},"west":{"uv":[15.9375,15.9375,16.0,16.0],"tintindex":0,"rotation":0,"texture":"#0"},"up":{"uv":[6.375,1.375,7.25,0.0],"tintindex":0,"rotation":0,"texture":"#0"},"down":{"uv":[6.375,0.0,7.25,1.375],"tintindex":0,"rotation":0,"texture":"#0"}},"rotation":{"origin":[15.658512,0.76955795,8.0],"angle":-45.0,"axis":"z"}}],"display":{"gui":{"rotation":[30,225,0]}}}