{"textures":{"0":"modelengine:entity/dreadhammer_guardian"},"elements":[{"from":[8.0,1.0,6.0],"to":[22.0,13.0,18.0],"faces":{"east":{"uv":[10.1875,0.5,9.4375,1.25],"tintindex":0,"rotation":0,"texture":"#0"},"south":{"uv":[0.875,9.0,0.0,9.75],"tintindex":0,"rotation":0,"texture":"#0"},"north":{"uv":[9.8125,8.625,8.9375,9.375],"tintindex":0,"rotation":0,"texture":"#0"},"west":{"uv":[9.6875,9.375,8.9375,10.125],"tintindex":0,"rotation":0,"texture":"#0"},"up":{"uv":[2.0,9.8125,2.875,9.0625],"tintindex":0,"rotation":0,"texture":"#0"},"down":{"uv":[4.375,9.125,5.25,9.875],"tintindex":0,"rotation":0,"texture":"#0"}},"rotation":{"origin":[13.5,1.5,13.0],"angle":22.5,"axis":"x"}},{"from":[-5.25,1.75,-5.25],"to":[21.25,23.25,19.25],"faces":{"east":{"uv":[3.25,1.3125,4.75,2.625],"tintindex":0,"rotation":0,"texture":"#0"},"south":{"uv":[3.25,0.0,4.875,1.3125],"tintindex":0,"rotation":0,"texture":"#0"},"north":{"uv":[0.0,3.25,1.625,4.5625],"tintindex":0,"rotation":0,"texture":"#0"},"west":{"uv":[1.625,4.5,3.125,5.8125],"tintindex":0,"rotation":0,"texture":"#0"},"up":{"uv":[3.25,1.5,1.625,0.0],"tintindex":0,"rotation":0,"texture":"#0"},"down":{"uv":[3.25,1.5,1.625,3.0],"tintindex":0,"rotation":0,"texture":"#0"}}},{"from":[-6.0,1.0,6.0],"to":[8.0,13.0,18.0],"faces":{"east":{"uv":[8.9375,9.375,9.6875,10.125],"tintindex":0,"rotation":0,"texture":"#0"},"south":{"uv":[0.0,9.0,0.875,9.75],"tintindex":0,"rotation":0,"texture":"#0"},"north":{"uv":[8.9375,8.625,9.8125,9.375],"tintindex":0,"rotation":0,"texture":"#0"},"west":{"uv":[9.4375,0.5,10.1875,1.25],"tintindex":0,"rotation":0,"texture":"#0"},"up":{"uv":[2.875,9.8125,2.0,9.0625],"tintindex":0,"rotation":0,"texture":"#0"},"down":{"uv":[5.25,9.125,4.375,9.875],"tintindex":0,"rotation":0,"texture":"#0"}},"rotation":{"origin":[2.5,1.5,13.0],"angle":22.5,"axis":"x"}},{"from":[-2.5,5.0,2.0],"to":[18.5,13.0,14.0],"faces":{"east":{"uv":[7.875,10.1875,8.625,10.6875],"tintindex":0,"rotation":0,"texture":"#0"},"south":{"uv":[8.9375,8.125,10.25,8.625],"tintindex":0,"rotation":0,"texture":"#0"},"north":{"uv":[8.5625,0.0,9.875,0.5],"tintindex":0,"rotation":0,"texture":"#0"},"west":{"uv":[10.1875,10.0625,10.9375,10.5625],"tintindex":0,"rotation":0,"texture":"#0"},"up":{"uv":[7.8125,7.875,6.5,7.125],"tintindex":0,"rotation":0,"texture":"#0"},"down":{"uv":[8.5625,0.0,7.25,0.75],"tintindex":0,"rotation":0,"texture":"#0"}}}],"display":{"gui":{"rotation":[30,225,0]}}}