{"textures":{"0":"modelengine:entity/dreadhammer_guardian"},"elements":[{"from":[3.5,7.5,5.5],"to":[12.5,12.5,10.5],"faces":{"east":{"uv":[10.125,1.9375,10.75,2.5625],"tintindex":0,"rotation":0,"texture":"#0"},"south":{"uv":[8.3125,1.375,9.4375,2.0],"tintindex":0,"rotation":0,"texture":"#0"},"north":{"uv":[8.3125,0.75,9.4375,1.375],"tintindex":0,"rotation":0,"texture":"#0"},"west":{"uv":[8.75,10.125,9.375,10.75],"tintindex":0,"rotation":0,"texture":"#0"},"up":{"uv":[9.4375,4.625,8.3125,4.0],"tintindex":0,"rotation":0,"texture":"#0"},"down":{"uv":[1.125,8.375,0.0,9.0],"tintindex":0,"rotation":0,"texture":"#0"}}},{"from":[13.5,21.0,4.75],"to":[13.5,23.0,6.25],"faces":{"east":{"uv":[0.0,6.5625,0.1875,6.8125],"tintindex":0,"rotation":0,"texture":"#0"},"south":{"uv":[15.9375,15.9375,16.0,16.0],"tintindex":0,"rotation":0,"texture":"#0"},"north":{"uv":[15.9375,15.9375,16.0,16.0],"tintindex":0,"rotation":0,"texture":"#0"},"west":{"uv":[0.1875,6.5625,0.0,6.8125],"tintindex":0,"rotation":0,"texture":"#0"},"up":{"uv":[15.9375,15.9375,16.0,16.0],"tintindex":0,"rotation":0,"texture":"#0"},"down":{"uv":[15.9375,15.9375,16.0,16.0],"tintindex":0,"rotation":0,"texture":"#0"}}},{"from":[2.5,21.0,9.75],"to":[2.5,23.0,11.25],"faces":{"east":{"uv":[0.0,6.5625,0.1875,6.8125],"tintindex":0,"rotation":0,"texture":"#0"},"south":{"uv":[15.9375,15.9375,16.0,16.0],"tintindex":0,"rotation":0,"texture":"#0"},"north":{"uv":[15.9375,15.9375,16.0,16.0],"tintindex":0,"rotation":0,"texture":"#0"},"west":{"uv":[0.1875,6.5625,0.0,6.8125],"tintindex":0,"rotation":0,"texture":"#0"},"up":{"uv":[15.9375,15.9375,16.0,16.0],"tintindex":0,"rotation":0,"texture":"#0"},"down":{"uv":[15.9375,15.9375,16.0,16.0],"tintindex":0,"rotation":0,"texture":"#0"}}},{"from":[13.5,21.0,9.75],"to":[13.5,23.0,11.25],"faces":{"east":{"uv":[0.0,6.5625,0.1875,6.8125],"tintindex":0,"rotation":0,"texture":"#0"},"south":{"uv":[15.9375,15.9375,16.0,16.0],"tintindex":0,"rotation":0,"texture":"#0"},"north":{"uv":[15.9375,15.9375,16.0,16.0],"tintindex":0,"rotation":0,"texture":"#0"},"west":{"uv":[0.1875,6.5625,0.0,6.8125],"tintindex":0,"rotation":0,"texture":"#0"},"up":{"uv":[15.9375,15.9375,16.0,16.0],"tintindex":0,"rotation":0,"texture":"#0"},"down":{"uv":[15.9375,15.9375,16.0,16.0],"tintindex":0,"rotation":0,"texture":"#0"}}},{"from":[1.0,13.0,3.0],"to":[7.0,17.5,7.0],"faces":{"east":{"uv":[7.125,10.375,6.625,10.9375],"tintindex":0,"rotation":0,"texture":"#0"},"south":{"uv":[1.3125,10.0,0.5625,10.5625],"tintindex":0,"rotation":0,"texture":"#0"},"north":{"uv":[10.6875,7.125,9.9375,7.6875],"tintindex":0,"rotation":0,"texture":"#0"},"west":{"uv":[4.75,10.375,4.25,10.9375],"tintindex":0,"rotation":0,"texture":"#0"},"up":{"uv":[10.25,1.625,11.0,1.125],"tintindex":0,"rotation":0,"texture":"#0"},"down":{"uv":[10.25,3.4375,11.0,3.9375],"tintindex":0,"rotation":0,"texture":"#0"}},"rotation":{"origin":[5.0,15.5,4.5],"angle":22.5,"axis":"z"}},{"from":[1.5,13.0,3.75],"to":[3.5,21.0,12.25],"faces":{"east":{"uv":[5.4375,6.875,6.5,7.875],"tintindex":0,"rotation":0,"texture":"#0"},"south":{"uv":[0.0,10.5625,0.25,11.5625],"tintindex":0,"rotation":0,"texture":"#0"},"north":{"uv":[4.75,10.375,5.0,11.375],"tintindex":0,"rotation":0,"texture":"#0"},"west":{"uv":[6.875,5.75,7.9375,6.75],"tintindex":0,"rotation":0,"texture":"#0"},"up":{"uv":[6.375,1.0625,6.125,0.0],"tintindex":0,"rotation":0,"texture":"#0"},"down":{"uv":[9.625,10.125,9.375,11.1875],"tintindex":0,"rotation":0,"texture":"#0"}}},{"from":[2.5,21.0,4.75],"to":[2.5,23.0,6.25],"faces":{"east":{"uv":[0.0,6.5625,0.1875,6.8125],"tintindex":0,"rotation":0,"texture":"#0"},"south":{"uv":[15.9375,15.9375,16.0,16.0],"tintindex":0,"rotation":0,"texture":"#0"},"north":{"uv":[15.9375,15.9375,16.0,16.0],"tintindex":0,"rotation":0,"texture":"#0"},"west":{"uv":[0.1875,6.5625,0.0,6.8125],"tintindex":0,"rotation":0,"texture":"#0"},"up":{"uv":[15.9375,15.9375,16.0,16.0],"tintindex":0,"rotation":0,"texture":"#0"},"down":{"uv":[15.9375,15.9375,16.0,16.0],"tintindex":0,"rotation":0,"texture":"#0"}}},{"from":[13.5,21.0,7.25],"to":[13.5,24.0,8.75],"faces":{"east":{"uv":[9.1875,3.625,9.375,4.0],"tintindex":0,"rotation":0,"texture":"#0"},"south":{"uv":[15.9375,15.9375,16.0,16.0],"tintindex":0,"rotation":0,"texture":"#0"},"north":{"uv":[15.9375,15.9375,16.0,16.0],"tintindex":0,"rotation":0,"texture":"#0"},"west":{"uv":[9.375,3.625,9.1875,4.0],"tintindex":0,"rotation":0,"texture":"#0"},"up":{"uv":[15.9375,15.9375,16.0,16.0],"tintindex":0,"rotation":0,"texture":"#0"},"down":{"uv":[15.9375,15.9375,16.0,16.0],"tintindex":0,"rotation":0,"texture":"#0"}}},{"from":[9.0,13.0,3.0],"to":[15.0,17.5,7.0],"faces":{"east":{"uv":[4.25,10.375,4.75,10.9375],"tintindex":0,"rotation":0,"texture":"#0"},"south":{"uv":[0.5625,10.0,1.3125,10.5625],"tintindex":0,"rotation":0,"texture":"#0"},"north":{"uv":[9.9375,7.125,10.6875,7.6875],"tintindex":0,"rotation":0,"texture":"#0"},"west":{"uv":[6.625,10.375,7.125,10.9375],"tintindex":0,"rotation":0,"texture":"#0"},"up":{"uv":[11.0,1.625,10.25,1.125],"tintindex":0,"rotation":0,"texture":"#0"},"down":{"uv":[11.0,3.4375,10.25,3.9375],"tintindex":0,"rotation":0,"texture":"#0"}},"rotation":{"origin":[11.0,15.5,4.5],"angle":-22.5,"axis":"z"}},{"from":[2.5,21.0,7.25],"to":[2.5,24.0,8.75],"faces":{"east":{"uv":[9.1875,3.625,9.375,4.0],"tintindex":0,"rotation":0,"texture":"#0"},"south":{"uv":[15.9375,15.9375,16.0,16.0],"tintindex":0,"rotation":0,"texture":"#0"},"north":{"uv":[15.9375,15.9375,16.0,16.0],"tintindex":0,"rotation":0,"texture":"#0"},"west":{"uv":[9.375,3.625,9.1875,4.0],"tintindex":0,"rotation":0,"texture":"#0"},"up":{"uv":[15.9375,15.9375,16.0,16.0],"tintindex":0,"rotation":0,"texture":"#0"},"down":{"uv":[15.9375,15.9375,16.0,16.0],"tintindex":0,"rotation":0,"texture":"#0"}}},{"from":[12.5,13.0,3.75],"to":[14.5,21.0,12.25],"faces":{"east":{"uv":[7.9375,5.75,6.875,6.75],"tintindex":0,"rotation":0,"texture":"#0"},"south":{"uv":[0.25,10.5625,0.0,11.5625],"tintindex":0,"rotation":0,"texture":"#0"},"north":{"uv":[5.0,10.375,4.75,11.375],"tintindex":0,"rotation":0,"texture":"#0"},"west":{"uv":[6.5,6.875,5.4375,7.875],"tintindex":0,"rotation":0,"texture":"#0"},"up":{"uv":[6.125,1.0625,6.375,0.0],"tintindex":0,"rotation":0,"texture":"#0"},"down":{"uv":[9.375,10.125,9.625,11.1875],"tintindex":0,"rotation":0,"texture":"#0"}}},{"from":[3.0,12.0,4.25],"to":[13.0,20.0,11.75],"faces":{"east":{"uv":[2.0,7.25,2.9375,8.25],"tintindex":0,"rotation":0,"texture":"#0"},"south":{"uv":[3.125,5.5,4.375,6.5],"tintindex":0,"rotation":0,"texture":"#0"},"north":{"uv":[4.75,4.875,6.0,5.875],"tintindex":0,"rotation":0,"texture":"#0"},"west":{"uv":[2.9375,7.25,3.875,8.25],"tintindex":0,"rotation":0,"texture":"#0"},"up":{"uv":[7.5,3.25,6.25,2.3125],"tintindex":0,"rotation":0,"texture":"#0"},"down":{"uv":[7.625,1.375,6.375,2.3125],"tintindex":0,"rotation":0,"texture":"#0"}}}],"display":{"gui":{"rotation":[30,225,0]}}}