{"textures":{"0":"modelengine:entity/kitsune_inferno"},"elements":[{"from":[18.23752,5.3859167,8.967341],"to":[18.23752,13.385918,16.967342],"faces":{"east":{"uv":[7.625,8.875,6.625,9.875],"tintindex":0,"rotation":0,"texture":"#0"},"west":{"uv":[6.625,8.875,7.625,9.875],"tintindex":0,"rotation":0,"texture":"#0"}},"rotation":{"origin":[8.9875,9.001322,22.208134],"angle":22.5,"axis":"y"}},{"from":[3.7867727,12.626778,3.670289],"to":[9.786773,20.626778,3.670289],"faces":{"south":{"uv":[10.0,7.625,9.25,8.625],"tintindex":0,"rotation":0,"texture":"#0"},"north":{"uv":[9.25,7.625,10.0,8.625],"tintindex":0,"rotation":0,"texture":"#0"}},"rotation":{"origin":[7.0125,9.001322,22.208134],"angle":22.5,"axis":"z"}},{"from":[12.475,15.625925,8.843996],"to":[12.475,21.625925,17.843998],"faces":{"east":{"uv":[2.25,9.0,1.125,9.75],"tintindex":0,"rotation":0,"texture":"#0"},"west":{"uv":[1.125,9.0,2.25,9.75],"tintindex":0,"rotation":0,"texture":"#0"}},"rotation":{"origin":[8.9875,9.001322,22.208134],"angle":-22.5,"axis":"x"}},{"from":[3.5,5.3859167,-0.35471058],"to":[12.5,13.385918,8.645289],"faces":{"east":{"uv":[6.75,7.75,7.875,8.75],"tintindex":0,"rotation":0,"texture":"#0"},"south":{"uv":[1.125,7.875,2.25,8.875],"tintindex":0,"rotation":0,"texture":"#0"},"north":{"uv":[5.5,7.75,6.625,8.75],"tintindex":0,"rotation":0,"texture":"#0"},"west":{"uv":[8.0,7.75,9.125,8.75],"tintindex":0,"rotation":0,"texture":"#0"},"up":{"uv":[4.125,8.0,3.0,6.875],"tintindex":0,"rotation":0,"texture":"#0"},"down":{"uv":[8.375,0.875,7.25,2.0],"tintindex":0,"rotation":0,"texture":"#0"}}},{"from":[4.7867727,12.626778,3.6452894],"to":[8.786773,17.626778,4.6452894],"faces":{"east":{"uv":[3.0,4.25,3.125,4.875],"tintindex":0,"rotation":0,"texture":"#0"},"south":{"uv":[1.875,10.875,2.375,11.5],"tintindex":0,"rotation":0,"texture":"#0"},"north":{"uv":[1.25,10.875,1.75,11.5],"tintindex":0,"rotation":0,"texture":"#0"},"west":{"uv":[1.375,4.75,1.5,5.375],"tintindex":0,"rotation":0,"texture":"#0"},"up":{"uv":[0.5,11.75,0.0,11.625],"tintindex":0,"rotation":0,"texture":"#0"},"down":{"uv":[12.125,0.0,11.625,0.125],"tintindex":0,"rotation":0,"texture":"#0"}},"rotation":{"origin":[7.0125,9.001322,22.208134],"angle":22.5,"axis":"z"}},{"from":[6.0,5.3859167,-5.3547106],"to":[10.0,6.3859167,-0.35471058],"faces":{"east":{"uv":[6.25,3.875,6.875,4.0],"tintindex":0,"rotation":0,"texture":"#0"},"south":{"uv":[11.5,11.375,12.0,11.5],"tintindex":0,"rotation":0,"texture":"#0"},"north":{"uv":[2.375,7.875,2.875,8.0],"tintindex":0,"rotation":0,"texture":"#0"},"west":{"uv":[11.5,6.125,12.125,6.25],"tintindex":0,"rotation":0,"texture":"#0"},"up":{"uv":[0.5,11.5,0.0,10.875],"tintindex":0,"rotation":0,"texture":"#0"},"down":{"uv":[1.125,10.875,0.625,11.5],"tintindex":0,"rotation":0,"texture":"#0"}}},{"from":[7.2132273,12.626778,3.6452894],"to":[11.213227,17.626778,4.6452894],"faces":{"east":{"uv":[1.5,4.75,1.375,5.375],"tintindex":0,"rotation":0,"texture":"#0"},"south":{"uv":[2.375,10.875,1.875,11.5],"tintindex":0,"rotation":0,"texture":"#0"},"north":{"uv":[1.75,10.875,1.25,11.5],"tintindex":0,"rotation":0,"texture":"#0"},"west":{"uv":[3.125,4.25,3.0,4.875],"tintindex":0,"rotation":0,"texture":"#0"},"up":{"uv":[0.0,11.75,0.5,11.625],"tintindex":0,"rotation":0,"texture":"#0"},"down":{"uv":[11.625,0.0,12.125,0.125],"tintindex":0,"rotation":0,"texture":"#0"}},"rotation":{"origin":[8.9875,9.001322,22.208134],"angle":-22.5,"axis":"z"}},{"from":[6.2132273,12.626778,3.670289],"to":[12.213227,20.626778,3.670289],"faces":{"south":{"uv":[9.25,7.625,10.0,8.625],"tintindex":0,"rotation":0,"texture":"#0"},"north":{"uv":[10.0,7.625,9.25,8.625],"tintindex":0,"rotation":0,"texture":"#0"}},"rotation":{"origin":[8.9875,9.001322,22.208134],"angle":-22.5,"axis":"z"}},{"from":[3.525,15.625925,8.843996],"to":[3.525,21.625925,17.843998],"faces":{"east":{"uv":[2.25,9.0,1.125,9.75],"tintindex":0,"rotation":0,"texture":"#0"},"west":{"uv":[1.125,9.0,2.25,9.75],"tintindex":0,"rotation":0,"texture":"#0"}},"rotation":{"origin":[7.0125,9.001322,22.208134],"angle":-22.5,"axis":"x"}},{"from":[6.0,6.3859167,-5.3547106],"to":[10.0,9.385918,-0.35471058],"faces":{"east":{"uv":[6.5,0.875,7.125,1.25],"tintindex":0,"rotation":0,"texture":"#0"},"south":{"uv":[11.375,7.0,11.875,7.375],"tintindex":0,"rotation":0,"texture":"#0"},"north":{"uv":[11.375,4.25,11.875,4.625],"tintindex":0,"rotation":0,"texture":"#0"},"west":{"uv":[9.0,3.25,9.625,3.625],"tintindex":0,"rotation":0,"texture":"#0"},"up":{"uv":[8.0,11.75,7.5,11.125],"tintindex":0,"rotation":0,"texture":"#0"},"down":{"uv":[8.625,11.125,8.125,11.75],"tintindex":0,"rotation":0,"texture":"#0"}}},{"from":[-2.2375202,5.3859167,8.967341],"to":[-2.2375202,13.385918,16.967342],"faces":{"east":{"uv":[7.625,8.875,6.625,9.875],"tintindex":0,"rotation":0,"texture":"#0"},"west":{"uv":[6.625,8.875,7.625,9.875],"tintindex":0,"rotation":0,"texture":"#0"}},"rotation":{"origin":[7.0125,9.001322,22.208134],"angle":-22.5,"axis":"y"}}],"display":{"gui":{"rotation":[30,225,0]}}}