{"textures":{"0":"modelengine:entity/kitsune_inferno"},"elements":[{"from":[6.5,0.060537815,11.325056],"to":[9.5,6.060538,15.325056],"faces":{"east":{"uv":[10.625,3.375,11.125,4.125],"tintindex":0,"rotation":0,"texture":"#0"},"south":{"uv":[8.75,11.125,9.125,11.875],"tintindex":0,"rotation":0,"texture":"#0"},"north":{"uv":[4.5,10.75,4.875,11.5],"tintindex":0,"rotation":0,"texture":"#0"},"west":{"uv":[10.625,8.625,11.125,9.375],"tintindex":0,"rotation":0,"texture":"#0"},"up":{"uv":[9.625,10.625,9.25,10.125],"tintindex":0,"rotation":0,"texture":"#0"},"down":{"uv":[11.75,6.375,11.375,6.875],"tintindex":0,"rotation":0,"texture":"#0"}},"rotation":{"origin":[13.487499,20.54412,16.547947],"angle":22.5,"axis":"x"}}],"display":{"gui":{"rotation":[30,225,0]}}}