{"textures":{"1":"modelengine:entity/boomerang_splash_lava"},"elements":[{"from":[4.0,8.0,4.0],"to":[12.0,31.0,4.0],"faces":{"south":{"uv":[0.0,0.0,2.0,5.75],"tintindex":0,"rotation":0,"texture":"#1"},"north":{"uv":[0.0,0.0,2.0,5.75],"tintindex":0,"rotation":0,"texture":"#1"}}},{"from":[12.0,8.0,4.0],"to":[12.0,31.0,12.0],"faces":{"east":{"uv":[0.0,0.0,2.0,5.75],"tintindex":0,"rotation":0,"texture":"#1"},"west":{"uv":[0.0,0.0,2.0,5.75],"tintindex":0,"rotation":0,"texture":"#1"}}},{"from":[4.0,8.0,4.0],"to":[4.0,31.0,12.0],"faces":{"east":{"uv":[0.0,0.0,2.0,5.75],"tintindex":0,"rotation":0,"texture":"#1"},"west":{"uv":[0.0,0.0,2.0,5.75],"tintindex":0,"rotation":0,"texture":"#1"}}},{"from":[4.0,8.0,12.0],"to":[12.0,31.0,12.0],"faces":{"south":{"uv":[0.0,0.0,2.0,5.75],"tintindex":0,"rotation":0,"texture":"#1"},"north":{"uv":[0.0,0.0,2.0,5.75],"tintindex":0,"rotation":0,"texture":"#1"}}}],"display":{"gui":{"rotation":[30,225,0]}}}