{"textures":{"0":"modelengine:entity/deathbloom"},"elements":[{"from":[15.013325,13.80987,4.5],"to":[15.013325,16.80987,11.5],"faces":{"east":{"uv":[6.75,4.0,8.5,4.75],"tintindex":0,"rotation":0,"texture":"#0"},"west":{"uv":[8.5,4.0,6.75,4.75],"tintindex":0,"rotation":0,"texture":"#0"}},"rotation":{"origin":[8.0,20.112553,8.0],"angle":22.5,"axis":"z"}},{"from":[8.0,7.987088,3.0],"to":[8.0,16.987087,13.0],"faces":{"east":{"uv":[0.0,0.0,2.5,2.25],"tintindex":0,"rotation":0,"texture":"#0"},"west":{"uv":[2.5,0.0,0.0,2.25],"tintindex":0,"rotation":0,"texture":"#0"}}},{"from":[4.5,9.719321,10.853554],"to":[11.5,18.719322,10.853554],"faces":{"south":{"uv":[2.75,0.0,4.5,2.25],"tintindex":0,"rotation":0,"texture":"#0"},"north":{"uv":[4.5,0.0,2.75,2.25],"tintindex":0,"rotation":0,"texture":"#0"}},"rotation":{"origin":[8.0,11.3657675,8.0],"angle":45.0,"axis":"x"}},{"from":[9.81116,27.3582,6.5],"to":[9.81116,30.3582,9.5],"faces":{"east":{"uv":[8.75,4.0,9.5,4.75],"tintindex":0,"rotation":0,"texture":"#0"},"west":{"uv":[9.5,4.0,8.75,4.75],"tintindex":0,"rotation":0,"texture":"#0"}},"rotation":{"origin":[8.0,27.04704,8.0],"angle":-45.0,"axis":"z"}},{"from":[2.2648373,25.327135,4.5],"to":[8.264837,25.327135,11.5],"faces":{"up":{"uv":[0.0,8.75,1.5,7.0],"tintindex":0,"rotation":0,"texture":"#0"},"down":{"uv":[0.0,7.0,1.5,8.75],"tintindex":0,"rotation":0,"texture":"#0"}},"rotation":{"origin":[8.0,20.112553,8.0],"angle":45.0,"axis":"z"}},{"from":[4.5,16.987087,4.5],"to":[11.5,23.987087,11.5],"faces":{"east":{"uv":[2.0,5.0,3.75,6.75],"tintindex":0,"rotation":0,"texture":"#0"},"south":{"uv":[1.75,5.0,0.0,6.75],"tintindex":0,"rotation":0,"texture":"#0"},"north":{"uv":[0.0,5.0,1.75,6.75],"tintindex":0,"rotation":0,"texture":"#0"},"west":{"uv":[6.0,5.0,7.75,6.75],"tintindex":0,"rotation":0,"texture":"#0"},"up":{"uv":[8.5,1.75,6.75,0.0],"tintindex":0,"rotation":0,"texture":"#0"},"down":{"uv":[8.5,0.0,6.75,1.75],"tintindex":0,"rotation":0,"texture":"#0"}}},{"from":[0.98667574,13.80987,4.5],"to":[0.98667574,16.80987,11.5],"faces":{"east":{"uv":[6.75,4.0,8.5,4.75],"tintindex":0,"rotation":0,"texture":"#0"},"west":{"uv":[8.5,4.0,6.75,4.75],"tintindex":0,"rotation":0,"texture":"#0"}},"rotation":{"origin":[8.0,20.112553,8.0],"angle":-22.5,"axis":"z"}},{"from":[5.1464467,9.719321,4.5],"to":[5.1464467,18.719322,11.5],"faces":{"east":{"uv":[2.75,0.0,4.5,2.25],"tintindex":0,"rotation":0,"texture":"#0"},"west":{"uv":[4.5,0.0,2.75,2.25],"tintindex":0,"rotation":0,"texture":"#0"}},"rotation":{"origin":[8.0,11.3657675,8.0],"angle":45.0,"axis":"z"}},{"from":[4.5,9.719321,5.1464467],"to":[11.5,18.719322,5.1464467],"faces":{"south":{"uv":[2.75,0.0,4.5,2.25],"tintindex":0,"rotation":0,"texture":"#0"},"north":{"uv":[4.5,0.0,2.75,2.25],"tintindex":0,"rotation":0,"texture":"#0"}},"rotation":{"origin":[8.0,11.3657675,8.0],"angle":-45.0,"axis":"x"}},{"from":[4.5,13.80987,0.98667574],"to":[11.5,16.80987,0.98667574],"faces":{"south":{"uv":[6.75,4.0,8.5,4.75],"tintindex":0,"rotation":0,"texture":"#0"},"north":{"uv":[8.5,4.0,6.75,4.75],"tintindex":0,"rotation":0,"texture":"#0"}},"rotation":{"origin":[8.0,20.112553,8.0],"angle":22.5,"axis":"x"}},{"from":[4.5,25.327135,7.7351627],"to":[11.5,25.327135,13.735163],"faces":{"up":{"uv":[1.5,8.75,0.0,7.0],"tintindex":0,"rotation":90,"texture":"#0"},"down":{"uv":[1.5,7.0,0.0,8.75],"tintindex":0,"rotation":270,"texture":"#0"}},"rotation":{"origin":[8.0,20.112553,8.0],"angle":45.0,"axis":"x"}},{"from":[4.5,25.327135,2.2648373],"to":[11.5,25.327135,8.264837],"faces":{"up":{"uv":[0.0,8.75,1.5,7.0],"tintindex":0,"rotation":90,"texture":"#0"},"down":{"uv":[0.0,7.0,1.5,8.75],"tintindex":0,"rotation":270,"texture":"#0"}},"rotation":{"origin":[8.0,20.112553,8.0],"angle":-45.0,"axis":"x"}},{"from":[4.5,13.80987,15.013325],"to":[11.5,16.80987,15.013325],"faces":{"south":{"uv":[6.75,4.0,8.5,4.75],"tintindex":0,"rotation":0,"texture":"#0"},"north":{"uv":[8.5,4.0,6.75,4.75],"tintindex":0,"rotation":0,"texture":"#0"}},"rotation":{"origin":[8.0,20.112553,8.0],"angle":-22.5,"axis":"x"}},{"from":[6.18884,27.3582,6.5],"to":[6.18884,30.3582,9.5],"faces":{"east":{"uv":[8.75,4.0,9.5,4.75],"tintindex":0,"rotation":0,"texture":"#0"},"west":{"uv":[9.5,4.0,8.75,4.75],"tintindex":0,"rotation":0,"texture":"#0"}},"rotation":{"origin":[8.0,27.04704,8.0],"angle":45.0,"axis":"z"}},{"from":[6.5,27.3582,6.18884],"to":[9.5,30.3582,6.18884],"faces":{"south":{"uv":[9.5,4.0,8.75,4.75],"tintindex":0,"rotation":0,"texture":"#0"},"north":{"uv":[8.75,4.0,9.5,4.75],"tintindex":0,"rotation":0,"texture":"#0"}},"rotation":{"origin":[8.0,27.04704,8.0],"angle":-45.0,"axis":"x"}},{"from":[6.5,23.987087,6.5],"to":[9.5,25.987087,9.5],"faces":{"east":{"uv":[4.0,9.0,4.75,9.5],"tintindex":0,"rotation":0,"texture":"#0"},"south":{"uv":[5.0,9.0,5.75,9.5],"tintindex":0,"rotation":0,"texture":"#0"},"north":{"uv":[3.0,9.0,3.75,9.5],"tintindex":0,"rotation":0,"texture":"#0"},"west":{"uv":[6.0,9.0,6.75,9.5],"tintindex":0,"rotation":0,"texture":"#0"},"up":{"uv":[7.75,8.75,7.0,8.0],"tintindex":0,"rotation":0,"texture":"#0"},"down":{"uv":[8.75,8.0,8.0,8.75],"tintindex":0,"rotation":0,"texture":"#0"}}},{"from":[7.7351627,25.327135,4.5],"to":[13.735163,25.327135,11.5],"faces":{"up":{"uv":[1.5,8.75,0.0,7.0],"tintindex":0,"rotation":0,"texture":"#0"},"down":{"uv":[1.5,7.0,0.0,8.75],"tintindex":0,"rotation":0,"texture":"#0"}},"rotation":{"origin":[8.0,20.112553,8.0],"angle":-45.0,"axis":"z"}},{"from":[10.853554,9.719321,4.5],"to":[10.853554,18.719322,11.5],"faces":{"east":{"uv":[2.75,0.0,4.5,2.25],"tintindex":0,"rotation":0,"texture":"#0"},"west":{"uv":[4.5,0.0,2.75,2.25],"tintindex":0,"rotation":0,"texture":"#0"}},"rotation":{"origin":[8.0,11.3657675,8.0],"angle":-45.0,"axis":"z"}},{"from":[3.0,7.987088,8.0],"to":[13.0,16.987087,8.0],"faces":{"south":{"uv":[2.5,0.0,0.0,2.25],"tintindex":0,"rotation":0,"texture":"#0"},"north":{"uv":[0.0,0.0,2.5,2.25],"tintindex":0,"rotation":0,"texture":"#0"}}},{"from":[6.5,27.3582,9.81116],"to":[9.5,30.3582,9.81116],"faces":{"south":{"uv":[9.5,4.0,8.75,4.75],"tintindex":0,"rotation":0,"texture":"#0"},"north":{"uv":[8.75,4.0,9.5,4.75],"tintindex":0,"rotation":0,"texture":"#0"}},"rotation":{"origin":[8.0,27.04704,8.0],"angle":45.0,"axis":"x"}}],"display":{"gui":{"rotation":[30,225,0]}}}